Date,Open,High,Low,Close,Adj Close,Volume,ticker
1972-06-01,0.0,21.125,20.75,20.875,1.2031316757202148,42000,ETR
1972-06-02,20.875,21.125,20.75,21.0,1.2103351354599,17600,ETR
1972-06-05,21.0,21.25,20.875,20.875,1.2031316757202148,13200,ETR
1972-06-06,20.75,20.75,20.5,20.625,1.204006552696228,15700,ETR
1972-06-07,20.625,20.75,20.625,20.625,1.204006552696228,5000,ETR
1972-06-08,20.625,20.875,20.375,20.375,1.1894125938415527,32900,ETR
1972-06-09,20.375,20.5,20.25,20.25,1.1821155548095703,18500,ETR
1972-06-12,20.25,20.625,20.25,20.5,1.1967096328735352,10600,ETR
1972-06-13,20.5,20.5,20.0,20.25,1.1821155548095703,38400,ETR
1972-06-14,20.125,20.125,19.75,19.75,1.1529271602630615,126800,ETR
1972-06-15,19.75,19.875,19.75,19.875,1.1602246761322021,14100,ETR
1972-06-16,19.875,19.875,19.625,19.875,1.1602246761322021,9000,ETR
1972-06-19,19.875,20.0,19.75,19.875,1.1602246761322021,8500,ETR
1972-06-20,19.875,19.875,19.625,19.625,1.1456314325332642,40600,ETR
1972-06-21,19.625,19.875,19.375,19.375,1.1310371160507202,57000,ETR
1972-06-22,19.375,19.625,19.375,19.625,1.1456314325332642,23700,ETR
1972-06-23,19.625,19.625,19.375,19.625,1.1456314325332642,53000,ETR
1972-06-26,19.625,19.75,19.375,19.5,1.1383335590362549,14400,ETR
1972-06-27,19.5,19.5,19.375,19.5,1.1383335590362549,14200,ETR
1972-06-28,19.5,19.875,19.375,19.875,1.1602246761322021,21000,ETR
1972-06-29,19.875,20.0,19.625,19.875,1.1602246761322021,13300,ETR
1972-06-30,19.875,20.375,19.875,20.25,1.1821155548095703,47100,ETR
1972-07-03,20.25,20.5,20.0,20.25,1.1821155548095703,7300,ETR
1972-07-05,20.5,21.0,20.5,20.875,1.2186007499694824,22400,ETR
1972-07-06,20.875,21.375,20.875,21.375,1.2477887868881226,15300,ETR
1972-07-07,21.375,21.625,21.25,21.625,1.2623833417892456,23900,ETR
1972-07-10,21.625,21.875,21.375,21.75,1.2696797847747803,25600,ETR
1972-07-11,21.5,21.5,21.125,21.125,1.2331949472427368,14400,ETR
1972-07-12,21.125,21.625,21.125,21.375,1.2477887868881226,4800,ETR
1972-07-13,21.375,21.625,21.125,21.125,1.2331949472427368,6000,ETR
1972-07-14,21.125,21.5,21.0,21.25,1.2404919862747192,10600,ETR
1972-07-17,21.25,21.375,21.0,21.125,1.2331949472427368,12300,ETR
1972-07-18,20.875,20.875,20.625,20.625,1.204006552696228,4400,ETR
1972-07-19,20.625,20.75,20.5,20.5,1.1967096328735352,9300,ETR
1972-07-20,20.5,20.75,20.5,20.625,1.204006552696228,7500,ETR
1972-07-21,20.625,20.875,20.5,20.875,1.2186007499694824,5500,ETR
1972-07-24,20.875,21.0,20.625,20.875,1.2186007499694824,12600,ETR
1972-07-25,20.875,21.125,20.5,20.75,1.211303472518921,67600,ETR
1972-07-26,20.75,21.0,20.625,20.625,1.204006552696228,13800,ETR
1972-07-27,20.625,20.75,20.375,20.375,1.1894125938415527,9900,ETR
1972-07-28,20.625,20.75,20.625,20.625,1.204006552696228,14300,ETR
1972-07-31,20.625,20.625,20.25,20.375,1.1894125938415527,2800,ETR
1972-08-01,20.375,20.375,20.25,20.375,1.1894125938415527,9000,ETR
1972-08-02,20.375,20.75,20.25,20.25,1.1821155548095703,32100,ETR
1972-08-03,20.25,20.375,20.0,20.0,1.1675212383270264,10700,ETR
1972-08-04,20.0,20.125,20.0,20.0,1.1675212383270264,10500,ETR
1972-08-07,20.0,20.125,19.625,19.625,1.1456314325332642,87100,ETR
1972-08-08,19.625,19.75,19.5,19.75,1.1529271602630615,40600,ETR
1972-08-09,19.75,19.875,19.5,19.625,1.1456314325332642,17100,ETR
1972-08-10,19.625,19.75,19.375,19.625,1.1456314325332642,17200,ETR
1972-08-11,19.625,19.875,19.625,19.75,1.1529271602630615,19600,ETR
1972-08-14,19.75,19.875,19.625,19.875,1.1602246761322021,11200,ETR
1972-08-15,19.875,20.0,19.875,19.875,1.1602246761322021,25100,ETR
1972-08-16,19.875,20.0,19.875,20.0,1.1675212383270264,37800,ETR
1972-08-17,20.0,20.25,20.0,20.125,1.174818992614746,17500,ETR
1972-08-18,20.125,20.875,20.125,20.75,1.211303472518921,51800,ETR
1972-08-21,21.0,21.375,21.0,21.25,1.2404919862747192,12800,ETR
1972-08-22,21.375,21.875,21.375,21.625,1.2623833417892456,40400,ETR
1972-08-23,21.75,22.0,21.75,21.75,1.2696797847747803,17600,ETR
1972-08-24,21.875,22.75,21.875,22.5,1.313461422920227,64400,ETR
1972-08-25,22.5,22.75,22.25,22.375,1.306165337562561,18500,ETR
1972-08-28,22.375,22.625,22.25,22.5,1.313461422920227,28300,ETR
1972-08-29,22.5,22.5,22.375,22.5,1.313461422920227,7700,ETR
1972-08-30,22.625,22.875,22.625,22.75,1.3280558586120605,19500,ETR
1972-08-31,22.75,22.75,22.375,22.375,1.306165337562561,12100,ETR
1972-09-01,22.375,22.5,22.125,22.375,1.306165337562561,6600,ETR
1972-09-05,22.375,22.375,22.0,22.0,1.2842742204666138,19800,ETR
1972-09-06,22.0,22.375,22.0,22.125,1.2915712594985962,8200,ETR
1972-09-07,22.125,22.125,22.0,22.0,1.2842742204666138,12700,ETR
1972-09-08,22.0,22.0,21.75,22.0,1.2999323606491089,9400,ETR
1972-09-11,22.0,22.0,21.5,21.5,1.2703880071640015,19600,ETR
1972-09-12,21.5,22.0,21.5,21.875,1.2925467491149902,15900,ETR
1972-09-13,21.875,22.125,21.875,22.0,1.2999323606491089,32500,ETR
1972-09-14,22.0,22.25,22.0,22.125,1.3073188066482544,3600,ETR
1972-09-15,22.125,22.25,22.0,22.25,1.314704179763794,6400,ETR
1972-09-18,22.25,22.25,22.125,22.125,1.3073188066482544,13000,ETR
1972-09-19,22.125,22.25,21.875,21.875,1.2925467491149902,8100,ETR
1972-09-20,21.875,22.125,21.875,22.0,1.2999323606491089,2400,ETR
1972-09-21,22.0,22.125,21.625,21.625,1.2777751684188843,8600,ETR
1972-09-22,21.625,21.875,21.5,21.5,1.2703880071640015,10200,ETR
1972-09-25,21.5,21.625,21.375,21.5,1.2703880071640015,11800,ETR
1972-09-26,21.5,21.625,21.25,21.375,1.2630022764205933,122300,ETR
1972-09-27,21.375,22.0,21.375,21.875,1.2925467491149902,9600,ETR
1972-09-28,21.875,22.125,21.875,22.0,1.2999323606491089,8700,ETR
1972-09-29,22.125,22.5,22.125,22.125,1.3073188066482544,22700,ETR
1972-10-02,22.125,22.25,21.875,21.875,1.2925467491149902,6700,ETR
1972-10-03,22.0,22.25,22.0,22.0,1.2999323606491089,17800,ETR
1972-10-04,22.125,22.375,22.125,22.375,1.322089672088623,25800,ETR
1972-10-05,22.375,22.5,22.125,22.125,1.3073188066482544,15500,ETR
1972-10-06,22.125,22.625,22.125,22.5,1.3294771909713745,22300,ETR
1972-10-09,22.625,22.875,22.625,22.75,1.3442479372024536,6900,ETR
1972-10-10,22.75,22.875,22.625,22.75,1.3442479372024536,5400,ETR
1972-10-11,22.75,22.75,22.625,22.625,1.3368622064590454,2900,ETR
1972-10-12,22.625,22.875,22.5,22.75,1.3442479372024536,11900,ETR
1972-10-13,22.75,22.75,22.5,22.625,1.3368622064590454,10200,ETR
1972-10-16,22.625,23.0,22.5,22.75,1.3442479372024536,60700,ETR
1972-10-17,22.75,23.0,22.75,22.75,1.3442479372024536,32600,ETR
1972-10-18,22.875,23.125,22.875,23.0,1.3590199947357178,27800,ETR
1972-10-19,23.0,23.375,23.0,23.25,1.3737919330596924,11400,ETR
1972-10-20,23.25,23.375,23.25,23.25,1.3737919330596924,6000,ETR
1972-10-23,23.375,23.75,23.375,23.75,1.4033359289169312,10300,ETR
1972-10-24,23.75,23.75,23.5,23.75,1.4033359289169312,11200,ETR
1972-10-25,23.75,23.875,23.625,23.625,1.3959494829177856,11800,ETR
1972-10-26,23.625,24.375,23.5,24.0,1.4181076288223267,37200,ETR
1972-10-27,24.0,24.75,24.0,24.75,1.4624239206314087,17700,ETR
1972-10-30,24.75,24.75,24.5,24.75,1.4624239206314087,17300,ETR
1972-10-31,24.75,25.125,24.625,25.125,1.484582543373108,35000,ETR
1972-11-01,25.25,25.625,25.25,25.5,1.5067400932312012,27700,ETR
1972-11-02,25.5,25.625,25.125,25.125,1.484582543373108,36700,ETR
1972-11-03,25.125,26.375,25.0,26.25,1.551055908203125,44700,ETR
1972-11-06,26.375,26.625,26.375,26.375,1.5584415197372437,36000,ETR
1972-11-08,26.375,26.5,26.125,26.5,1.5658273696899414,17800,ETR
1972-11-09,26.5,27.0,26.5,27.0,1.5953713655471802,28800,ETR
1972-11-10,27.0,27.125,26.875,27.0,1.5953713655471802,31900,ETR
1972-11-13,27.0,27.125,27.0,27.0,1.5953713655471802,29900,ETR
1972-11-14,27.0,27.0,26.75,26.875,1.5879850387573242,8000,ETR
1972-11-15,26.875,27.25,26.875,26.875,1.5879850387573242,28500,ETR
1972-11-16,26.875,27.25,26.75,26.75,1.5805987119674683,10800,ETR
1972-11-17,26.75,27.875,26.625,27.875,1.6470732688903809,12100,ETR
1972-11-20,28.0,28.5,28.0,28.125,1.661845088005066,15700,ETR
1972-11-21,28.125,28.125,27.625,27.625,1.6323020458221436,19000,ETR
1972-11-22,27.625,27.875,27.5,27.875,1.6470732688903809,80200,ETR
1972-11-24,28.0,28.75,28.0,28.75,1.6987746953964233,26900,ETR
1972-11-27,28.5,28.5,28.0,28.0,1.6544592380523682,18700,ETR
1972-11-28,28.0,28.125,27.75,27.875,1.6470732688903809,25700,ETR
1972-11-29,27.875,27.875,27.375,27.375,1.6175297498703003,12800,ETR
1972-11-30,27.375,27.625,27.25,27.375,1.6175297498703003,10100,ETR
1972-12-01,27.5,28.125,27.5,28.0,1.6544592380523682,26900,ETR
1972-12-04,28.0,28.0,27.875,27.875,1.6470732688903809,12100,ETR
1972-12-05,27.875,28.0,27.625,27.625,1.6323020458221436,17900,ETR
1972-12-06,27.625,27.75,27.0,27.0,1.5953713655471802,6600,ETR
1972-12-07,27.0,27.0,26.625,26.875,1.5879850387573242,4400,ETR
1972-12-08,26.75,26.75,26.25,26.375,1.5745524168014526,9700,ETR
1972-12-11,26.375,26.375,26.0,26.0,1.5521655082702637,7400,ETR
1972-12-12,26.0,26.375,25.625,26.0,1.5521655082702637,8100,ETR
1972-12-13,26.0,26.5,26.0,26.5,1.5820146799087524,12700,ETR
1972-12-14,26.5,26.75,26.375,26.5,1.5820146799087524,11100,ETR
1972-12-15,26.5,26.875,26.375,26.625,1.5894778966903687,6100,ETR
1972-12-18,26.625,26.75,26.625,26.625,1.5894778966903687,26600,ETR
1972-12-19,26.625,26.875,26.625,26.625,1.5894778966903687,21200,ETR
1972-12-20,26.625,26.75,26.625,26.625,1.5894778966903687,3500,ETR
1972-12-21,26.75,27.0,26.75,26.75,1.5969394445419312,37100,ETR
1972-12-22,26.75,27.0,26.75,27.0,1.6118654012680054,9200,ETR
1972-12-26,27.0,27.0,26.75,26.875,1.6044033765792847,3800,ETR
1972-12-27,26.75,26.75,26.625,26.625,1.5894778966903687,4100,ETR
1972-12-29,26.625,27.0,26.625,26.75,1.5969394445419312,28400,ETR
1973-01-02,26.75,27.0,26.75,26.75,1.5969394445419312,14400,ETR
1973-01-03,26.75,27.0,26.75,27.0,1.6118654012680054,53700,ETR
1973-01-04,27.0,27.0,26.875,26.875,1.6044033765792847,4800,ETR
1973-01-05,27.0,27.25,27.0,27.0,1.6118654012680054,105300,ETR
1973-01-08,27.0,27.0,26.75,26.875,1.6044033765792847,38700,ETR
1973-01-09,26.875,27.0,26.75,26.875,1.6044033765792847,15100,ETR
1973-01-10,26.875,27.125,26.75,26.75,1.5969394445419312,10700,ETR
1973-01-11,27.0,27.5,27.0,27.125,1.6193270683288574,10800,ETR
1973-01-12,27.125,27.125,26.875,26.875,1.6044033765792847,40300,ETR
1973-01-15,26.875,27.25,26.375,26.5,1.5820146799087524,12200,ETR
1973-01-16,26.375,26.375,25.75,26.0,1.5521655082702637,161100,ETR
1973-01-17,26.0,26.0,25.75,25.875,1.5447057485580444,7400,ETR
1973-01-18,25.875,25.875,25.375,25.375,1.514854907989502,14200,ETR
1973-01-19,25.375,25.375,24.125,24.125,1.440231442451477,36300,ETR
1973-01-22,24.0,24.0,23.75,24.0,1.4327677488327026,7100,ETR
1973-01-23,24.0,24.125,23.5,23.5,1.4029184579849243,30500,ETR
1973-01-24,23.5,23.75,23.0,23.0,1.3730698823928833,11200,ETR
1973-01-26,23.0,23.25,22.625,23.25,1.3879947662353516,22500,ETR
1973-01-29,23.25,23.25,23.0,23.25,1.3879947662353516,7500,ETR
1973-01-30,23.25,23.75,23.125,23.75,1.4178434610366821,9400,ETR
1973-01-31,23.75,23.75,23.625,23.75,1.4178434610366821,14900,ETR
1973-02-01,23.75,24.25,23.625,24.125,1.440231442451477,105500,ETR
1973-02-02,24.125,24.25,24.0,24.125,1.440231442451477,13500,ETR
1973-02-05,24.25,24.625,24.25,24.5,1.462618350982666,9200,ETR
1973-02-06,24.5,24.625,24.375,24.5,1.462618350982666,9100,ETR
1973-02-07,24.625,25.75,24.625,25.125,1.4999295473098755,23600,ETR
1973-02-08,25.0,25.0,24.5,24.625,1.470080852508545,40300,ETR
1973-02-09,24.625,24.875,24.25,24.25,1.4476934671401978,28000,ETR
1973-02-12,24.25,24.375,24.0,24.0,1.4327677488327026,13200,ETR
1973-02-13,24.0,24.375,23.875,24.0,1.4327677488327026,16100,ETR
1973-02-14,24.0,24.25,23.875,24.125,1.440231442451477,11600,ETR
1973-02-15,24.125,24.5,24.125,24.25,1.4476934671401978,18100,ETR
1973-02-16,24.25,24.5,24.125,24.375,1.4551563262939453,8700,ETR
1973-02-20,24.375,24.5,24.125,24.125,1.440231442451477,54300,ETR
1973-02-21,24.125,24.375,24.0,24.0,1.4327677488327026,12100,ETR
1973-02-22,24.0,24.0,23.875,24.0,1.4327677488327026,9100,ETR
1973-02-23,23.875,23.875,23.625,23.625,1.4103811979293823,9900,ETR
1973-02-26,23.625,23.75,23.375,23.75,1.4178434610366821,8300,ETR
1973-02-27,23.75,23.75,23.5,23.5,1.4029184579849243,5100,ETR
1973-02-28,23.5,23.75,23.5,23.625,1.4103811979293823,22600,ETR
1973-03-01,23.625,23.75,23.5,23.625,1.4103811979293823,13400,ETR
1973-03-02,23.5,23.5,23.125,23.125,1.38053297996521,13600,ETR
1973-03-05,23.125,23.375,23.125,23.125,1.38053297996521,5400,ETR
1973-03-06,23.125,23.125,22.875,22.875,1.3820422887802124,6500,ETR
1973-03-07,22.875,23.125,22.75,22.75,1.37449049949646,23800,ETR
1973-03-08,22.75,22.75,22.375,22.375,1.3518335819244385,61400,ETR
1973-03-09,22.375,22.5,22.25,22.5,1.3593862056732178,7800,ETR
1973-03-12,22.5,22.625,22.375,22.375,1.3518335819244385,3200,ETR
1973-03-13,22.375,22.5,22.25,22.375,1.3518335819244385,3000,ETR
1973-03-14,22.375,22.375,22.25,22.25,1.3442820310592651,1800,ETR
1973-03-15,22.25,22.375,22.25,22.25,1.3442820310592651,19400,ETR
1973-03-16,22.25,22.375,22.25,22.25,1.3442820310592651,8000,ETR
1973-03-19,22.25,22.25,22.25,22.25,1.3442820310592651,11000,ETR
1973-03-20,22.25,22.25,22.25,22.25,1.3442820310592651,8700,ETR
1973-03-21,22.25,22.25,20.25,21.125,1.2763123512268066,134400,ETR
1973-03-22,21.125,21.25,20.75,20.875,1.2612087726593018,36300,ETR
1973-03-23,20.875,21.125,20.75,20.875,1.2612087726593018,29400,ETR
1973-03-26,20.875,21.125,20.75,20.75,1.253656029701233,20300,ETR
1973-03-27,21.0,21.5,21.0,21.375,1.291417121887207,36400,ETR
1973-03-28,21.375,21.5,21.25,21.375,1.291417121887207,6900,ETR
1973-03-29,21.375,21.625,21.25,21.625,1.3065217733383179,28100,ETR
1973-03-30,21.625,21.625,21.5,21.5,1.29896879196167,4700,ETR
1973-04-02,21.625,21.75,21.625,21.625,1.3065217733383179,9300,ETR
1973-04-03,21.625,21.75,21.5,21.5,1.29896879196167,23200,ETR
1973-04-04,21.5,21.625,21.375,21.625,1.3065217733383179,29700,ETR
1973-04-05,21.625,21.625,21.5,21.5,1.29896879196167,43700,ETR
1973-04-06,21.5,21.625,21.5,21.5,1.29896879196167,6800,ETR
1973-04-09,21.625,22.0,21.625,22.0,1.3291778564453125,33900,ETR
1973-04-10,22.0,22.125,21.875,22.0,1.3291778564453125,46600,ETR
1973-04-11,22.0,22.0,21.875,21.875,1.3216259479522705,8400,ETR
1973-04-12,21.875,22.0,21.875,22.0,1.3291778564453125,10700,ETR
1973-04-13,22.0,22.125,21.875,22.125,1.3367295265197754,30700,ETR
1973-04-16,22.125,22.375,22.0,22.0,1.3291778564453125,20500,ETR
1973-04-17,22.0,22.25,22.0,22.25,1.3442820310592651,5400,ETR
1973-04-18,22.25,22.25,21.875,22.0,1.3291778564453125,20500,ETR
1973-04-19,22.0,22.0,21.75,22.0,1.3291778564453125,10800,ETR
1973-04-23,22.0,22.25,21.875,22.0,1.3291778564453125,55200,ETR
1973-04-24,22.0,22.125,21.875,22.0,1.3291778564453125,6600,ETR
1973-04-25,22.0,22.125,22.0,22.0,1.3291778564453125,16700,ETR
1973-04-26,22.0,22.125,22.0,22.0,1.3291778564453125,20200,ETR
1973-04-27,22.0,22.25,21.75,21.75,1.3140740394592285,45900,ETR
1973-04-30,21.75,21.875,21.5,21.75,1.3140740394592285,25000,ETR
1973-05-01,21.75,21.875,21.625,21.625,1.3065217733383179,7300,ETR
1973-05-02,21.75,22.375,21.75,22.375,1.3518335819244385,22000,ETR
1973-05-03,22.375,22.625,22.25,22.625,1.3669379949569702,21400,ETR
1973-05-04,22.625,23.625,22.625,23.5,1.4198029041290283,46700,ETR
1973-05-07,23.5,23.75,23.375,23.375,1.4122508764266968,11500,ETR
1973-05-08,23.375,23.875,23.375,23.75,1.4349075555801392,6500,ETR
1973-05-09,23.75,24.375,23.75,24.125,1.4575639963150024,23400,ETR
1973-05-10,24.25,24.375,24.25,24.375,1.4726691246032715,4900,ETR
1973-05-11,24.25,24.25,24.0,24.0,1.450011968612671,17500,ETR
1973-05-14,24.0,24.125,23.75,24.0,1.450011968612671,12400,ETR
1973-05-15,24.0,24.25,23.875,24.125,1.4575639963150024,29400,ETR
1973-05-16,24.125,24.25,23.75,24.25,1.465116262435913,12300,ETR
1973-05-17,24.25,24.375,23.875,23.875,1.442460060119629,43100,ETR
1973-05-18,23.875,24.0,23.75,23.875,1.442460060119629,8100,ETR
1973-05-21,23.75,23.75,23.625,23.625,1.4273556470870972,1700,ETR
1973-05-22,23.625,23.875,23.625,23.625,1.4273556470870972,19200,ETR
1973-05-23,23.75,24.25,23.75,24.0,1.450011968612671,35300,ETR
1973-05-24,24.0,24.125,24.0,24.0,1.450011968612671,15500,ETR
1973-05-25,24.0,24.0,23.875,24.0,1.450011968612671,11900,ETR
1973-05-29,24.0,24.0,23.75,23.875,1.442460060119629,5100,ETR
1973-05-30,24.0,24.25,24.0,24.0,1.450011968612671,12800,ETR
1973-05-31,24.0,24.25,23.875,24.25,1.465116262435913,13500,ETR
1973-06-01,24.0,24.0,23.875,24.0,1.450011968612671,12500,ETR
1973-06-04,24.0,24.0,23.875,24.0,1.450011968612671,14000,ETR
1973-06-05,24.0,24.0,23.75,24.0,1.450011968612671,12000,ETR
1973-06-06,23.625,23.875,23.625,23.875,1.459179162979126,4000,ETR
1973-06-07,23.875,23.875,23.625,23.625,1.443900465965271,11400,ETR
1973-06-08,23.625,23.875,23.625,23.75,1.4515397548675537,17100,ETR
1973-06-11,23.75,24.0,23.75,23.875,1.459179162979126,11000,ETR
1973-06-12,23.875,24.125,23.875,24.0,1.466819405555725,70300,ETR
1973-06-13,24.0,24.125,23.75,23.875,1.459179162979126,5600,ETR
1973-06-14,23.875,23.875,23.75,23.875,1.459179162979126,5500,ETR
1973-06-15,23.875,24.0,23.75,23.875,1.459179162979126,5800,ETR
1973-06-18,23.875,24.0,23.625,23.625,1.443900465965271,7200,ETR
1973-06-19,23.625,23.875,23.625,23.625,1.443900465965271,9900,ETR
1973-06-20,23.625,23.75,23.625,23.625,1.443900465965271,6900,ETR
1973-06-21,23.625,23.875,23.5,23.5,1.4362595081329346,9600,ETR
1973-06-22,23.5,23.625,22.75,22.875,1.3980621099472046,12500,ETR
1973-06-25,22.75,22.75,22.125,22.125,1.3522229194641113,5800,ETR
1973-06-26,22.125,22.25,22.0,22.0,1.3445848226547241,16000,ETR
1973-06-27,22.125,23.25,22.125,23.25,1.4209812879562378,10500,ETR
1973-06-28,23.25,23.625,23.125,23.625,1.443900465965271,7600,ETR
1973-06-29,23.625,23.625,23.375,23.375,1.4286208152770996,10300,ETR
1973-07-02,23.0,23.0,22.625,22.875,1.3980621099472046,7800,ETR
1973-07-03,22.875,22.875,22.625,22.875,1.3980621099472046,4800,ETR
1973-07-05,22.875,23.125,22.625,23.125,1.4133408069610596,45500,ETR
1973-07-06,23.125,23.125,22.875,22.875,1.3980621099472046,6600,ETR
1973-07-09,23.0,23.5,23.0,23.5,1.4362595081329346,11000,ETR
1973-07-10,23.5,23.875,23.375,23.625,1.443900465965271,9800,ETR
1973-07-11,23.625,23.875,23.5,23.625,1.443900465965271,12500,ETR
1973-07-12,23.625,23.75,23.125,23.125,1.4133408069610596,13900,ETR
1973-07-13,23.125,23.25,22.875,22.875,1.3980621099472046,8200,ETR
1973-07-16,22.875,23.125,22.625,22.625,1.382782220840454,42700,ETR
1973-07-17,22.625,22.75,22.5,22.75,1.3904224634170532,5200,ETR
1973-07-18,22.75,22.875,22.625,22.875,1.3980621099472046,5000,ETR
1973-07-19,22.875,23.25,22.875,22.875,1.3980621099472046,7000,ETR
1973-07-20,22.875,23.5,22.875,23.375,1.4286208152770996,7100,ETR
1973-07-23,23.375,23.75,23.375,23.75,1.4515397548675537,31900,ETR
1973-07-24,23.75,23.75,23.125,23.375,1.4286208152770996,7500,ETR
1973-07-25,23.375,23.5,23.25,23.25,1.4209812879562378,3700,ETR
1973-07-26,23.25,23.5,23.25,23.375,1.4286208152770996,24200,ETR
1973-07-27,23.375,23.625,23.25,23.5,1.4362595081329346,10200,ETR
1973-07-30,23.5,23.75,23.25,23.5,1.4362595081329346,10200,ETR
1973-07-31,23.5,23.5,22.625,22.75,1.3904224634170532,11800,ETR
1973-08-01,22.75,22.75,22.5,22.625,1.382782220840454,26300,ETR
1973-08-02,22.625,22.625,22.125,22.125,1.3522229194641113,4400,ETR
1973-08-03,22.125,22.125,21.875,21.875,1.3369451761245728,19700,ETR
1973-08-06,21.875,22.125,21.75,22.0,1.3445848226547241,5900,ETR
1973-08-07,22.125,22.75,22.125,22.25,1.3598636388778687,6600,ETR
1973-08-08,22.25,22.25,22.0,22.0,1.3445848226547241,10200,ETR
1973-08-09,22.0,22.25,22.0,22.0,1.3445848226547241,6700,ETR
1973-08-10,22.0,22.0,21.75,22.0,1.3445848226547241,6800,ETR
1973-08-13,21.75,21.75,21.5,21.625,1.3216662406921387,12300,ETR
1973-08-14,21.625,21.875,21.375,21.375,1.3063862323760986,23100,ETR
1973-08-15,21.375,21.375,21.125,21.25,1.2987473011016846,31800,ETR
1973-08-16,21.375,21.625,21.375,21.5,1.3140252828598022,9800,ETR
1973-08-17,21.625,22.0,21.625,22.0,1.3445848226547241,9600,ETR
1973-08-20,21.875,21.875,21.5,21.625,1.3216662406921387,4900,ETR
1973-08-21,21.625,21.75,21.625,21.625,1.3216662406921387,2300,ETR
1973-08-22,21.625,22.0,21.625,21.75,1.3293052911758423,11200,ETR
1973-08-23,21.75,22.0,21.75,21.75,1.3293052911758423,37500,ETR
1973-08-24,21.75,21.875,21.75,21.875,1.3369451761245728,9900,ETR
1973-08-27,21.875,21.875,21.75,21.75,1.3293052911758423,9400,ETR
1973-08-28,21.75,22.125,21.75,21.875,1.3369451761245728,8300,ETR
1973-08-29,22.0,22.5,22.0,22.25,1.3598636388778687,31900,ETR
1973-08-30,22.25,22.375,22.25,22.375,1.3675026893615723,8700,ETR
1973-08-31,22.375,22.375,22.375,22.375,1.3675026893615723,1900,ETR
1973-09-04,22.375,23.25,22.375,23.0,1.405701756477356,22700,ETR
1973-09-05,23.0,23.5,22.875,23.5,1.4362595081329346,11200,ETR
1973-09-06,23.5,24.75,23.5,24.75,1.512658715248108,30700,ETR
1973-09-07,24.5,24.5,24.0,24.375,1.4897388219833374,25600,ETR
1973-09-10,23.875,24.0,23.625,23.625,1.4618927240371704,17600,ETR
1973-09-11,23.625,23.875,23.125,23.5,1.454156756401062,20300,ETR
1973-09-12,23.5,23.5,23.125,23.25,1.4386882781982422,17300,ETR
1973-09-13,23.125,23.125,22.75,22.75,1.4077485799789429,20300,ETR
1973-09-14,22.75,22.875,22.625,22.75,1.4077485799789429,3300,ETR
1973-09-17,22.75,22.875,22.5,22.75,1.4077485799789429,4900,ETR
1973-09-18,22.75,22.875,22.625,22.75,1.4077485799789429,28600,ETR
1973-09-19,22.75,22.875,22.5,22.75,1.4077485799789429,3600,ETR
1973-09-20,22.75,22.875,22.625,22.875,1.4154837131500244,72200,ETR
1973-09-21,22.875,23.25,22.5,23.25,1.4386882781982422,48700,ETR
1973-09-24,23.25,23.75,23.125,23.75,1.4696274995803833,32000,ETR
1973-09-25,23.75,24.0,23.75,24.0,1.4850975275039673,36500,ETR
1973-09-26,24.0,24.125,24.0,24.125,1.4928325414657593,23100,ETR
1973-09-27,24.125,24.5,23.875,24.0,1.4850975275039673,45300,ETR
1973-09-28,24.0,24.0,23.5,23.5,1.454156756401062,11200,ETR
1973-10-01,23.5,24.25,23.5,24.25,1.5005680322647095,52400,ETR
1973-10-02,24.25,24.25,23.75,23.75,1.4696274995803833,23700,ETR
1973-10-03,23.75,23.875,23.375,23.625,1.4618927240371704,41500,ETR
1973-10-04,23.625,23.75,23.125,23.125,1.4309526681900024,62000,ETR
1973-10-05,23.125,23.25,22.75,22.875,1.4154837131500244,19100,ETR
1973-10-08,22.875,22.875,22.875,22.875,1.4154837131500244,10200,ETR
1973-10-09,22.875,22.875,22.625,22.75,1.4077485799789429,11900,ETR
1973-10-10,22.75,22.75,22.25,22.25,1.3768091201782227,32400,ETR
1973-10-11,22.375,22.75,22.375,22.75,1.4077485799789429,18300,ETR
1973-10-12,22.625,22.625,22.375,22.375,1.3845431804656982,7400,ETR
1973-10-15,22.375,22.375,22.0,22.25,1.3768091201782227,20800,ETR
1973-10-16,22.0,22.0,21.75,21.875,1.353604793548584,23300,ETR
1973-10-17,21.875,21.875,21.375,21.375,1.3226650953292847,23400,ETR
1973-10-18,21.375,21.625,21.375,21.375,1.3226650953292847,13300,ETR
1973-10-19,21.5,21.875,21.5,21.75,1.345869779586792,9200,ETR
1973-10-22,21.75,21.875,21.625,21.75,1.345869779586792,7100,ETR
1973-10-23,21.625,21.625,21.5,21.625,1.3381356000900269,5600,ETR
1973-10-24,21.625,21.75,21.5,21.75,1.345869779586792,11600,ETR
1973-10-25,21.75,21.75,21.25,21.5,1.3303993940353394,13200,ETR
1973-10-26,21.5,21.625,21.25,21.5,1.3303993940353394,16600,ETR
1973-10-29,21.5,21.75,21.0,21.25,1.3149309158325195,48600,ETR
1973-10-30,21.125,21.125,20.375,20.5,1.2685205936431885,53000,ETR
1973-10-31,20.5,20.5,20.25,20.375,1.2607866525650024,30700,ETR
1973-11-01,20.375,20.375,20.0,20.0,1.2375807762145996,18100,ETR
1973-11-02,19.875,19.875,19.25,19.25,1.1911717653274536,250300,ETR
1973-11-05,19.25,19.375,18.75,19.0,1.1757022142410278,59000,ETR
1973-11-06,19.0,19.125,18.875,19.0,1.1757022142410278,14300,ETR
1973-11-07,18.875,18.875,18.625,18.75,1.160232663154602,307300,ETR
1973-11-08,18.75,19.0,18.625,18.75,1.160232663154602,70000,ETR
1973-11-09,18.625,18.625,17.75,17.75,1.098353624343872,58900,ETR
1973-11-12,17.75,18.125,17.75,18.125,1.1215581893920898,11500,ETR
1973-11-13,18.125,18.125,18.0,18.0,1.1138230562210083,43600,ETR
1973-11-14,18.0,18.0,17.75,17.875,1.106088638305664,14800,ETR
1973-11-15,17.875,18.25,17.625,18.125,1.1215581893920898,60400,ETR
1973-11-16,18.125,18.25,17.875,17.875,1.106088638305664,36400,ETR
1973-11-19,17.75,17.75,17.0,17.0,1.0519447326660156,20800,ETR
1973-11-20,16.75,16.75,16.25,16.375,1.0132688283920288,23100,ETR
1973-11-21,16.375,17.0,16.375,16.75,1.036474347114563,40800,ETR
1973-11-23,16.75,17.0,16.625,16.75,1.036474347114563,24600,ETR
1973-11-26,16.625,16.625,16.125,16.25,1.0055348873138428,22200,ETR
1973-11-27,16.25,16.5,16.0,16.125,0.9977993369102478,36700,ETR
1973-11-28,16.125,16.5,15.625,15.875,0.9823296666145325,50600,ETR
1973-11-29,15.625,15.625,15.125,15.375,0.9513902068138123,23900,ETR
1973-11-30,15.375,15.625,15.0,15.375,0.9513902068138123,56900,ETR
1973-12-03,15.375,15.5,14.5,14.625,0.9049814939498901,47300,ETR
1973-12-04,14.625,14.875,14.25,14.5,0.8972465991973877,69400,ETR
1973-12-05,14.5,14.625,14.125,14.25,0.8817763328552246,63900,ETR
1973-12-06,14.25,14.625,14.0,14.625,0.9049814939498901,160800,ETR
1973-12-07,14.625,16.25,14.625,15.375,0.9513902068138123,58200,ETR
1973-12-10,15.625,16.375,15.625,16.375,1.0132688283920288,54500,ETR
1973-12-11,16.875,16.875,16.0,16.0,1.008542537689209,50100,ETR
1973-12-12,16.0,16.0,15.625,15.625,0.9849048852920532,34300,ETR
1973-12-13,15.625,15.75,15.125,15.75,0.9927839040756226,39900,ETR
1973-12-14,15.75,16.25,15.625,16.0,1.008542537689209,26300,ETR
1973-12-17,16.0,16.25,15.75,16.0,1.008542537689209,40200,ETR
1973-12-18,16.0,16.5,15.75,16.25,1.0243006944656372,63900,ETR
1973-12-19,16.25,16.625,16.125,16.125,1.0164207220077515,38300,ETR
1973-12-20,16.375,16.75,16.375,16.625,1.0479381084442139,15800,ETR
1973-12-21,16.75,17.125,16.75,17.125,1.079454779624939,64100,ETR
1973-12-24,17.125,17.125,16.25,16.875,1.0636975765228271,15300,ETR
1973-12-26,17.0,17.375,17.0,17.25,1.0873345136642456,19400,ETR
1973-12-27,17.25,17.875,17.125,17.125,1.079454779624939,18100,ETR
1973-12-28,17.125,17.25,16.5,16.875,1.0636975765228271,23200,ETR
1973-12-31,16.875,17.125,16.125,16.875,1.0636975765228271,25900,ETR
1974-01-02,17.0,17.75,17.0,17.5,1.1030923128128052,11600,ETR
1974-01-03,17.625,18.0,17.625,17.625,1.1109715700149536,10300,ETR
1974-01-04,17.625,17.75,17.0,17.25,1.0873345136642456,43000,ETR
1974-01-07,17.25,17.625,17.0,17.125,1.079454779624939,30100,ETR
1974-01-08,17.0,17.0,16.75,16.75,1.0558176040649414,5600,ETR
1974-01-09,16.75,16.75,16.25,16.5,1.0400588512420654,15500,ETR
1974-01-10,16.5,16.5,16.125,16.25,1.0243006944656372,16300,ETR
1974-01-11,16.25,16.25,16.0,16.125,1.0164207220077515,16900,ETR
1974-01-14,16.125,16.25,15.5,15.625,0.9849048852920532,13200,ETR
1974-01-15,15.875,16.375,15.875,16.375,1.0321788787841797,16000,ETR
1974-01-16,16.375,16.625,16.0,16.25,1.0243006944656372,160700,ETR
1974-01-17,16.25,16.375,16.0,16.0,1.008542537689209,17900,ETR
1974-01-18,16.0,16.125,15.75,15.75,0.9927839040756226,72800,ETR
1974-01-21,15.75,16.25,15.5,16.25,1.0243006944656372,37300,ETR
1974-01-22,16.25,16.375,16.125,16.375,1.0321788787841797,19700,ETR
1974-01-23,16.375,16.375,16.125,16.25,1.0243006944656372,26800,ETR
1974-01-24,16.25,16.375,16.0,16.125,1.0164207220077515,83000,ETR
1974-01-25,16.125,16.125,15.875,16.125,1.0164207220077515,10200,ETR
1974-01-28,16.125,16.25,15.875,15.875,1.0006624460220337,32100,ETR
1974-01-29,15.875,16.125,15.875,16.0,1.008542537689209,9300,ETR
1974-01-30,16.0,16.375,16.0,16.125,1.0164207220077515,82300,ETR
1974-01-31,16.125,16.25,15.75,16.0,1.008542537689209,72200,ETR
1974-02-01,16.0,16.0,15.5,15.75,0.9927839040756226,42100,ETR
1974-02-04,15.625,15.625,15.25,15.25,0.961266279220581,32900,ETR
1974-02-05,15.25,15.5,15.25,15.5,0.9770249128341675,37900,ETR
1974-02-06,15.5,15.5,15.25,15.5,0.9770249128341675,46600,ETR
1974-02-07,15.5,15.5,15.25,15.5,0.9770249128341675,25000,ETR
1974-02-08,15.5,15.5,15.25,15.5,0.9770249128341675,32700,ETR
1974-02-11,15.5,15.5,15.25,15.5,0.9770249128341675,15600,ETR
1974-02-12,15.5,15.5,15.25,15.5,0.9770249128341675,25500,ETR
1974-02-13,15.5,15.75,15.375,15.75,0.9927839040756226,22000,ETR
1974-02-14,15.75,15.75,15.375,15.75,0.9927839040756226,15000,ETR
1974-02-15,15.75,16.0,15.625,16.0,1.008542537689209,20800,ETR
1974-02-19,16.0,16.25,16.0,16.125,1.0164207220077515,10600,ETR
1974-02-20,16.125,16.5,16.125,16.375,1.0321788787841797,15900,ETR
1974-02-21,16.375,16.375,16.125,16.25,1.0243006944656372,71500,ETR
1974-02-22,16.25,16.375,15.5,15.75,0.9927839040756226,70900,ETR
1974-02-25,15.75,15.875,15.75,15.875,1.0006624460220337,38500,ETR
1974-02-26,15.875,15.875,15.75,15.875,1.0006624460220337,25300,ETR
1974-02-27,15.875,15.875,15.5,15.625,0.9849048852920532,161900,ETR
1974-02-28,15.625,15.625,15.375,15.5,0.9770249128341675,43300,ETR
1974-03-01,15.5,15.5,15.375,15.5,0.9770249128341675,32500,ETR
1974-03-04,15.5,15.625,15.375,15.625,0.9849048852920532,119600,ETR
1974-03-05,15.625,15.75,15.5,15.75,0.9927839040756226,193300,ETR
1974-03-06,15.75,15.75,15.625,15.75,0.9927839040756226,23000,ETR
1974-03-07,15.625,15.625,15.0,15.0,0.9638677835464478,127600,ETR
1974-03-08,15.0,15.25,15.0,15.25,0.9799321889877319,32400,ETR
1974-03-11,15.25,15.375,15.0,15.375,0.9879640936851501,47100,ETR
1974-03-12,15.375,15.375,15.125,15.375,0.9879640936851501,29600,ETR
1974-03-13,15.375,15.5,15.375,15.5,0.995996356010437,19900,ETR
1974-03-14,15.5,15.5,15.125,15.25,0.9799321889877319,176800,ETR
1974-03-15,15.25,15.375,15.125,15.375,0.9879640936851501,19600,ETR
1974-03-18,15.125,15.125,15.0,15.0,0.9638677835464478,60700,ETR
1974-03-19,15.0,15.25,15.0,15.25,0.9799321889877319,31800,ETR
1974-03-20,15.25,15.375,15.25,15.25,0.9799321889877319,48600,ETR
1974-03-21,15.25,15.5,15.25,15.5,0.995996356010437,40600,ETR
1974-03-22,15.375,15.375,15.25,15.375,0.9879640936851501,30000,ETR
1974-03-25,15.375,15.625,15.25,15.625,1.0040289163589478,20700,ETR
1974-03-26,15.625,15.875,15.5,15.625,1.0040289163589478,17300,ETR
1974-03-27,15.625,15.875,15.625,15.625,1.0040289163589478,28600,ETR
1974-03-28,15.5,15.5,15.25,15.5,0.995996356010437,140600,ETR
1974-03-29,15.375,15.375,15.125,15.25,0.9799321889877319,47700,ETR
1974-04-01,15.25,15.375,15.0,15.125,0.9719000458717346,78200,ETR
1974-04-02,15.125,15.125,14.875,15.125,0.9719000458717346,38100,ETR
1974-04-03,15.125,15.375,15.125,15.25,0.9799321889877319,42100,ETR
1974-04-04,15.25,15.375,15.0,15.25,0.9799321889877319,23100,ETR
1974-04-05,15.25,15.25,15.0,15.0,0.9638677835464478,62300,ETR
1974-04-08,15.0,15.125,14.5,14.75,0.9478033781051636,40400,ETR
1974-04-09,14.75,14.75,14.625,14.625,0.9397711157798767,17600,ETR
1974-04-10,14.75,14.875,14.75,14.875,0.9558358192443848,9500,ETR
1974-04-11,14.875,14.875,14.625,14.625,0.9397711157798767,47300,ETR
1974-04-15,14.625,14.625,14.5,14.5,0.9317392706871033,15600,ETR
1974-04-16,14.5,14.625,14.375,14.375,0.9237067103385925,13600,ETR
1974-04-17,14.5,14.75,14.5,14.75,0.9478033781051636,9800,ETR
1974-04-18,14.75,14.75,14.625,14.75,0.9478033781051636,7800,ETR
1974-04-19,14.625,14.625,14.25,14.25,0.9156739711761475,67100,ETR
1974-04-22,14.25,14.375,14.25,14.25,0.9156739711761475,8200,ETR
1974-04-23,14.25,14.25,13.75,13.75,0.8835455179214478,25000,ETR
1974-04-24,13.75,13.875,13.625,13.75,0.8835455179214478,15000,ETR
1974-04-25,13.625,13.625,13.0,13.25,0.8514161705970764,46100,ETR
1974-04-26,13.25,13.375,13.125,13.25,0.8514161705970764,24000,ETR
1974-04-29,13.25,13.375,13.125,13.125,0.8433841466903687,21200,ETR
1974-04-30,13.125,13.125,13.0,13.0,0.8353516459465027,33700,ETR
1974-05-01,13.0,13.25,12.875,13.125,0.8433841466903687,50100,ETR
1974-05-02,13.125,13.25,13.0,13.125,0.8433841466903687,97800,ETR
1974-05-03,13.125,13.125,13.0,13.125,0.8433841466903687,38700,ETR
1974-05-06,13.125,13.25,13.0,13.25,0.8514161705970764,50000,ETR
1974-05-07,13.25,13.5,13.125,13.5,0.8674815893173218,81700,ETR
1974-05-08,13.5,13.75,13.25,13.75,0.8835455179214478,69700,ETR
1974-05-09,13.75,13.75,13.5,13.625,0.8755132555961609,19900,ETR
1974-05-10,13.625,14.0,13.625,13.75,0.8835455179214478,17100,ETR
1974-05-13,13.75,13.875,13.625,13.75,0.8835455179214478,10000,ETR
1974-05-14,13.625,13.625,13.5,13.5,0.8674815893173218,23700,ETR
1974-05-15,13.5,13.5,12.625,12.75,0.8192873597145081,35400,ETR
1974-05-16,13.0,13.25,13.0,13.125,0.8433841466903687,26400,ETR
1974-05-17,13.125,13.25,13.0,13.125,0.8433841466903687,39100,ETR
1974-05-20,13.125,13.125,12.75,12.875,0.8273201584815979,140400,ETR
1974-05-21,12.875,12.875,12.75,12.875,0.8273201584815979,13600,ETR
1974-05-22,12.875,12.875,12.125,12.375,0.7951915264129639,31400,ETR
1974-05-23,12.375,12.5,12.375,12.5,0.8032233715057373,13800,ETR
1974-05-24,12.5,12.625,12.25,12.625,0.8112549781799316,162800,ETR
1974-05-28,12.625,12.875,12.625,12.875,0.8273201584815979,20700,ETR
1974-05-29,12.875,12.875,12.75,12.875,0.8273201584815979,28500,ETR
1974-05-30,12.875,12.875,12.375,12.5,0.8032233715057373,67600,ETR
1974-05-31,12.5,12.625,12.5,12.625,0.8112549781799316,30900,ETR
1974-06-03,12.625,12.875,12.5,12.75,0.8192873597145081,24300,ETR
1974-06-04,12.875,13.125,12.875,13.0,0.8353516459465027,37600,ETR
1974-06-05,13.0,13.0,12.75,13.0,0.8353516459465027,32000,ETR
1974-06-06,12.625,12.625,12.5,12.5,0.8221971988677979,22300,ETR
1974-06-07,12.625,12.75,12.625,12.75,0.8386409878730774,26400,ETR
1974-06-10,12.75,12.75,12.625,12.75,0.8386409878730774,20600,ETR
1974-06-11,12.75,12.75,12.5,12.625,0.8304186463356018,77200,ETR
1974-06-12,12.5,12.5,12.125,12.25,0.8057529330253601,24900,ETR
1974-06-13,12.25,12.5,12.125,12.5,0.8221971988677979,17600,ETR
1974-06-14,12.25,12.25,12.0,12.125,0.7975311279296875,25400,ETR
1974-06-17,12.125,12.25,11.75,11.875,0.7810869216918945,61600,ETR
1974-06-18,11.875,12.0,11.75,11.75,0.7728646397590637,30700,ETR
1974-06-19,11.75,12.0,11.625,12.0,0.789309024810791,16000,ETR
1974-06-20,12.0,12.125,11.75,12.0,0.789309024810791,24800,ETR
1974-06-21,11.875,11.875,11.75,11.75,0.7728646397590637,45700,ETR
1974-06-24,11.75,11.875,11.625,11.875,0.7810869216918945,17200,ETR
1974-06-25,11.875,12.0,11.875,12.0,0.789309024810791,25400,ETR
1974-06-26,12.0,12.0,11.75,11.75,0.7728646397590637,13400,ETR
1974-06-27,11.75,11.75,11.625,11.75,0.7728646397590637,15100,ETR
1974-06-28,11.75,12.0,11.5,11.5,0.7564210891723633,36000,ETR
1974-07-01,11.625,12.25,11.625,12.0,0.789309024810791,38000,ETR
1974-07-02,12.125,12.375,12.125,12.25,0.8057529330253601,16500,ETR
1974-07-03,12.375,12.75,12.375,12.75,0.8386409878730774,24200,ETR
1974-07-05,12.75,12.75,12.375,12.375,0.8139756917953491,17100,ETR
1974-07-08,12.375,12.625,12.25,12.375,0.8139756917953491,31500,ETR
1974-07-09,12.375,12.375,12.125,12.25,0.8057529330253601,14000,ETR
1974-07-10,12.25,12.375,11.625,11.625,0.764643132686615,81000,ETR
1974-07-11,11.625,12.0,11.625,11.75,0.7728646397590637,17200,ETR
1974-07-12,11.75,12.125,11.625,12.0,0.789309024810791,40500,ETR
1974-07-15,11.875,11.875,11.75,11.75,0.7728646397590637,16200,ETR
1974-07-16,11.75,11.875,11.5,11.75,0.7728646397590637,138600,ETR
1974-07-17,11.75,11.75,11.5,11.625,0.764643132686615,15300,ETR
1974-07-18,11.625,11.625,11.5,11.5,0.7564210891723633,24100,ETR
1974-07-19,11.5,11.5,11.375,11.5,0.7564210891723633,66600,ETR
1974-07-22,11.5,11.5,11.25,11.25,0.7399768233299255,17700,ETR
1974-07-23,11.25,11.625,11.25,11.5,0.7564210891723633,44600,ETR
1974-07-24,11.625,11.875,11.625,11.875,0.7810869216918945,73400,ETR
1974-07-25,11.875,12.0,11.75,12.0,0.789309024810791,17700,ETR
1974-07-26,12.0,12.125,11.875,12.125,0.7975311279296875,12000,ETR
1974-07-29,12.125,12.125,11.875,11.875,0.7810869216918945,15100,ETR
1974-07-30,11.875,11.875,11.625,11.75,0.7728646397590637,17900,ETR
1974-07-31,11.75,11.75,11.625,11.625,0.764643132686615,10800,ETR
1974-08-01,11.5,11.5,11.375,11.5,0.7564210891723633,22300,ETR
1974-08-02,11.5,11.75,11.375,11.625,0.764643132686615,29500,ETR
1974-08-05,11.625,12.125,11.375,11.75,0.7728646397590637,34400,ETR
1974-08-06,11.75,12.0,11.5,11.625,0.764643132686615,25300,ETR
1974-08-07,11.625,11.75,11.375,11.75,0.7728646397590637,21600,ETR
1974-08-08,11.875,12.0,11.875,12.0,0.789309024810791,23700,ETR
1974-08-09,12.0,12.0,11.75,11.875,0.7810869216918945,20800,ETR
1974-08-12,11.875,12.0,11.875,12.0,0.789309024810791,15700,ETR
1974-08-13,12.0,12.125,11.875,12.0,0.789309024810791,21300,ETR
1974-08-14,12.0,12.0,11.375,11.375,0.748198926448822,41200,ETR
1974-08-15,11.375,11.625,11.375,11.5,0.7564210891723633,15100,ETR
1974-08-16,11.5,11.625,11.25,11.5,0.7564210891723633,16900,ETR
1974-08-19,11.5,11.5,11.125,11.375,0.748198926448822,15700,ETR
1974-08-20,11.375,11.375,10.75,11.125,0.7317550778388977,26600,ETR
1974-08-21,11.125,11.25,10.5,10.5,0.6906458139419556,22500,ETR
1974-08-22,10.5,10.625,10.125,10.25,0.6742010116577148,38000,ETR
1974-08-23,10.25,10.375,10.125,10.25,0.6742010116577148,43600,ETR
1974-08-26,10.375,10.625,10.375,10.625,0.6988672614097595,24700,ETR
1974-08-27,10.625,10.625,10.25,10.5,0.6906458139419556,45600,ETR
1974-08-28,10.5,10.5,10.0,10.125,0.6659796833992004,337000,ETR
1974-08-29,10.125,10.125,10.0,10.0,0.6577571034431458,26100,ETR
1974-08-30,10.0,10.375,10.0,10.375,0.6824231147766113,26900,ETR
1974-09-03,10.375,10.5,10.25,10.25,0.6742010116577148,22400,ETR
1974-09-04,10.25,10.25,10.125,10.25,0.6742010116577148,35700,ETR
1974-09-05,10.25,10.25,10.0,10.0,0.6577571034431458,50000,ETR
1974-09-06,10.0,10.25,10.0,10.25,0.6742010116577148,124600,ETR
1974-09-09,10.125,10.125,10.0,10.0,0.6786123514175415,19200,ETR
1974-09-10,10.0,10.0,9.5,9.5,0.6446818709373474,28400,ETR
1974-09-11,9.5,9.625,9.5,9.5,0.6446818709373474,26800,ETR
1974-09-12,9.5,9.5,9.375,9.5,0.6446818709373474,31000,ETR
1974-09-13,9.5,9.5,9.25,9.25,0.6277164220809937,21200,ETR
1974-09-16,9.25,9.5,9.125,9.375,0.6361989378929138,27000,ETR
1974-09-17,9.5,9.75,9.5,9.75,0.6616472601890564,27700,ETR
1974-09-18,9.75,9.875,9.625,9.875,0.6701295971870422,21900,ETR
1974-09-19,9.875,9.875,9.625,9.875,0.6701295971870422,59000,ETR
1974-09-20,9.875,10.75,9.875,10.625,0.7210255861282349,113200,ETR
1974-09-23,10.625,10.625,10.0,10.25,0.69557785987854,42500,ETR
1974-09-24,10.0,10.0,9.75,10.0,0.6786123514175415,28900,ETR
1974-09-25,10.0,10.375,9.875,10.125,0.6870951652526855,69600,ETR
1974-09-26,10.125,10.25,10.0,10.25,0.69557785987854,20400,ETR
1974-09-27,10.25,10.375,10.125,10.375,0.7040600180625916,16200,ETR
1974-09-30,10.375,10.375,10.0,10.0,0.6786123514175415,88100,ETR
1974-10-01,10.0,10.125,9.875,10.125,0.6870951652526855,26100,ETR
1974-10-02,10.125,10.25,9.875,10.25,0.69557785987854,23200,ETR
1974-10-03,10.25,10.25,10.0,10.125,0.6870951652526855,97300,ETR
1974-10-04,10.125,10.125,10.0,10.0,0.6786123514175415,104400,ETR
1974-10-07,10.0,10.625,10.0,10.625,0.7210255861282349,25800,ETR
1974-10-08,10.625,10.75,10.5,10.625,0.7210255861282349,50800,ETR
1974-10-09,10.875,11.625,10.875,11.5,0.7804043889045715,28900,ETR
1974-10-10,11.625,12.25,11.625,11.875,0.8058520555496216,73300,ETR
1974-10-11,11.875,12.25,11.75,12.0,0.8143351674079895,40600,ETR
1974-10-14,12.125,12.75,12.125,12.5,0.8482657074928284,31600,ETR
1974-10-15,12.5,12.875,12.125,12.625,0.8567478656768799,37300,ETR
1974-10-16,12.625,12.625,12.375,12.625,0.8567478656768799,28200,ETR
1974-10-17,12.625,12.875,12.375,12.75,0.8652308583259583,64200,ETR
1974-10-18,12.75,13.0,12.75,13.0,0.882195770740509,24600,ETR
1974-10-21,13.0,13.0,12.625,12.625,0.8567478656768799,22200,ETR
1974-10-22,12.625,12.875,12.625,12.75,0.8652308583259583,14300,ETR
1974-10-23,12.625,12.625,12.375,12.375,0.8397831916809082,22400,ETR
1974-10-24,12.375,12.625,12.25,12.375,0.8397831916809082,57300,ETR
1974-10-25,12.375,12.75,12.375,12.5,0.8482657074928284,25000,ETR
1974-10-28,12.5,12.625,12.25,12.5,0.8482657074928284,23600,ETR
1974-10-29,12.75,13.0,12.75,13.0,0.882195770740509,11300,ETR
1974-10-30,13.0,13.75,12.75,13.25,0.8991611003875732,29800,ETR
1974-10-31,13.25,13.5,13.125,13.375,0.9076446294784546,36400,ETR
1974-11-01,13.375,13.375,13.125,13.375,0.9076446294784546,13200,ETR
1974-11-04,13.25,13.25,13.0,13.125,0.8906787633895874,10200,ETR
1974-11-05,13.125,13.375,13.0,13.375,0.9076446294784546,10700,ETR
1974-11-06,13.375,14.0,13.375,13.75,0.933091938495636,29000,ETR
1974-11-07,13.75,14.75,13.75,14.375,0.9755048751831055,21500,ETR
1974-11-08,14.375,14.625,14.375,14.375,0.9755048751831055,24900,ETR
1974-11-11,14.375,14.5,14.125,14.5,0.9839882254600525,30800,ETR
1974-11-12,14.5,14.875,14.375,14.5,0.9839882254600525,40500,ETR
1974-11-13,14.375,14.375,13.75,13.75,0.933091938495636,48000,ETR
1974-11-14,13.75,13.875,13.375,13.375,0.9076446294784546,17800,ETR
1974-11-15,13.375,13.625,12.625,12.625,0.8567478656768799,26100,ETR
1974-11-18,12.5,12.5,12.0,12.125,0.8228174448013306,56500,ETR
1974-11-19,12.125,12.25,11.875,12.125,0.8228174448013306,40100,ETR
1974-11-20,12.25,12.875,12.25,12.5,0.8482657074928284,9800,ETR
1974-11-21,12.5,13.25,12.5,13.25,0.8991611003875732,20200,ETR
1974-11-22,13.25,13.75,13.25,13.75,0.933091938495636,83600,ETR
1974-11-25,13.75,13.875,13.5,13.875,0.9415745139122009,20700,ETR
1974-11-26,13.875,14.125,13.875,13.875,0.9415745139122009,32800,ETR
1974-11-27,14.0,14.25,14.0,14.25,0.9670224785804749,20800,ETR
1974-11-29,13.875,13.875,13.75,13.75,0.933091938495636,10000,ETR
1974-12-02,13.75,13.75,13.5,13.625,0.9246097207069397,40600,ETR
1974-12-03,13.625,13.75,13.375,13.5,0.9161264896392822,14300,ETR
1974-12-04,13.5,13.75,13.25,13.5,0.9161264896392822,24000,ETR
1974-12-05,13.5,13.5,13.0,13.0,0.882195770740509,46200,ETR
1974-12-06,12.75,12.75,12.5,12.75,0.8652308583259583,32800,ETR
1974-12-09,12.75,13.0,12.625,13.0,0.882195770740509,38300,ETR
1974-12-10,12.75,13.0,12.75,13.0,0.9041032195091248,10300,ETR
1974-12-11,13.0,13.125,12.75,12.75,0.8867164850234985,24300,ETR
1974-12-12,12.75,12.75,12.0,12.25,0.8519436717033386,83800,ETR
1974-12-13,12.25,12.25,11.625,11.75,0.8171701431274414,25600,ETR
1974-12-16,11.75,12.0,11.625,11.875,0.8258637189865112,17200,ETR
1974-12-17,11.875,12.375,11.875,12.25,0.8519436717033386,30700,ETR
1974-12-18,12.25,12.5,12.25,12.5,0.8693307042121887,13600,ETR
1974-12-19,12.5,12.625,12.125,12.375,0.860636293888092,17500,ETR
1974-12-20,12.25,12.25,11.875,12.0,0.8345568776130676,27100,ETR
1974-12-23,12.0,12.25,12.0,12.25,0.8519436717033386,17600,ETR
1974-12-24,12.25,12.375,12.125,12.375,0.860636293888092,9200,ETR
1974-12-26,12.375,12.5,12.25,12.5,0.8693307042121887,12000,ETR
1974-12-27,12.5,12.5,12.125,12.125,0.8432499766349792,14900,ETR
1974-12-30,12.125,12.375,12.125,12.375,0.860636293888092,11100,ETR
1974-12-31,12.375,12.875,12.25,12.875,0.8954099416732788,44600,ETR
1975-01-02,12.875,13.875,12.625,13.875,0.9649562835693359,45700,ETR
1975-01-03,13.875,13.875,13.625,13.625,0.9475693702697754,20700,ETR
1975-01-06,13.625,13.875,13.5,13.75,0.9562630653381348,20400,ETR
1975-01-07,13.75,13.75,13.375,13.75,0.9562630653381348,40100,ETR
1975-01-08,13.75,13.875,13.5,13.5,0.9388766884803772,27200,ETR
1975-01-09,13.5,14.5,13.375,14.5,1.0084224939346313,24600,ETR
1975-01-10,14.5,14.875,14.375,14.5,1.0084224939346313,27500,ETR
1975-01-13,14.5,14.75,14.5,14.5,1.0084224939346313,15300,ETR
1975-01-14,14.5,14.625,14.5,14.5,1.0084224939346313,13100,ETR
1975-01-15,14.5,14.625,14.375,14.375,0.9997290968894958,12800,ETR
1975-01-16,14.375,14.375,14.125,14.25,0.9910362958908081,21900,ETR
1975-01-17,14.25,14.375,13.875,14.0,0.9736504554748535,82800,ETR
1975-01-20,14.0,14.125,13.875,14.0,0.9736504554748535,19100,ETR
1975-01-21,14.0,14.0,14.0,14.0,0.9736504554748535,161400,ETR
1975-01-22,14.0,14.0,14.0,14.0,0.9736504554748535,87000,ETR
1975-01-23,14.0,14.125,14.0,14.125,0.9823428988456726,22900,ETR
1975-01-24,14.125,14.5,14.125,14.5,1.0084224939346313,254400,ETR
1975-01-27,14.5,14.625,14.25,14.375,0.9997290968894958,84300,ETR
1975-01-28,14.375,14.5,14.0,14.125,0.9823428988456726,162400,ETR
1975-01-29,14.125,14.125,13.75,13.75,0.9562630653381348,46300,ETR
1975-01-30,13.75,14.0,13.625,13.625,0.9475693702697754,158100,ETR
1975-01-31,13.625,14.125,13.625,14.125,0.9823428988456726,105200,ETR
1975-02-03,14.125,14.25,14.125,14.25,0.9910362958908081,72100,ETR
1975-02-04,14.125,14.125,14.0,14.125,0.9823428988456726,55500,ETR
1975-02-05,14.125,14.25,14.125,14.125,0.9823428988456726,66000,ETR
1975-02-06,14.125,14.375,14.125,14.25,0.9910362958908081,125800,ETR
1975-02-07,14.25,14.25,14.125,14.25,0.9910362958908081,43000,ETR
1975-02-10,14.25,14.25,14.125,14.25,0.9910362958908081,35100,ETR
1975-02-11,14.25,14.25,14.0,14.125,0.9823428988456726,73600,ETR
1975-02-12,14.125,14.125,13.875,14.125,0.9823428988456726,31800,ETR
1975-02-13,14.125,14.25,14.125,14.25,0.9910362958908081,98900,ETR
1975-02-14,14.25,14.375,14.25,14.375,0.9997290968894958,66600,ETR
1975-02-18,14.375,14.375,14.25,14.375,0.9997290968894958,60000,ETR
1975-02-19,14.375,14.5,14.25,14.375,0.9997290968894958,160500,ETR
1975-02-20,14.5,15.0,14.5,15.0,1.0431958436965942,111600,ETR
1975-02-21,15.0,15.125,14.75,14.875,1.0345031023025513,105000,ETR
1975-02-24,14.875,15.0,14.5,14.5,1.0084224939346313,216400,ETR
1975-02-25,14.5,14.5,14.25,14.25,0.9910362958908081,67500,ETR
1975-02-26,14.25,14.5,14.125,14.375,0.9997290968894958,48600,ETR
1975-02-27,14.375,14.625,14.375,14.5,1.0084224939346313,19800,ETR
1975-02-28,14.5,14.875,14.5,14.75,1.025809645652771,43900,ETR
1975-03-03,14.75,15.0,14.625,14.625,1.0171159505844116,30100,ETR
1975-03-04,14.625,14.875,14.625,14.75,1.025809645652771,38100,ETR
1975-03-05,14.75,15.125,14.75,14.875,1.0345031023025513,111300,ETR
1975-03-06,14.5,14.625,14.5,14.5,1.030239224433899,40200,ETR
1975-03-07,14.5,14.625,14.5,14.5,1.030239224433899,41000,ETR
1975-03-10,14.5,14.625,14.5,14.5,1.030239224433899,46000,ETR
1975-03-11,14.5,14.625,14.125,14.125,1.0035959482192993,33200,ETR
1975-03-12,14.125,14.25,14.0,14.0,0.994714081287384,41400,ETR
1975-03-13,14.0,14.0,13.75,13.75,0.9769514799118042,32000,ETR
1975-03-14,13.75,14.0,13.75,14.0,0.994714081287384,38700,ETR
1975-03-17,14.0,14.125,13.875,13.875,0.985832929611206,39500,ETR
1975-03-18,13.875,14.125,13.625,13.75,0.9769514799118042,21700,ETR
1975-03-19,13.625,13.625,13.375,13.375,0.9503076672554016,32500,ETR
1975-03-20,13.375,13.375,13.0,13.0,0.9236629605293274,42600,ETR
1975-03-21,13.0,13.375,13.0,13.25,0.9414262175559998,25500,ETR
1975-03-24,13.25,13.375,12.875,13.25,0.9414262175559998,29600,ETR
1975-03-25,13.25,13.625,13.0,13.25,0.9414262175559998,42400,ETR
1975-03-26,13.25,13.375,13.125,13.375,0.9503076672554016,72100,ETR
1975-03-27,13.375,13.875,13.25,13.75,0.9769514799118042,58700,ETR
1975-03-31,13.75,14.125,13.375,13.5,0.9591891169548035,63500,ETR
1975-04-01,13.5,13.625,13.0,13.25,0.9414262175559998,36300,ETR
1975-04-02,13.25,13.5,13.125,13.125,0.9325442910194397,17500,ETR
1975-04-03,13.125,13.25,13.125,13.25,0.9414262175559998,23100,ETR
1975-04-04,13.25,13.5,13.0,13.5,0.9591891169548035,19800,ETR
1975-04-07,13.5,13.5,13.125,13.25,0.9414262175559998,40100,ETR
1975-04-08,13.25,13.25,12.5,12.875,0.9147818088531494,47500,ETR
1975-04-09,12.875,13.375,12.875,13.125,0.9325442910194397,23100,ETR
1975-04-10,13.125,13.375,13.0,13.125,0.9325442910194397,79200,ETR
1975-04-11,13.125,13.125,13.125,13.125,0.9325442910194397,0,ETR
1975-04-14,13.125,13.25,13.125,13.25,0.9414262175559998,31600,ETR
1975-04-15,13.125,13.125,12.75,12.875,0.9147818088531494,101600,ETR
1975-04-16,12.875,13.0,12.75,12.75,0.905899703502655,62200,ETR
1975-04-17,12.75,13.0,12.625,13.0,0.9236629605293274,35200,ETR
1975-04-18,13.0,13.0,12.875,13.0,0.9236629605293274,27900,ETR
1975-04-21,13.0,13.0,12.75,13.0,0.9236629605293274,18200,ETR
1975-04-22,13.0,13.0,12.75,12.75,0.905899703502655,40600,ETR
1975-04-23,12.75,12.875,12.625,12.625,0.8970192074775696,59800,ETR
1975-04-24,12.625,12.875,12.625,12.75,0.905899703502655,23900,ETR
1975-04-25,12.75,13.0,12.75,13.0,0.9236629605293274,29700,ETR
1975-04-28,13.0,13.0,12.875,13.0,0.9236629605293274,21900,ETR
1975-04-29,12.875,12.875,12.5,12.75,0.905899703502655,96600,ETR
1975-04-30,12.75,13.0,12.75,13.0,0.9236629605293274,24800,ETR
1975-05-01,13.0,13.125,12.875,13.0,0.9236629605293274,19800,ETR
1975-05-02,13.0,13.0,12.75,13.0,0.9236629605293274,28300,ETR
1975-05-05,13.0,13.125,12.875,13.125,0.9325442910194397,35600,ETR
1975-05-06,13.125,13.375,13.125,13.125,0.9325442910194397,60200,ETR
1975-05-07,13.125,13.5,13.125,13.5,0.9591891169548035,21700,ETR
1975-05-08,13.5,13.75,13.5,13.5,0.9591891169548035,34600,ETR
1975-05-09,13.625,14.125,13.625,14.0,0.994714081287384,38300,ETR
1975-05-12,14.125,14.375,14.125,14.375,1.021358609199524,24900,ETR
1975-05-13,14.375,14.625,14.375,14.375,1.021358609199524,164900,ETR
1975-05-14,14.0,14.0,13.75,13.875,0.985832929611206,70400,ETR
1975-05-15,13.875,13.875,13.625,13.75,0.9769514799118042,26400,ETR
1975-05-16,13.75,13.75,13.5,13.625,0.968069851398468,45200,ETR
1975-05-19,13.625,13.625,13.25,13.375,0.9503076672554016,14100,ETR
1975-05-20,13.375,13.625,13.25,13.5,0.9591891169548035,25300,ETR
1975-05-21,13.5,13.75,13.375,13.625,0.968069851398468,68300,ETR
1975-05-22,13.625,13.875,13.5,13.75,0.9769514799118042,92500,ETR
1975-05-23,13.75,13.75,13.625,13.75,0.9769514799118042,25900,ETR
1975-05-27,13.75,14.0,13.75,13.875,0.985832929611206,25400,ETR
1975-05-28,13.875,14.0,13.75,13.75,0.9769514799118042,11600,ETR
1975-05-29,13.75,14.0,13.75,13.875,0.985832929611206,18600,ETR
1975-05-30,14.0,14.5,14.0,14.5,1.030239224433899,32300,ETR
1975-06-02,14.5,14.75,14.5,14.75,1.04800283908844,40200,ETR
1975-06-03,14.75,14.75,14.5,14.75,1.04800283908844,104600,ETR
1975-06-04,14.75,14.875,14.625,14.75,1.04800283908844,180200,ETR
1975-06-05,14.75,14.75,14.625,14.75,1.04800283908844,25200,ETR
1975-06-06,14.5,14.625,14.25,14.375,1.043645977973938,44700,ETR
1975-06-09,14.375,14.5,14.125,14.125,1.025496006011963,27300,ETR
1975-06-10,14.125,14.25,14.0,14.125,1.025496006011963,28500,ETR
1975-06-11,14.125,14.25,14.0,14.0,1.0164209604263306,43000,ETR
1975-06-12,14.0,14.25,14.0,14.0,1.0164209604263306,26800,ETR
1975-06-13,14.0,14.25,14.0,14.125,1.025496006011963,18200,ETR
1975-06-16,14.125,14.5,14.125,14.25,1.0345709323883057,33000,ETR
1975-06-17,14.25,14.5,14.25,14.5,1.0527219772338867,36100,ETR
1975-06-18,14.5,14.75,14.375,14.75,1.0708719491958618,36900,ETR
1975-06-19,14.75,15.5,14.75,15.375,1.1162477731704712,153300,ETR
1975-06-20,15.75,16.375,15.75,16.0,1.1616240739822388,101800,ETR
1975-06-23,16.0,16.0,15.625,15.75,1.1434733867645264,35500,ETR
1975-06-24,15.875,16.125,15.875,15.875,1.1525492668151855,106900,ETR
1975-06-25,15.875,16.0,15.625,15.75,1.1434733867645264,34100,ETR
1975-06-26,15.75,15.75,15.375,15.375,1.1162477731704712,43600,ETR
1975-06-27,15.375,15.5,15.125,15.375,1.1162477731704712,41300,ETR
1975-06-30,15.375,15.625,15.25,15.5,1.125322937965393,19800,ETR
1975-07-01,15.5,15.5,15.125,15.25,1.1071728467941284,22900,ETR
1975-07-02,15.25,15.375,15.0,15.25,1.1071728467941284,41100,ETR
1975-07-03,15.25,15.375,14.875,14.875,1.0799477100372314,27800,ETR
1975-07-07,14.875,15.125,14.875,14.875,1.0799477100372314,21800,ETR
1975-07-08,14.875,15.125,14.875,15.0,1.0890229940414429,24600,ETR
1975-07-09,15.0,15.25,15.0,15.25,1.1071728467941284,20700,ETR
1975-07-10,15.25,15.625,15.125,15.125,1.0980970859527588,95800,ETR
1975-07-11,15.125,15.625,15.125,15.625,1.1343982219696045,37000,ETR
1975-07-14,15.625,15.75,15.375,15.75,1.1434733867645264,32900,ETR
1975-07-15,15.75,15.875,15.625,15.875,1.1525492668151855,38900,ETR
1975-07-16,15.875,16.125,15.875,16.0,1.1616240739822388,52600,ETR
1975-07-17,16.0,16.0,15.75,15.75,1.1434733867645264,18400,ETR
1975-07-18,15.75,16.0,15.625,15.75,1.1434733867645264,25400,ETR
1975-07-21,15.75,16.0,15.75,15.875,1.1525492668151855,35700,ETR
1975-07-22,15.75,15.75,15.5,15.5,1.125322937965393,51800,ETR
1975-07-23,15.5,15.625,15.375,15.375,1.1162477731704712,29700,ETR
1975-07-24,15.375,15.5,15.25,15.25,1.1071728467941284,71800,ETR
1975-07-25,15.25,15.375,15.0,15.125,1.0980970859527588,35600,ETR
1975-07-28,15.125,15.375,14.625,14.75,1.0708719491958618,20400,ETR
1975-07-29,14.75,15.125,14.625,14.625,1.0617965459823608,16200,ETR
1975-07-30,14.625,14.875,14.625,14.625,1.0617965459823608,10100,ETR
1975-07-31,14.625,14.875,14.625,14.625,1.0617965459823608,9900,ETR
1975-08-01,14.625,14.875,14.375,14.5,1.0527219772338867,14000,ETR
1975-08-04,14.5,14.75,14.25,14.25,1.0345709323883057,15200,ETR
1975-08-05,14.25,14.375,14.125,14.125,1.025496006011963,11600,ETR
1975-08-06,14.125,14.125,13.75,13.875,1.0073457956314087,20100,ETR
1975-08-07,13.875,14.125,13.625,13.875,1.0073457956314087,23600,ETR
1975-08-08,14.0,14.125,14.0,14.0,1.0164209604263306,10100,ETR
1975-08-11,14.0,14.25,14.0,14.125,1.025496006011963,16900,ETR
1975-08-12,14.125,14.375,14.0,14.125,1.025496006011963,25500,ETR
1975-08-13,14.125,14.125,13.875,13.875,1.0073457956314087,70600,ETR
1975-08-14,13.875,13.875,13.75,13.875,1.0073457956314087,43600,ETR
1975-08-15,13.875,13.875,13.75,13.75,0.9982700347900391,5100,ETR
1975-08-18,13.75,13.875,13.625,13.75,0.9982700347900391,6300,ETR
1975-08-19,13.75,13.75,13.125,13.25,0.961970329284668,112400,ETR
1975-08-20,13.25,13.25,13.125,13.25,0.961970329284668,24800,ETR
1975-08-21,13.25,13.25,12.875,13.0,0.9438188672065735,38300,ETR
1975-08-22,13.0,13.25,12.875,13.25,0.961970329284668,27700,ETR
1975-08-25,13.25,13.5,13.25,13.5,0.9801193475723267,29400,ETR
1975-08-26,13.5,13.5,13.375,13.5,0.9801193475723267,38300,ETR
1975-08-27,13.5,13.5,13.25,13.375,0.9710444808006287,44800,ETR
1975-08-28,13.5,13.75,13.5,13.75,0.9982700347900391,27600,ETR
1975-08-29,13.75,14.125,13.625,14.0,1.0164209604263306,36600,ETR
1975-09-02,14.0,14.0,13.75,13.75,0.9982700347900391,10900,ETR
1975-09-03,13.75,13.875,13.5,13.625,0.989194929599762,10100,ETR
1975-09-04,13.625,13.875,13.625,13.75,0.9982700347900391,16100,ETR
1975-09-05,13.75,13.75,13.5,13.75,0.9982700347900391,13500,ETR
1975-09-08,13.625,13.625,13.375,13.625,1.0123884677886963,26700,ETR
1975-09-09,13.625,13.625,13.25,13.25,0.9845244288444519,28800,ETR
1975-09-10,13.25,13.25,13.0,13.0,0.9659479856491089,17700,ETR
1975-09-11,13.0,13.125,12.875,13.0,0.9659479856491089,24400,ETR
1975-09-12,13.0,13.125,12.75,13.0,0.9659479856491089,222400,ETR
1975-09-15,13.0,13.0,12.625,12.75,0.9473726153373718,41800,ETR
1975-09-16,12.75,12.75,12.375,12.5,0.9287962317466736,37000,ETR
1975-09-17,12.625,13.0,12.625,12.875,0.9566605687141418,20500,ETR
1975-09-18,12.875,13.0,12.625,13.0,0.9659479856491089,32500,ETR
1975-09-19,13.0,13.125,12.75,12.75,0.9473726153373718,24700,ETR
1975-09-22,12.75,13.0,12.75,12.875,0.9566605687141418,21700,ETR
1975-09-23,12.875,12.875,12.75,12.875,0.9566605687141418,14500,ETR
1975-09-24,12.875,13.0,12.75,13.0,0.9659479856491089,91400,ETR
1975-09-25,13.0,13.125,12.75,13.0,0.9659479856491089,19300,ETR
1975-09-26,13.0,13.0,12.875,13.0,0.9659479856491089,13700,ETR
1975-09-29,13.0,13.0,12.875,13.0,0.9659479856491089,14200,ETR
1975-09-30,12.875,12.875,12.75,12.875,0.9566605687141418,11100,ETR
1975-10-01,12.875,13.0,12.75,12.875,0.9566605687141418,20600,ETR
1975-10-02,12.875,12.875,12.625,12.875,0.9566605687141418,31000,ETR
1975-10-03,12.875,13.125,12.75,13.125,0.9752361178398132,40800,ETR
1975-10-06,13.125,13.375,13.0,13.375,0.9938122034072876,60400,ETR
1975-10-07,13.375,13.5,13.25,13.5,1.003100037574768,212500,ETR
1975-10-08,13.5,13.5,13.375,13.375,0.9938122034072876,59100,ETR
1975-10-09,13.5,13.875,13.5,13.875,1.03096342086792,34900,ETR
1975-10-10,13.875,14.375,13.875,13.875,1.03096342086792,53400,ETR
1975-10-13,14.0,14.25,14.0,14.125,1.0495401620864868,45400,ETR
1975-10-14,14.125,14.375,14.125,14.25,1.0588281154632568,63200,ETR
1975-10-15,14.25,14.25,13.875,13.875,1.03096342086792,56800,ETR
1975-10-16,13.875,14.0,13.75,13.875,1.03096342086792,21900,ETR
1975-10-17,13.875,13.875,13.625,13.875,1.03096342086792,21100,ETR
1975-10-20,13.875,14.0,13.75,13.875,1.03096342086792,28900,ETR
1975-10-21,13.875,14.125,13.875,14.125,1.0495401620864868,34900,ETR
1975-10-22,14.125,14.375,14.125,14.375,1.0681155920028687,40000,ETR
1975-10-23,14.375,14.625,14.375,14.5,1.07740318775177,72200,ETR
1975-10-24,14.5,14.875,14.5,14.5,1.07740318775177,31000,ETR
1975-10-27,14.5,14.625,14.375,14.375,1.0681155920028687,34100,ETR
1975-10-28,14.375,14.5,14.25,14.375,1.0681155920028687,28900,ETR
1975-10-29,14.375,14.5,14.375,14.375,1.0681155920028687,36900,ETR
1975-10-30,14.375,14.5,14.25,14.5,1.07740318775177,34500,ETR
1975-10-31,14.5,14.75,14.375,14.75,1.0959798097610474,27400,ETR
1975-11-03,14.75,14.75,14.5,14.75,1.0959798097610474,16600,ETR
1975-11-04,14.75,14.875,14.625,14.75,1.0959798097610474,24000,ETR
1975-11-05,14.75,14.75,14.625,14.625,1.0866913795471191,14400,ETR
1975-11-06,14.625,14.875,14.5,14.875,1.105268120765686,23600,ETR
1975-11-07,14.875,15.125,14.75,15.0,1.114555835723877,22100,ETR
1975-11-10,14.875,14.875,14.625,14.875,1.105268120765686,15400,ETR
1975-11-11,14.875,14.875,14.625,14.625,1.0866913795471191,21300,ETR
1975-11-12,14.625,14.875,14.625,14.625,1.0866913795471191,41200,ETR
1975-11-13,14.625,14.75,14.375,14.5,1.07740318775177,50500,ETR
1975-11-14,14.5,14.625,14.375,14.5,1.07740318775177,18600,ETR
1975-11-17,14.5,14.625,14.375,14.625,1.0866913795471191,23400,ETR
1975-11-18,14.625,15.0,14.625,14.75,1.0959798097610474,35700,ETR
1975-11-19,14.75,14.875,14.625,14.75,1.0959798097610474,21600,ETR
1975-11-20,14.625,14.625,14.375,14.375,1.0681155920028687,31200,ETR
1975-11-21,14.375,14.375,14.25,14.25,1.0588281154632568,43500,ETR
1975-11-24,14.375,14.625,14.375,14.5,1.07740318775177,16900,ETR
1975-11-25,14.5,14.625,14.5,14.625,1.0866913795471191,33300,ETR
1975-11-26,14.625,14.875,14.5,14.875,1.105268120765686,54600,ETR
1975-11-28,14.875,14.875,14.625,14.875,1.105268120765686,22700,ETR
1975-12-01,14.875,14.875,14.5,14.5,1.07740318775177,51500,ETR
1975-12-02,14.5,14.75,14.5,14.625,1.0866913795471191,20200,ETR
1975-12-03,14.5,14.5,14.25,14.375,1.0681155920028687,37400,ETR
1975-12-04,14.375,14.5,14.25,14.375,1.0681155920028687,23100,ETR
1975-12-05,14.5,14.875,14.5,14.625,1.0866913795471191,33300,ETR
1975-12-08,14.625,14.875,14.625,14.75,1.0959798097610474,16700,ETR
1975-12-09,14.25,14.5,14.25,14.375,1.0925594568252563,28000,ETR
1975-12-10,14.375,14.375,14.125,14.25,1.0830594301223755,18000,ETR
1975-12-11,14.25,14.25,14.0,14.125,1.073559045791626,16700,ETR
1975-12-12,14.125,14.125,13.875,14.0,1.064058780670166,33400,ETR
1975-12-15,14.0,14.0,13.75,14.0,1.064058780670166,36200,ETR
1975-12-16,14.0,14.25,13.875,14.0,1.064058780670166,29700,ETR
1975-12-17,14.0,14.25,14.0,14.25,1.0830594301223755,57100,ETR
1975-12-18,14.25,14.5,14.25,14.375,1.0925594568252563,32400,ETR
1975-12-19,14.375,14.625,14.375,14.375,1.0925594568252563,75000,ETR
1975-12-22,14.375,14.5,14.25,14.5,1.102060079574585,20400,ETR
1975-12-23,14.5,14.625,14.375,14.5,1.102060079574585,29300,ETR
1975-12-24,14.5,14.625,14.375,14.5,1.102060079574585,24500,ETR
1975-12-26,14.375,14.375,14.25,14.375,1.0925594568252563,13200,ETR
1975-12-29,14.375,14.5,14.375,14.375,1.0925594568252563,71900,ETR
1975-12-30,14.375,14.375,14.25,14.375,1.0925594568252563,38300,ETR
1975-12-31,14.375,14.5,14.25,14.5,1.102060079574585,132300,ETR
1976-01-02,14.5,14.625,14.375,14.5,1.102060079574585,129700,ETR
1976-01-05,14.625,15.375,14.625,15.25,1.1590631008148193,51400,ETR
1976-01-06,15.375,15.75,15.375,15.5,1.1780630350112915,44800,ETR
1976-01-07,15.5,15.625,15.375,15.625,1.1875652074813843,147700,ETR
1976-01-08,15.625,15.75,15.5,15.5,1.1780630350112915,69100,ETR
1976-01-09,15.5,15.875,15.5,15.75,1.197066068649292,62700,ETR
1976-01-12,15.75,15.75,15.5,15.75,1.197066068649292,30500,ETR
1976-01-13,15.75,15.875,15.625,15.875,1.2065658569335938,54900,ETR
1976-01-14,16.125,16.25,16.125,16.125,1.2255666255950928,666800,ETR
1976-01-15,16.125,16.125,15.75,15.75,1.197066068649292,2908300,ETR
1976-01-16,15.75,15.875,15.75,15.875,1.2065658569335938,99900,ETR
1976-01-19,15.875,16.0,15.875,16.0,1.216066837310791,105300,ETR
1976-01-20,16.0,16.125,15.875,16.125,1.2255666255950928,495000,ETR
1976-01-21,16.125,16.125,15.875,16.0,1.216066837310791,423600,ETR
1976-01-22,16.0,16.125,15.875,16.125,1.2255666255950928,45300,ETR
1976-01-23,16.125,16.125,15.875,15.875,1.2065658569335938,37400,ETR
1976-01-26,15.875,16.125,15.875,15.875,1.2065658569335938,89000,ETR
1976-01-27,15.875,16.0,15.75,15.75,1.197066068649292,175700,ETR
1976-01-28,15.75,15.875,15.75,15.875,1.2065658569335938,36700,ETR
1976-01-29,15.875,16.0,15.625,15.625,1.1875652074813843,79600,ETR
1976-01-30,15.625,15.875,15.625,15.75,1.197066068649292,67700,ETR
1976-02-02,15.75,16.0,15.625,15.875,1.2065658569335938,69700,ETR
1976-02-03,15.875,15.875,15.625,15.625,1.1875652074813843,41700,ETR
1976-02-04,15.625,15.875,15.625,15.625,1.1875652074813843,93100,ETR
1976-02-05,15.625,15.875,15.5,15.5,1.1780630350112915,52300,ETR
1976-02-06,15.5,15.75,15.375,15.5,1.1780630350112915,95600,ETR
1976-02-09,15.5,15.75,15.375,15.5,1.1780630350112915,33400,ETR
1976-02-10,15.5,15.75,15.375,15.5,1.1780630350112915,75400,ETR
1976-02-11,15.5,15.75,15.5,15.625,1.1875652074813843,28600,ETR
1976-02-12,15.625,15.625,15.125,15.375,1.1685643196105957,115500,ETR
1976-02-13,15.375,15.375,15.125,15.25,1.1590631008148193,65900,ETR
1976-02-17,15.25,15.5,15.125,15.375,1.1685643196105957,32500,ETR
1976-02-18,15.375,15.5,15.125,15.375,1.1685643196105957,57700,ETR
1976-02-19,15.375,15.5,15.125,15.25,1.1590631008148193,102900,ETR
1976-02-20,15.25,15.25,15.0,15.25,1.1590631008148193,111600,ETR
1976-02-23,15.25,15.25,14.875,14.875,1.1305617094039917,41200,ETR
1976-02-24,15.0,15.25,15.0,15.125,1.1495630741119385,129800,ETR
1976-02-25,15.125,15.25,15.0,15.125,1.1495630741119385,69100,ETR
1976-02-26,15.125,15.25,14.75,14.875,1.1305617094039917,91700,ETR
1976-02-27,14.875,15.0,14.625,14.625,1.1115602254867554,66800,ETR
1976-03-01,14.75,15.125,14.75,15.0,1.1400625705718994,89200,ETR
1976-03-02,15.125,15.375,15.125,15.25,1.1590631008148193,47400,ETR
1976-03-03,15.25,15.375,15.0,15.125,1.1495630741119385,58200,ETR
1976-03-04,15.125,15.25,14.625,14.875,1.1305617094039917,122800,ETR
1976-03-05,14.875,15.0,14.75,14.875,1.1305617094039917,43700,ETR
1976-03-08,14.625,14.875,14.625,14.625,1.1367799043655396,39500,ETR
1976-03-09,14.625,15.0,14.625,14.625,1.1367799043655396,48900,ETR
1976-03-10,14.625,14.875,14.625,14.75,1.1464961767196655,37200,ETR
1976-03-11,14.75,15.125,14.75,15.0,1.1659281253814697,96300,ETR
1976-03-12,15.0,15.0,14.625,14.75,1.1464961767196655,53400,ETR
1976-03-15,14.75,15.0,14.375,14.625,1.1367799043655396,69400,ETR
1976-03-16,14.625,14.625,14.375,14.5,1.127063512802124,48600,ETR
1976-03-17,14.5,14.625,14.375,14.5,1.127063512802124,68000,ETR
1976-03-18,14.5,14.75,14.5,14.625,1.1367799043655396,71600,ETR
1976-03-19,14.625,14.875,14.625,14.75,1.1464961767196655,17700,ETR
1976-03-22,14.75,14.875,14.625,14.625,1.1367799043655396,67900,ETR
1976-03-23,14.625,14.875,14.5,14.75,1.1464961767196655,33100,ETR
1976-03-24,14.75,15.0,14.625,14.75,1.1464961767196655,276500,ETR
1976-03-25,14.75,14.875,14.625,14.625,1.1367799043655396,62900,ETR
1976-03-26,14.625,14.875,14.625,14.875,1.1562124490737915,26000,ETR
1976-03-29,14.875,14.875,14.625,14.625,1.1367799043655396,29100,ETR
1976-03-30,14.625,14.75,14.5,14.625,1.1367799043655396,32100,ETR
1976-03-31,14.625,14.875,14.625,14.75,1.1464961767196655,44900,ETR
1976-04-01,14.75,15.0,14.75,15.0,1.1659281253814697,44800,ETR
1976-04-02,15.0,15.25,14.875,15.0,1.1659281253814697,77500,ETR
1976-04-05,15.0,15.125,14.875,15.0,1.1659281253814697,53200,ETR
1976-04-06,15.0,15.125,14.875,14.875,1.1562124490737915,50000,ETR
1976-04-07,14.875,15.0,14.75,14.875,1.1562124490737915,137500,ETR
1976-04-08,14.875,14.875,14.625,14.875,1.1562124490737915,58000,ETR
1976-04-09,14.875,15.0,14.625,15.0,1.1659281253814697,107900,ETR
1976-04-12,14.875,14.875,14.625,14.625,1.1367799043655396,66800,ETR
1976-04-13,14.625,14.75,14.5,14.75,1.1464961767196655,42900,ETR
1976-04-14,14.75,14.875,14.5,14.5,1.127063512802124,103700,ETR
1976-04-15,14.5,14.75,14.5,14.625,1.1367799043655396,93600,ETR
1976-04-19,14.625,14.625,14.375,14.375,1.1173475980758667,107000,ETR
1976-04-20,14.375,14.75,14.375,14.625,1.1367799043655396,66000,ETR
1976-04-21,14.625,14.875,14.125,14.625,1.1367799043655396,79300,ETR
1976-04-22,14.625,14.75,14.5,14.75,1.1464961767196655,87500,ETR
1976-04-23,14.75,14.75,14.375,14.75,1.1464961767196655,94700,ETR
1976-04-26,14.75,14.75,14.5,14.625,1.1367799043655396,78200,ETR
1976-04-27,14.625,15.0,14.625,14.875,1.1562124490737915,58200,ETR
1976-04-28,14.875,15.0,14.625,14.875,1.1562124490737915,22400,ETR
1976-04-29,14.875,15.0,14.625,14.75,1.1464961767196655,109500,ETR
1976-04-30,14.75,14.875,14.75,14.875,1.1562124490737915,22200,ETR
1976-05-03,14.875,14.875,14.625,14.875,1.1562124490737915,71600,ETR
1976-05-04,14.875,14.875,14.75,14.875,1.1562124490737915,33900,ETR
1976-05-05,14.875,14.875,14.625,14.75,1.1464961767196655,29900,ETR
1976-05-06,14.75,14.75,14.5,14.625,1.1367799043655396,25200,ETR
1976-05-07,14.625,14.75,14.5,14.625,1.1367799043655396,76000,ETR
1976-05-10,14.625,14.875,14.625,14.625,1.1367799043655396,73000,ETR
1976-05-11,14.625,14.75,14.25,14.5,1.127063512802124,118100,ETR
1976-05-12,14.5,15.0,14.0,14.0,1.0881999731063843,229400,ETR
1976-05-13,14.0,14.25,14.0,14.25,1.1076313257217407,139700,ETR
1976-05-14,14.25,14.25,14.0,14.125,1.0979156494140625,68800,ETR
1976-05-17,14.125,14.25,14.0,14.0,1.0881999731063843,88600,ETR
1976-05-18,14.0,14.125,13.875,14.0,1.0881999731063843,69800,ETR
1976-05-19,14.0,14.75,13.625,13.75,1.0687671899795532,99700,ETR
1976-05-20,13.75,14.0,13.625,13.875,1.0784837007522583,97900,ETR
1976-05-21,13.875,14.125,13.75,13.875,1.0784837007522583,67900,ETR
1976-05-24,13.875,14.0,13.75,13.875,1.0784837007522583,79700,ETR
1976-05-25,13.875,14.0,13.75,13.75,1.0687671899795532,59800,ETR
1976-05-26,13.75,14.0,13.75,14.0,1.0881999731063843,51800,ETR
1976-05-27,14.0,14.125,13.625,13.75,1.0687671899795532,56100,ETR
1976-05-28,13.875,14.25,13.875,14.25,1.1076313257217407,51200,ETR
1976-06-01,14.25,14.75,14.125,14.25,1.1076313257217407,90900,ETR
1976-06-02,14.25,14.625,14.25,14.5,1.127063512802124,69000,ETR
1976-06-03,14.5,14.875,14.5,14.5,1.127063512802124,49200,ETR
1976-06-04,14.5,14.625,14.25,14.5,1.127063512802124,121700,ETR
1976-06-07,14.375,14.375,14.125,14.25,1.1334271430969238,41900,ETR
1976-06-08,14.25,14.625,14.125,14.125,1.1234842538833618,48300,ETR
1976-06-09,14.125,14.125,14.0,14.125,1.1234842538833618,34900,ETR
1976-06-10,14.125,14.375,14.0,14.25,1.1334271430969238,69500,ETR
1976-06-11,14.25,14.375,14.125,14.25,1.1334271430969238,107900,ETR
1976-06-14,14.25,14.5,14.25,14.375,1.1433690786361694,32400,ETR
1976-06-15,14.375,14.5,14.375,14.5,1.1533117294311523,145100,ETR
1976-06-16,14.5,14.5,14.375,14.5,1.1533117294311523,44600,ETR
1976-06-17,14.375,14.375,14.25,14.25,1.1334271430969238,43800,ETR
1976-06-18,14.25,14.5,14.25,14.375,1.1433690786361694,47700,ETR
1976-06-21,14.375,14.5,14.25,14.375,1.1433690786361694,44500,ETR
1976-06-22,14.375,14.5,14.125,14.125,1.1234842538833618,46600,ETR
1976-06-23,14.125,14.375,14.0,14.25,1.1334271430969238,50300,ETR
1976-06-24,14.25,14.375,14.125,14.25,1.1334271430969238,32100,ETR
1976-06-25,14.25,14.375,14.125,14.375,1.1433690786361694,40000,ETR
1976-06-28,14.375,14.5,14.25,14.25,1.1334271430969238,38600,ETR
1976-06-29,14.25,14.625,14.25,14.5,1.1533117294311523,31500,ETR
1976-06-30,14.5,14.75,13.625,14.625,1.1632535457611084,27800,ETR
1976-07-01,14.625,14.75,14.5,14.625,1.1632535457611084,44600,ETR
1976-07-02,14.625,14.625,14.375,14.625,1.1632535457611084,106900,ETR
1976-07-06,14.625,14.75,14.375,14.625,1.1632535457611084,45000,ETR
1976-07-07,14.625,14.625,14.375,14.625,1.1632535457611084,28900,ETR
1976-07-08,14.625,14.75,14.5,14.75,1.17319655418396,91000,ETR
1976-07-09,14.75,14.75,14.25,14.75,1.17319655418396,45800,ETR
1976-07-12,14.75,15.0,14.75,14.875,1.1831388473510742,55000,ETR
1976-07-13,14.875,15.0,14.75,14.875,1.1831388473510742,64000,ETR
1976-07-14,14.875,14.875,14.375,14.875,1.1831388473510742,60100,ETR
1976-07-15,14.875,14.875,14.625,14.75,1.17319655418396,60300,ETR
1976-07-16,14.75,14.75,14.375,14.75,1.17319655418396,77300,ETR
1976-07-19,14.75,14.875,14.5,14.5,1.1533117294311523,89800,ETR
1976-07-20,14.5,14.625,14.375,14.5,1.1533117294311523,42500,ETR
1976-07-21,14.5,14.5,14.25,14.5,1.1533117294311523,62000,ETR
1976-07-22,14.5,14.75,14.125,14.25,1.1334271430969238,105900,ETR
1976-07-23,14.25,14.375,14.25,14.375,1.1433690786361694,71500,ETR
1976-07-26,14.375,14.375,14.25,14.25,1.1334271430969238,60800,ETR
1976-07-27,14.25,14.375,14.25,14.375,1.1433690786361694,60000,ETR
1976-07-28,14.375,14.375,14.0,14.125,1.1234842538833618,68000,ETR
1976-07-29,14.25,14.375,14.25,14.375,1.1433690786361694,89600,ETR
1976-07-30,14.375,14.375,13.875,14.25,1.1334271430969238,32700,ETR
1976-08-02,14.25,14.375,14.125,14.25,1.1334271430969238,33600,ETR
1976-08-03,14.25,14.875,14.25,14.75,1.17319655418396,66400,ETR
1976-08-04,14.75,14.75,14.625,14.625,1.1632535457611084,45600,ETR
1976-08-05,14.625,15.0,14.625,15.0,1.1930814981460571,42900,ETR
1976-08-06,15.0,15.125,14.875,15.125,1.2030225992202759,68300,ETR
1976-08-09,15.125,15.875,15.0,15.125,1.2030225992202759,35200,ETR
1976-08-10,15.25,15.5,15.25,15.5,1.232850193977356,98000,ETR
1976-08-11,15.5,15.5,15.125,15.25,1.212965965270996,118200,ETR
1976-08-12,15.375,15.5,15.375,15.5,1.232850193977356,49400,ETR
1976-08-13,15.5,15.75,15.5,15.625,1.2427922487258911,55500,ETR
1976-08-16,15.625,15.75,15.5,15.625,1.2427922487258911,31500,ETR
1976-08-17,15.625,15.625,15.5,15.625,1.2427922487258911,56200,ETR
1976-08-18,15.625,15.75,15.375,15.625,1.2427922487258911,142000,ETR
1976-08-19,15.625,15.625,15.375,15.5,1.232850193977356,52400,ETR
1976-08-20,15.5,15.5,15.125,15.25,1.212965965270996,37100,ETR
1976-08-23,15.25,15.25,15.125,15.25,1.212965965270996,15000,ETR
1976-08-24,15.25,15.375,15.0,15.25,1.212965965270996,24000,ETR
1976-08-25,15.25,15.5,15.125,15.25,1.212965965270996,37300,ETR
1976-08-26,15.25,15.375,15.25,15.375,1.2229079008102417,19700,ETR
1976-08-27,15.375,15.5,15.25,15.25,1.212965965270996,20700,ETR
1976-08-30,15.25,15.5,15.25,15.5,1.232850193977356,23400,ETR
1976-08-31,15.5,15.625,15.25,15.625,1.2427922487258911,31900,ETR
1976-09-01,15.625,15.875,15.5,15.625,1.2427922487258911,66400,ETR
1976-09-02,15.625,15.75,15.625,15.75,1.2527357339859009,128200,ETR
1976-09-03,15.375,15.875,15.375,15.75,1.2795451879501343,46000,ETR
1976-09-07,15.75,15.875,15.625,15.875,1.2897000312805176,72300,ETR
1976-09-08,15.875,15.875,15.625,15.625,1.269389033317566,45400,ETR
1976-09-09,15.625,15.75,15.375,15.625,1.269389033317566,94000,ETR
1976-09-10,15.625,15.625,15.0,15.625,1.269389033317566,36600,ETR
1976-09-13,15.625,15.75,15.375,15.5,1.2592339515686035,46900,ETR
1976-09-14,15.5,15.75,15.5,15.5,1.2592339515686035,66800,ETR
1976-09-15,15.5,15.75,15.5,15.5,1.2592339515686035,43300,ETR
1976-09-16,15.5,15.75,15.5,15.5,1.2592339515686035,43800,ETR
1976-09-17,15.625,15.875,15.625,15.625,1.269389033317566,90000,ETR
1976-09-20,15.625,15.75,15.5,15.75,1.2795451879501343,94700,ETR
1976-09-21,15.75,15.875,14.625,15.875,1.2897000312805176,153700,ETR
1976-09-22,15.875,16.0,15.625,16.0,1.2998548746109009,240200,ETR
1976-09-23,16.0,16.375,15.75,16.125,1.3100093603134155,287700,ETR
1976-09-24,16.125,16.25,16.125,16.25,1.3201650381088257,67100,ETR
1976-09-27,16.25,16.375,16.125,16.25,1.3201650381088257,138000,ETR
1976-09-28,16.25,16.375,16.125,16.25,1.3201650381088257,221100,ETR
1976-09-29,16.25,16.25,15.875,16.125,1.3100093603134155,49100,ETR
1976-09-30,16.125,16.125,15.75,15.75,1.2795451879501343,27800,ETR
1976-10-01,15.75,16.0,15.75,15.875,1.2897000312805176,144100,ETR
1976-10-04,15.875,16.0,15.75,15.875,1.2897000312805176,39400,ETR
1976-10-05,15.875,16.0,15.625,15.875,1.2897000312805176,69800,ETR
1976-10-06,16.0,16.125,16.0,16.125,1.3100093603134155,329300,ETR
1976-10-07,16.125,16.375,16.0,16.375,1.3303204774856567,123700,ETR
1976-10-08,16.375,16.375,16.125,16.125,1.3100093603134155,44700,ETR
1976-10-11,16.125,16.625,16.0,16.25,1.3201650381088257,51100,ETR
1976-10-12,16.25,16.25,16.0,16.0,1.2998548746109009,80300,ETR
1976-10-13,16.0,16.125,15.75,16.0,1.2998548746109009,75100,ETR
1976-10-14,16.0,16.125,15.875,16.125,1.3100093603134155,64400,ETR
1976-10-15,16.125,16.125,16.0,16.0,1.2998548746109009,149100,ETR
1976-10-18,16.0,16.25,15.875,16.125,1.3100093603134155,42000,ETR
1976-10-19,16.125,16.125,15.5,15.875,1.2897000312805176,49500,ETR
1976-10-20,15.875,16.0,15.75,15.75,1.2795451879501343,40900,ETR
1976-10-21,15.75,16.0,15.5,15.625,1.269389033317566,204100,ETR
1976-10-22,15.5,15.5,14.875,15.125,1.2287683486938477,71600,ETR
1976-10-25,15.125,15.125,14.875,15.0,1.2186142206192017,56400,ETR
1976-10-26,15.0,15.25,14.875,14.875,1.2084589004516602,40100,ETR
1976-10-27,14.875,15.125,14.75,15.125,1.2287683486938477,40000,ETR
1976-10-28,15.125,15.25,15.125,15.25,1.238924503326416,28900,ETR
1976-10-29,15.25,15.25,15.0,15.125,1.2287683486938477,32000,ETR
1976-11-01,15.125,15.75,15.125,15.5,1.2592339515686035,156600,ETR
1976-11-03,15.5,15.5,15.25,15.375,1.2490791082382202,53200,ETR
1976-11-04,15.375,15.625,15.25,15.5,1.2592339515686035,107100,ETR
1976-11-05,15.5,15.625,15.25,15.375,1.2490791082382202,42500,ETR
1976-11-08,15.375,15.5,15.25,15.5,1.2592339515686035,43700,ETR
1976-11-09,15.5,15.5,15.25,15.5,1.2592339515686035,58500,ETR
1976-11-10,15.5,15.625,15.375,15.625,1.269389033317566,44100,ETR
1976-11-11,15.625,15.75,15.5,15.625,1.269389033317566,18700,ETR
1976-11-12,15.625,15.875,15.5,15.5,1.2592339515686035,159600,ETR
1976-11-15,15.5,15.875,15.5,15.875,1.2897000312805176,49700,ETR
1976-11-16,15.875,16.0,15.875,15.875,1.2897000312805176,59400,ETR
1976-11-17,15.875,16.125,15.75,15.75,1.2795451879501343,49500,ETR
1976-11-18,15.75,16.125,15.75,16.125,1.3100093603134155,63300,ETR
1976-11-19,16.125,16.125,15.875,15.875,1.2897000312805176,32700,ETR
1976-11-22,15.875,16.25,15.875,16.125,1.3100093603134155,124700,ETR
1976-11-23,16.125,16.5,16.125,16.5,1.3404754400253296,209800,ETR
1976-11-24,16.5,16.75,16.0,16.625,1.3506301641464233,149800,ETR
1976-11-26,16.625,16.75,16.625,16.625,1.3506301641464233,113200,ETR
1976-11-29,16.625,16.75,16.375,16.5,1.3404754400253296,73800,ETR
1976-11-30,16.5,16.625,16.25,16.5,1.3404754400253296,65700,ETR
1976-12-01,16.5,16.875,16.375,16.75,1.3607854843139648,90600,ETR
1976-12-02,16.75,16.875,16.75,16.75,1.3607854843139648,126400,ETR
1976-12-03,16.75,17.375,16.75,17.125,1.3912513256072998,118200,ETR
1976-12-06,17.125,17.125,16.875,17.125,1.3912513256072998,57700,ETR
1976-12-07,16.25,16.625,16.25,16.5,1.368036150932312,103500,ETR
1976-12-08,16.5,16.5,16.25,16.375,1.357671856880188,181000,ETR
1976-12-09,16.25,16.25,15.875,16.0,1.326580286026001,82200,ETR
1976-12-10,16.0,16.5,16.0,16.375,1.357671856880188,126300,ETR
1976-12-13,16.375,16.5,16.25,16.375,1.357671856880188,74000,ETR
1976-12-14,16.375,16.5,16.125,16.25,1.3473079204559326,63300,ETR
1976-12-15,16.25,16.5,16.25,16.375,1.357671856880188,106500,ETR
1976-12-16,16.375,16.75,16.375,16.5,1.368036150932312,101100,ETR
1976-12-17,16.5,16.625,16.375,16.375,1.357671856880188,105600,ETR
1976-12-20,16.375,16.5,16.25,16.375,1.357671856880188,123600,ETR
1976-12-21,16.375,16.625,16.125,16.625,1.3783996105194092,49400,ETR
1976-12-22,16.625,16.75,16.5,16.625,1.3783996105194092,58800,ETR
1976-12-23,16.625,16.625,16.375,16.625,1.3783996105194092,42800,ETR
1976-12-27,16.625,16.625,16.5,16.625,1.3783996105194092,55300,ETR
1976-12-28,16.625,16.75,16.375,16.625,1.3783996105194092,55000,ETR
1976-12-29,16.625,16.625,16.375,16.375,1.357671856880188,41100,ETR
1976-12-30,16.375,16.75,16.25,16.75,1.388763189315796,42000,ETR
1976-12-31,16.75,16.75,16.625,16.75,1.388763189315796,25000,ETR
1977-01-03,16.75,16.875,16.5,16.75,1.388763189315796,45700,ETR
1977-01-04,16.75,16.875,16.5,16.5,1.368036150932312,48000,ETR
1977-01-05,16.5,16.625,16.5,16.5,1.368036150932312,27100,ETR
1977-01-06,16.5,16.75,16.5,16.625,1.3783996105194092,35200,ETR
1977-01-07,16.625,16.75,16.5,16.75,1.388763189315796,21200,ETR
1977-01-10,16.75,16.75,16.5,16.625,1.3783996105194092,59900,ETR
1977-01-11,16.625,16.625,16.5,16.5,1.368036150932312,36900,ETR
1977-01-12,16.625,16.75,16.625,16.75,1.388763189315796,793800,ETR
1977-01-13,16.75,16.875,16.625,16.875,1.399126410484314,123900,ETR
1977-01-14,16.875,16.875,16.625,16.875,1.399126410484314,105600,ETR
1977-01-17,16.875,17.0,16.625,16.875,1.399126410484314,51800,ETR
1977-01-18,16.875,16.875,16.625,16.75,1.388763189315796,50500,ETR
1977-01-19,16.75,17.0,16.625,16.875,1.399126410484314,148100,ETR
1977-01-20,17.0,17.25,17.0,17.0,1.4094921350479126,392400,ETR
1977-01-21,17.0,17.25,17.0,17.25,1.4302195310592651,73000,ETR
1977-01-24,17.25,17.5,17.125,17.25,1.4302195310592651,70300,ETR
1977-01-25,17.25,17.375,17.25,17.375,1.4405831098556519,91300,ETR
1977-01-26,17.375,17.625,17.25,17.25,1.4302195310592651,43800,ETR
1977-01-27,17.25,17.25,17.0,17.125,1.4198558330535889,92400,ETR
1977-01-28,17.125,17.125,17.0,17.0,1.4094921350479126,49800,ETR
1977-01-31,17.0,17.0,16.875,17.0,1.4094921350479126,58500,ETR
1977-02-01,17.0,17.0,16.75,16.875,1.399126410484314,81800,ETR
1977-02-02,16.875,17.0,16.75,16.75,1.388763189315796,38500,ETR
1977-02-03,16.75,16.875,16.5,16.75,1.388763189315796,46300,ETR
1977-02-04,16.75,17.0,16.625,16.625,1.3783996105194092,58500,ETR
1977-02-07,16.625,16.875,16.625,16.875,1.399126410484314,47700,ETR
1977-02-08,16.875,16.875,16.75,16.875,1.399126410484314,70400,ETR
1977-02-09,16.875,16.875,16.75,16.875,1.399126410484314,34300,ETR
1977-02-10,16.75,16.75,16.5,16.75,1.388763189315796,37200,ETR
1977-02-11,16.75,16.75,16.5,16.5,1.368036150932312,42600,ETR
1977-02-14,16.5,16.625,16.375,16.375,1.357671856880188,74100,ETR
1977-02-15,16.375,16.625,16.375,16.5,1.368036150932312,73300,ETR
1977-02-16,16.5,16.625,16.125,16.625,1.3783996105194092,32300,ETR
1977-02-17,16.625,16.75,16.5,16.625,1.3783996105194092,42900,ETR
1977-02-18,16.625,16.75,16.5,16.625,1.3783996105194092,36400,ETR
1977-02-22,16.625,16.625,16.5,16.625,1.3783996105194092,42100,ETR
1977-02-23,16.625,16.625,16.375,16.375,1.357671856880188,38500,ETR
1977-02-24,16.375,16.5,16.25,16.375,1.357671856880188,48100,ETR
1977-02-25,16.375,16.375,16.125,16.375,1.357671856880188,23600,ETR
1977-02-28,16.375,16.625,16.25,16.5,1.368036150932312,39800,ETR
1977-03-01,16.5,16.5,16.375,16.5,1.368036150932312,64300,ETR
1977-03-02,16.5,16.625,16.5,16.625,1.3783996105194092,117200,ETR
1977-03-03,16.625,16.75,16.5,16.75,1.388763189315796,31100,ETR
1977-03-04,16.75,17.0,16.75,16.875,1.399126410484314,50800,ETR
1977-03-07,16.5,16.625,16.25,16.625,1.4071685075759888,39100,ETR
1977-03-08,16.625,16.625,16.375,16.375,1.386008381843567,22300,ETR
1977-03-09,16.375,16.5,16.25,16.375,1.386008381843567,54700,ETR
1977-03-10,16.375,16.375,16.125,16.25,1.3754279613494873,28000,ETR
1977-03-11,16.25,16.375,16.25,16.375,1.386008381843567,56100,ETR
1977-03-14,16.375,16.375,16.25,16.375,1.386008381843567,50300,ETR
1977-03-15,16.375,16.5,16.25,16.25,1.3754279613494873,137500,ETR
1977-03-16,16.25,16.625,16.25,16.5,1.3965870141983032,40700,ETR
1977-03-17,16.5,16.5,16.25,16.5,1.3965870141983032,46300,ETR
1977-03-18,16.5,16.5,16.25,16.375,1.386008381843567,38700,ETR
1977-03-21,16.375,16.5,16.25,16.5,1.3965870141983032,43100,ETR
1977-03-22,16.375,16.375,16.0,16.0,1.3542683124542236,96000,ETR
1977-03-23,16.0,16.25,15.875,15.875,1.3436880111694336,83600,ETR
1977-03-24,15.875,16.0,15.625,15.75,1.3331060409545898,83800,ETR
1977-03-25,15.75,15.875,15.75,15.875,1.3436880111694336,55900,ETR
1977-03-28,15.875,15.875,15.75,15.875,1.3436880111694336,36900,ETR
1977-03-29,15.875,16.0,15.875,16.0,1.3542683124542236,44300,ETR
1977-03-30,16.0,16.0,15.875,16.0,1.3542683124542236,28900,ETR
1977-03-31,16.0,16.125,16.0,16.125,1.3648475408554077,42300,ETR
1977-04-01,16.125,16.375,16.0,16.125,1.3648475408554077,36600,ETR
1977-04-04,16.125,16.75,16.0,16.0,1.3542683124542236,32100,ETR
1977-04-05,16.0,16.25,15.875,16.125,1.3648475408554077,33300,ETR
1977-04-06,16.125,16.25,16.125,16.125,1.3648475408554077,22000,ETR
1977-04-07,16.125,16.25,15.875,15.875,1.3436880111694336,66600,ETR
1977-04-11,15.875,16.125,15.875,16.0,1.3542683124542236,50100,ETR
1977-04-12,16.0,16.25,16.0,16.125,1.3648475408554077,44600,ETR
1977-04-13,16.125,16.25,16.0,16.25,1.3754279613494873,40400,ETR
1977-04-14,16.25,16.375,16.125,16.375,1.386008381843567,82300,ETR
1977-04-15,16.375,16.375,16.25,16.25,1.3754279613494873,26500,ETR
1977-04-18,16.25,16.375,16.125,16.125,1.3648475408554077,56300,ETR
1977-04-19,16.125,16.25,16.0,16.25,1.3754279613494873,50900,ETR
1977-04-20,16.25,16.25,16.0,16.125,1.3648475408554077,153200,ETR
1977-04-21,16.125,16.125,15.875,16.0,1.3542683124542236,43700,ETR
1977-04-22,16.0,16.0,15.625,15.875,1.3436880111694336,31800,ETR
1977-04-25,15.875,16.0,15.875,16.0,1.3542683124542236,28600,ETR
1977-04-26,16.0,16.0,15.625,15.625,1.3225271701812744,52200,ETR
1977-04-27,15.625,16.0,15.375,15.75,1.3331060409545898,44900,ETR
1977-04-28,15.75,15.875,15.5,15.5,1.3119463920593262,38900,ETR
1977-04-29,15.625,16.0,15.625,15.75,1.3331060409545898,31800,ETR
1977-05-02,15.75,16.0,15.75,16.0,1.3542683124542236,165300,ETR
1977-05-03,16.0,16.25,16.0,16.125,1.3648475408554077,118000,ETR
1977-05-04,16.125,16.125,16.0,16.125,1.3648475408554077,46500,ETR
1977-05-05,16.125,16.125,16.0,16.0,1.3542683124542236,66900,ETR
1977-05-06,16.0,16.125,16.0,16.125,1.3648475408554077,31300,ETR
1977-05-09,16.125,16.5,16.0,16.0,1.3542683124542236,57500,ETR
1977-05-10,16.0,16.25,15.875,16.0,1.3542683124542236,42900,ETR
1977-05-11,16.0,16.25,16.0,16.125,1.3648475408554077,39700,ETR
1977-05-12,16.125,16.125,16.0,16.0,1.3542683124542236,110400,ETR
1977-05-13,16.0,16.125,15.875,16.0,1.3542683124542236,66000,ETR
1977-05-16,16.0,16.125,15.875,16.125,1.3648475408554077,124700,ETR
1977-05-17,16.125,16.125,16.0,16.125,1.3648475408554077,42800,ETR
1977-05-18,16.125,16.375,16.0,16.125,1.3648475408554077,62100,ETR
1977-05-19,16.125,16.25,16.125,16.125,1.3648475408554077,64000,ETR
1977-05-20,16.125,16.25,16.125,16.25,1.3754279613494873,69900,ETR
1977-05-23,16.25,16.375,16.125,16.375,1.386008381843567,47900,ETR
1977-05-24,16.375,16.375,16.125,16.25,1.3754279613494873,21500,ETR
1977-05-25,16.25,16.375,16.125,16.25,1.3754279613494873,35700,ETR
1977-05-26,16.25,16.375,16.25,16.25,1.3754279613494873,27800,ETR
1977-05-27,16.25,16.375,16.25,16.25,1.3754279613494873,27400,ETR
1977-05-31,16.25,16.375,16.25,16.25,1.3754279613494873,72400,ETR
1977-06-01,16.25,16.625,16.25,16.625,1.4071685075759888,65900,ETR
1977-06-02,16.625,16.75,16.5,16.625,1.4071685075759888,37900,ETR
1977-06-03,16.625,16.875,16.5,16.625,1.4071685075759888,122700,ETR
1977-06-06,16.375,16.375,16.25,16.375,1.415380597114563,77200,ETR
1977-06-07,16.375,16.5,16.25,16.375,1.415380597114563,40200,ETR
1977-06-08,16.375,16.625,16.25,16.5,1.426184058189392,84900,ETR
1977-06-09,16.5,16.75,16.5,16.75,1.447793960571289,47200,ETR
1977-06-10,16.75,16.75,16.5,16.625,1.4369884729385376,64600,ETR
1977-06-13,16.625,16.625,16.5,16.625,1.4369884729385376,26100,ETR
1977-06-14,16.625,16.75,16.5,16.625,1.4369884729385376,51300,ETR
1977-06-15,16.625,16.625,16.5,16.5,1.426184058189392,47600,ETR
1977-06-16,16.5,16.625,16.375,16.625,1.4369884729385376,311700,ETR
1977-06-17,16.625,16.75,16.5,16.75,1.447793960571289,97800,ETR
1977-06-20,16.75,17.0,16.625,16.875,1.4585981369018555,56100,ETR
1977-06-21,16.875,16.875,16.75,16.875,1.4585981369018555,180500,ETR
1977-06-22,16.875,17.0,16.625,16.75,1.447793960571289,155600,ETR
1977-06-23,16.75,16.75,16.5,16.5,1.426184058189392,138600,ETR
1977-06-24,16.5,16.625,16.5,16.5,1.426184058189392,71400,ETR
1977-06-27,16.5,16.625,16.5,16.5,1.426184058189392,33500,ETR
1977-06-28,16.5,16.625,16.5,16.5,1.426184058189392,33900,ETR
1977-06-29,16.5,16.625,16.375,16.5,1.426184058189392,80900,ETR
1977-06-30,16.5,16.5,16.375,16.5,1.426184058189392,26500,ETR
1977-07-01,16.5,16.5,16.25,16.375,1.415380597114563,44200,ETR
1977-07-05,16.375,16.5,16.25,16.375,1.415380597114563,42100,ETR
1977-07-06,16.375,16.5,16.25,16.5,1.426184058189392,55700,ETR
1977-07-07,16.5,16.75,16.5,16.75,1.447793960571289,43900,ETR
1977-07-08,16.75,16.75,16.5,16.5,1.426184058189392,64500,ETR
1977-07-11,16.625,17.0,16.625,16.875,1.4585981369018555,65700,ETR
1977-07-12,16.875,16.875,16.75,16.875,1.4585981369018555,73200,ETR
1977-07-13,16.875,17.125,16.75,17.0,1.4694026708602905,90300,ETR
1977-07-15,17.0,17.125,17.0,17.0,1.4694026708602905,45900,ETR
1977-07-18,17.0,17.5,17.0,17.125,1.4802063703536987,94600,ETR
1977-07-19,17.125,17.25,17.125,17.25,1.4910110235214233,56100,ETR
1977-07-20,17.25,17.5,17.0,17.125,1.4802063703536987,63000,ETR
1977-07-21,17.125,17.25,17.0,17.125,1.4802063703536987,183200,ETR
1977-07-22,17.125,17.375,17.0,17.25,1.4910110235214233,122300,ETR
1977-07-25,17.25,17.375,17.125,17.375,1.5018147230148315,26500,ETR
1977-07-26,17.375,17.375,17.125,17.25,1.4910110235214233,69400,ETR
1977-07-27,17.25,17.25,16.75,17.0,1.4694026708602905,74600,ETR
1977-07-28,16.875,16.875,16.625,16.75,1.447793960571289,58400,ETR
1977-07-29,16.75,16.875,16.5,16.5,1.426184058189392,30700,ETR
1977-08-01,16.625,16.875,16.625,16.75,1.447793960571289,50400,ETR
1977-08-02,16.875,17.0,16.875,17.0,1.4694026708602905,67600,ETR
1977-08-03,17.0,17.0,16.75,16.875,1.4585981369018555,44500,ETR
1977-08-04,16.875,17.0,16.875,17.0,1.4694026708602905,33900,ETR
1977-08-05,17.0,17.0,16.75,17.0,1.4694026708602905,185700,ETR
1977-08-08,17.0,17.0,16.75,16.75,1.447793960571289,201500,ETR
1977-08-09,16.75,16.875,16.625,16.625,1.4369884729385376,108900,ETR
1977-08-10,16.625,16.75,16.5,16.625,1.4369884729385376,34200,ETR
1977-08-11,16.75,16.875,16.75,16.75,1.447793960571289,436000,ETR
1977-08-12,16.75,16.875,16.75,16.875,1.4585981369018555,88800,ETR
1977-08-15,16.875,17.0,16.875,16.875,1.4585981369018555,38200,ETR
1977-08-16,16.875,17.0,16.75,16.75,1.447793960571289,116500,ETR
1977-08-17,16.75,16.875,16.75,16.75,1.447793960571289,169500,ETR
1977-08-18,16.75,16.875,16.625,16.75,1.447793960571289,144600,ETR
1977-08-19,16.75,16.75,16.625,16.75,1.447793960571289,59200,ETR
1977-08-22,16.75,17.0,16.625,16.625,1.4369884729385376,36300,ETR
1977-08-23,16.625,16.875,16.625,16.75,1.447793960571289,76400,ETR
1977-08-24,16.75,16.875,16.625,16.625,1.4369884729385376,38700,ETR
1977-08-25,16.625,16.75,16.625,16.75,1.447793960571289,44500,ETR
1977-08-26,16.75,16.75,16.625,16.625,1.4369884729385376,28600,ETR
1977-08-29,16.625,16.875,16.625,16.75,1.447793960571289,40600,ETR
1977-08-30,16.75,16.875,16.75,16.875,1.4585981369018555,45200,ETR
1977-08-31,16.875,16.875,16.75,16.875,1.4585981369018555,38000,ETR
1977-09-01,16.875,17.0,16.875,17.0,1.4694026708602905,52900,ETR
1977-09-02,16.375,16.625,16.375,16.625,1.4667556285858154,53200,ETR
1977-09-06,16.625,16.75,16.5,16.625,1.4667556285858154,29200,ETR
1977-09-07,16.625,16.875,16.625,16.875,1.48881196975708,153100,ETR
1977-09-08,16.875,16.875,16.75,16.75,1.4777839183807373,40800,ETR
1977-09-09,16.75,16.75,16.0,16.625,1.4667556285858154,83900,ETR
1977-09-12,16.625,16.75,16.625,16.625,1.4667556285858154,42800,ETR
1977-09-13,16.625,16.75,16.5,16.625,1.4667556285858154,59300,ETR
1977-09-14,16.75,16.875,16.75,16.875,1.48881196975708,161900,ETR
1977-09-15,16.875,17.0,16.875,16.875,1.48881196975708,162700,ETR
1977-09-16,17.0,17.125,17.0,17.0,1.4998397827148438,45000,ETR
1977-09-19,17.0,17.125,17.0,17.0,1.4998397827148438,47400,ETR
1977-09-20,17.0,17.125,16.875,16.875,1.48881196975708,72900,ETR
1977-09-21,16.875,17.0,16.875,17.0,1.4998397827148438,123000,ETR
1977-09-22,17.0,17.0,16.75,16.75,1.4777839183807373,48200,ETR
1977-09-23,16.75,17.0,16.75,16.875,1.48881196975708,88400,ETR
1977-09-26,16.875,17.125,16.875,16.875,1.48881196975708,20700,ETR
1977-09-27,16.875,17.125,16.875,17.125,1.5108675956726074,45200,ETR
1977-09-28,17.125,17.125,17.0,17.0,1.4998397827148438,26100,ETR
1977-09-29,17.0,17.125,17.0,17.0,1.4998397827148438,31300,ETR
1977-09-30,17.0,17.25,17.0,17.25,1.521897315979004,63100,ETR
1977-10-03,17.25,17.375,17.125,17.25,1.521897315979004,33500,ETR
1977-10-04,17.25,17.375,17.0,17.0,1.4998397827148438,224000,ETR
1977-10-05,17.0,17.0,16.875,17.0,1.4998397827148438,32100,ETR
1977-10-06,17.0,17.125,16.875,17.125,1.5108675956726074,120200,ETR
1977-10-07,17.0,17.0,16.875,17.0,1.4998397827148438,23900,ETR
1977-10-10,17.0,17.125,17.0,17.125,1.5108675956726074,23900,ETR
1977-10-11,17.125,17.125,17.0,17.0,1.4998397827148438,33000,ETR
1977-10-12,17.0,17.0,16.75,16.875,1.48881196975708,140200,ETR
1977-10-13,16.875,17.0,16.75,16.875,1.48881196975708,56400,ETR
1977-10-14,16.875,16.875,16.75,16.875,1.48881196975708,32600,ETR
1977-10-17,16.875,16.875,16.75,16.875,1.48881196975708,26200,ETR
1977-10-18,16.875,16.875,16.75,16.875,1.48881196975708,16500,ETR
1977-10-19,16.875,16.875,16.625,16.75,1.4777839183807373,27000,ETR
1977-10-20,16.75,16.875,16.625,16.875,1.48881196975708,19200,ETR
1977-10-21,16.875,16.875,16.5,16.625,1.4667556285858154,156500,ETR
1977-10-24,16.625,16.75,16.625,16.625,1.4667556285858154,73700,ETR
1977-10-25,16.625,16.625,16.375,16.5,1.4557265043258667,120600,ETR
1977-10-26,16.5,16.5,16.375,16.5,1.4557265043258667,46500,ETR
1977-10-27,16.5,16.625,16.375,16.5,1.4557265043258667,23300,ETR
1977-10-28,16.5,16.625,16.5,16.5,1.4557265043258667,20100,ETR
1977-10-31,16.5,16.625,16.5,16.625,1.4667556285858154,17100,ETR
1977-11-01,16.625,16.625,16.375,16.375,1.4446988105773926,44300,ETR
1977-11-02,16.25,16.25,16.125,16.125,1.422642707824707,61700,ETR
1977-11-03,16.125,16.25,16.125,16.125,1.422642707824707,15200,ETR
1977-11-04,16.125,16.5,16.125,16.375,1.4446988105773926,75900,ETR
1977-11-07,16.375,16.5,16.375,16.375,1.4446988105773926,28900,ETR
1977-11-08,16.375,16.75,16.375,16.625,1.4667556285858154,137900,ETR
1977-11-09,16.625,16.75,16.625,16.625,1.4667556285858154,24500,ETR
1977-11-10,16.625,16.875,16.375,16.75,1.4777839183807373,69600,ETR
1977-11-11,17.0,17.125,17.0,17.0,1.4998397827148438,129400,ETR
1977-11-14,17.0,17.375,17.0,17.25,1.521897315979004,49800,ETR
1977-11-15,17.25,17.375,17.125,17.25,1.521897315979004,90800,ETR
1977-11-16,17.25,17.25,17.125,17.125,1.5108675956726074,70500,ETR
1977-11-17,17.125,17.375,17.125,17.25,1.521897315979004,56700,ETR
1977-11-18,17.25,17.375,17.25,17.25,1.521897315979004,49900,ETR
1977-11-21,17.25,17.375,17.25,17.25,1.521897315979004,37300,ETR
1977-11-22,17.375,17.5,17.375,17.5,1.5439530611038208,50400,ETR
1977-11-23,17.5,17.5,17.25,17.375,1.5329245328903198,123000,ETR
1977-11-25,17.375,17.5,17.375,17.5,1.5439530611038208,12700,ETR
1977-11-28,17.5,17.5,17.375,17.375,1.5329245328903198,37100,ETR
1977-11-29,17.375,17.625,17.25,17.25,1.521897315979004,81700,ETR
1977-11-30,17.25,17.375,17.125,17.25,1.521897315979004,28800,ETR
1977-12-01,17.25,17.625,17.25,17.5,1.5439530611038208,102000,ETR
1977-12-02,17.5,17.75,17.375,17.75,1.566009521484375,61900,ETR
1977-12-05,17.75,17.875,17.5,17.5,1.5439530611038208,52000,ETR
1977-12-06,16.875,17.25,16.875,16.875,1.520081877708435,44400,ETR
1977-12-07,16.875,17.0,16.75,16.875,1.520081877708435,40400,ETR
1977-12-08,16.875,17.0,16.75,16.75,1.5088218450546265,50500,ETR
1977-12-09,16.75,16.75,16.5,16.75,1.5088218450546265,18600,ETR
1977-12-12,16.75,16.75,16.625,16.75,1.5088218450546265,23600,ETR
1977-12-13,16.75,16.75,16.5,16.75,1.5088218450546265,43300,ETR
1977-12-14,16.75,16.875,16.625,16.75,1.5088218450546265,120800,ETR
1977-12-15,16.75,16.75,16.625,16.625,1.4975619316101074,117900,ETR
1977-12-16,16.625,16.75,16.625,16.75,1.5088218450546265,19000,ETR
1977-12-19,16.75,16.75,16.5,16.5,1.4863022565841675,58900,ETR
1977-12-20,16.5,16.625,16.5,16.5,1.4863022565841675,43800,ETR
1977-12-21,16.5,16.625,16.5,16.5,1.4863022565841675,27400,ETR
1977-12-22,16.5,16.625,16.5,16.625,1.4975619316101074,36200,ETR
1977-12-23,16.625,16.75,16.5,16.625,1.4975619316101074,106800,ETR
1977-12-27,16.625,16.75,16.5,16.625,1.4975619316101074,11900,ETR
1977-12-28,16.625,16.75,16.5,16.625,1.4975619316101074,24400,ETR
1977-12-29,16.625,16.75,16.5,16.5,1.4863022565841675,23300,ETR
1977-12-30,16.5,16.625,16.5,16.5,1.4863022565841675,18400,ETR
1978-01-03,16.5,16.625,16.5,16.625,1.4975619316101074,107200,ETR
1978-01-04,16.625,16.75,16.5,16.75,1.5088218450546265,25900,ETR
1978-01-05,16.75,16.75,16.625,16.625,1.4975619316101074,25200,ETR
1978-01-06,16.625,16.625,16.5,16.5,1.4863022565841675,24000,ETR
1978-01-09,16.5,16.5,16.375,16.375,1.4750428199768066,67600,ETR
1978-01-10,16.375,16.5,16.375,16.375,1.4750428199768066,27700,ETR
1978-01-11,16.375,16.5,16.375,16.5,1.4863022565841675,506800,ETR
1978-01-12,16.5,16.5,16.375,16.375,1.4750428199768066,50400,ETR
1978-01-13,16.375,16.5,16.375,16.375,1.4750428199768066,72100,ETR
1978-01-16,16.375,16.5,16.25,16.375,1.4750428199768066,44100,ETR
1978-01-17,16.125,16.125,16.0,16.125,1.4525223970413208,259900,ETR
1978-01-18,16.125,16.125,16.0,16.125,1.4525223970413208,128200,ETR
1978-01-19,16.125,16.25,16.125,16.25,1.4637830257415771,113000,ETR
1978-01-20,16.25,16.375,16.25,16.375,1.4750428199768066,21300,ETR
1978-01-23,16.375,16.375,16.125,16.25,1.4637830257415771,59100,ETR
1978-01-24,16.25,16.25,16.125,16.125,1.4525223970413208,81200,ETR
1978-01-25,16.125,16.125,16.0,16.125,1.4525223970413208,26700,ETR
1978-01-26,16.125,16.25,16.125,16.25,1.4637830257415771,31600,ETR
1978-01-27,16.25,16.25,16.125,16.25,1.4637830257415771,32300,ETR
1978-01-30,16.25,16.25,16.125,16.25,1.4637830257415771,28700,ETR
1978-01-31,16.25,16.25,16.125,16.25,1.4637830257415771,35100,ETR
1978-02-01,16.25,16.25,16.125,16.25,1.4637830257415771,39500,ETR
1978-02-02,16.25,16.25,16.125,16.25,1.4637830257415771,48700,ETR
1978-02-03,16.25,16.25,16.0,16.0,1.441263198852539,53500,ETR
1978-02-06,16.0,16.125,16.0,16.125,1.4525223970413208,18900,ETR
1978-02-07,16.125,16.25,16.125,16.125,1.4525223970413208,27900,ETR
1978-02-08,16.125,16.375,16.125,16.25,1.4637830257415771,80300,ETR
1978-02-09,16.25,16.375,16.0,16.375,1.4750428199768066,38400,ETR
1978-02-10,16.375,16.375,16.125,16.25,1.4637830257415771,41100,ETR
1978-02-13,16.25,16.375,16.125,16.125,1.4525223970413208,38900,ETR
1978-02-14,16.125,16.25,16.125,16.125,1.4525223970413208,21000,ETR
1978-02-15,16.125,16.25,16.125,16.25,1.4637830257415771,30200,ETR
1978-02-16,16.25,16.25,16.125,16.125,1.4525223970413208,55200,ETR
1978-02-17,16.125,16.25,16.0,16.125,1.4525223970413208,50100,ETR
1978-02-21,16.125,16.25,16.0,16.125,1.4525223970413208,24800,ETR
1978-02-22,16.125,16.25,16.125,16.125,1.4525223970413208,38500,ETR
1978-02-23,16.125,16.25,16.0,16.125,1.4525223970413208,28000,ETR
1978-02-24,16.125,16.125,16.0,16.125,1.4525223970413208,109200,ETR
1978-02-27,16.125,16.25,16.125,16.125,1.4525223970413208,43800,ETR
1978-02-28,16.125,16.25,16.125,16.125,1.4525223970413208,55500,ETR
1978-03-01,16.125,16.25,16.125,16.25,1.4637830257415771,210200,ETR
1978-03-02,16.25,16.25,16.125,16.25,1.4637830257415771,59900,ETR
1978-03-03,16.25,16.25,16.125,16.125,1.4525223970413208,27100,ETR
1978-03-06,16.0,16.0,15.75,15.875,1.4626576900482178,49600,ETR
1978-03-07,15.875,16.125,15.75,16.125,1.4856914281845093,87000,ETR
1978-03-08,16.125,16.125,15.875,16.125,1.4856914281845093,34100,ETR
1978-03-09,16.125,16.25,16.0,16.125,1.4856914281845093,52000,ETR
1978-03-10,16.125,16.25,16.125,16.25,1.4972087144851685,68400,ETR
1978-03-13,16.25,16.25,16.125,16.25,1.4972087144851685,19800,ETR
1978-03-14,16.25,16.25,16.0,16.25,1.4972087144851685,13700,ETR
1978-03-15,16.25,16.375,16.125,16.125,1.4856914281845093,139900,ETR
1978-03-16,16.125,16.25,16.125,16.25,1.4972087144851685,46700,ETR
1978-03-17,16.25,16.25,16.125,16.125,1.4856914281845093,39100,ETR
1978-03-20,16.125,16.375,16.125,16.25,1.4972087144851685,99900,ETR
1978-03-21,16.25,16.375,16.25,16.25,1.4972087144851685,33500,ETR
1978-03-22,16.25,16.25,16.125,16.125,1.4856914281845093,79100,ETR
1978-03-23,16.125,16.125,16.0,16.0,1.4741748571395874,23900,ETR
1978-03-27,16.0,16.125,15.875,16.0,1.4741748571395874,54500,ETR
1978-03-28,16.0,16.0,15.875,15.875,1.4626576900482178,100000,ETR
1978-03-29,16.0,16.125,16.0,16.125,1.4856914281845093,26000,ETR
1978-03-30,16.125,16.25,16.0,16.125,1.4856914281845093,47000,ETR
1978-03-31,16.125,16.125,16.0,16.0,1.4741748571395874,37300,ETR
1978-04-03,16.0,16.125,16.0,16.125,1.4856914281845093,52700,ETR
1978-04-04,16.125,16.25,16.125,16.25,1.4972087144851685,28200,ETR
1978-04-05,16.25,16.25,16.125,16.25,1.4972087144851685,58800,ETR
1978-04-06,16.25,16.25,16.0,16.0,1.4741748571395874,70400,ETR
1978-04-07,16.0,16.125,16.0,16.125,1.4856914281845093,18000,ETR
1978-04-10,16.125,16.25,15.875,16.25,1.4972087144851685,44100,ETR
1978-04-11,16.25,16.375,16.0,16.375,1.5087255239486694,69100,ETR
1978-04-12,16.25,16.25,16.125,16.25,1.4972087144851685,16000,ETR
1978-04-13,16.25,16.5,16.125,16.25,1.4972087144851685,25300,ETR
1978-04-14,16.25,16.25,16.0,16.125,1.4856914281845093,62800,ETR
1978-04-17,16.125,16.25,16.125,16.125,1.4856914281845093,121500,ETR
1978-04-18,16.125,16.25,16.125,16.125,1.4856914281845093,86200,ETR
1978-04-19,16.125,16.25,16.0,16.0,1.4741748571395874,71700,ETR
1978-04-20,16.0,16.125,15.75,15.75,1.4511399269104004,119900,ETR
1978-04-21,15.75,15.875,15.75,15.75,1.4511399269104004,52600,ETR
1978-04-24,15.75,16.0,15.625,16.0,1.4741748571395874,86900,ETR
1978-04-25,16.0,16.125,15.75,15.75,1.4511399269104004,349100,ETR
1978-04-26,15.75,15.875,15.5,15.625,1.4396235942840576,62600,ETR
1978-04-27,15.625,15.875,15.625,15.75,1.4511399269104004,82100,ETR
1978-04-28,15.75,15.875,15.5,15.625,1.4396235942840576,54500,ETR
1978-05-01,15.625,15.75,15.625,15.75,1.4511399269104004,43800,ETR
1978-05-02,15.75,15.875,15.625,15.75,1.4511399269104004,85800,ETR
1978-05-03,15.75,15.75,15.5,15.5,1.4281070232391357,55400,ETR
1978-05-04,15.5,15.625,15.5,15.625,1.4396235942840576,47900,ETR
1978-05-05,15.625,15.75,15.625,15.625,1.4396235942840576,85500,ETR
1978-05-08,15.625,15.75,15.625,15.625,1.4396235942840576,44100,ETR
1978-05-09,15.625,15.75,15.625,15.625,1.4396235942840576,55400,ETR
1978-05-10,15.625,15.75,15.625,15.75,1.4511399269104004,52700,ETR
1978-05-11,15.75,15.75,15.5,15.75,1.4511399269104004,112600,ETR
1978-05-12,15.75,15.75,15.625,15.625,1.4396235942840576,69300,ETR
1978-05-15,15.625,15.625,15.375,15.625,1.4396235942840576,104300,ETR
1978-05-16,15.625,15.625,15.5,15.5,1.4281070232391357,34200,ETR
1978-05-17,15.5,15.75,15.5,15.625,1.4396235942840576,175200,ETR
1978-05-18,15.625,15.875,15.625,15.75,1.4511399269104004,40400,ETR
1978-05-19,15.75,15.875,15.625,15.75,1.4511399269104004,81500,ETR
1978-05-22,15.875,16.125,15.875,16.125,1.4856914281845093,23300,ETR
1978-05-23,16.125,16.25,15.875,15.875,1.4626576900482178,27800,ETR
1978-05-24,15.875,16.125,15.875,16.125,1.4856914281845093,48100,ETR
1978-05-25,16.125,16.375,16.0,16.375,1.5087255239486694,193600,ETR
1978-05-26,16.375,16.75,16.25,16.25,1.4972087144851685,25400,ETR
1978-05-30,16.375,16.5,16.375,16.375,1.5087255239486694,80100,ETR
1978-05-31,16.375,16.625,16.25,16.5,1.520242691040039,72100,ETR
1978-06-01,16.625,16.875,16.625,16.75,1.5432764291763306,148800,ETR
1978-06-02,16.75,16.75,16.5,16.625,1.531759262084961,106600,ETR
1978-06-05,16.125,16.5,16.125,16.25,1.5303471088409424,85000,ETR
1978-06-06,16.25,16.375,16.125,16.25,1.5303471088409424,51100,ETR
1978-06-07,16.25,16.375,16.125,16.25,1.5303471088409424,52400,ETR
1978-06-08,16.25,16.375,16.125,16.125,1.5185754299163818,28800,ETR
1978-06-09,16.125,16.25,16.125,16.25,1.5303471088409424,21500,ETR
1978-06-12,16.25,16.375,16.0,16.25,1.5303471088409424,27700,ETR
1978-06-13,16.25,16.25,16.125,16.125,1.5185754299163818,25100,ETR
1978-06-14,16.125,16.125,16.0,16.0,1.5068024396896362,139700,ETR
1978-06-15,16.0,16.125,15.875,15.875,1.4950308799743652,26800,ETR
1978-06-16,15.875,15.875,15.75,15.75,1.483258843421936,36300,ETR
1978-06-19,15.75,15.875,15.625,15.875,1.4950308799743652,17600,ETR
1978-06-20,15.875,16.0,15.75,15.75,1.483258843421936,54100,ETR
1978-06-21,15.75,16.0,15.625,15.75,1.483258843421936,82100,ETR
1978-06-22,15.75,15.875,15.625,15.875,1.4950308799743652,57400,ETR
1978-06-23,15.875,15.875,15.625,15.875,1.4950308799743652,37300,ETR
1978-06-26,15.875,15.875,15.625,15.625,1.4714875221252441,23300,ETR
1978-06-27,15.625,15.75,15.625,15.625,1.4714875221252441,20700,ETR
1978-06-28,15.625,15.625,15.5,15.5,1.4597164392471313,59800,ETR
1978-06-29,15.5,15.75,15.5,15.625,1.4714875221252441,36100,ETR
1978-06-30,15.625,15.75,15.5,15.625,1.4714875221252441,28100,ETR
1978-07-03,15.625,15.875,15.625,15.75,1.483258843421936,21900,ETR
1978-07-05,15.75,15.75,15.625,15.75,1.483258843421936,28400,ETR
1978-07-06,15.625,15.625,15.5,15.625,1.4714875221252441,149500,ETR
1978-07-07,15.625,15.625,15.5,15.625,1.4714875221252441,68700,ETR
1978-07-10,15.625,15.875,15.5,15.875,1.4950308799743652,49400,ETR
1978-07-11,15.875,16.125,15.75,16.125,1.5185754299163818,60700,ETR
1978-07-12,16.125,16.375,16.125,16.375,1.542119026184082,40600,ETR
1978-07-13,16.375,16.375,16.25,16.375,1.542119026184082,68900,ETR
1978-07-14,16.375,16.375,16.25,16.25,1.5303471088409424,40100,ETR
1978-07-17,16.25,16.5,16.125,16.5,1.553890585899353,71400,ETR
1978-07-18,16.5,16.625,16.5,16.5,1.553890585899353,31200,ETR
1978-07-19,16.5,16.75,16.5,16.75,1.5774345397949219,31600,ETR
1978-07-20,16.75,16.875,16.625,16.625,1.5656626224517822,51500,ETR
1978-07-21,16.625,16.625,16.5,16.625,1.5656626224517822,37600,ETR
1978-07-24,16.625,16.75,16.5,16.75,1.5774345397949219,45400,ETR
1978-07-25,16.75,16.75,16.625,16.75,1.5774345397949219,18600,ETR
1978-07-26,16.625,16.625,16.375,16.375,1.542119026184082,44100,ETR
1978-07-27,16.375,16.625,16.375,16.625,1.5656626224517822,40900,ETR
1978-07-28,16.625,16.75,16.625,16.625,1.5656626224517822,165600,ETR
1978-07-31,16.625,16.75,16.625,16.625,1.5656626224517822,31900,ETR
1978-08-01,16.625,16.875,16.625,16.75,1.5774345397949219,95600,ETR
1978-08-02,16.75,16.875,16.75,16.875,1.5892058610916138,170100,ETR
1978-08-03,16.875,17.375,16.875,17.25,1.6245226860046387,192900,ETR
1978-08-04,17.25,17.375,17.25,17.375,1.6362935304641724,115100,ETR
1978-08-07,17.375,17.375,17.125,17.125,1.6127504110336304,348300,ETR
1978-08-08,17.125,17.125,16.875,17.0,1.6009775400161743,101300,ETR
1978-08-09,17.0,17.125,17.0,17.0,1.6009775400161743,82800,ETR
1978-08-10,17.0,17.125,16.875,16.875,1.5892058610916138,24200,ETR
1978-08-11,16.875,17.125,16.875,17.0,1.6009775400161743,25400,ETR
1978-08-14,17.0,17.125,16.875,17.0,1.6009775400161743,34800,ETR
1978-08-15,17.0,17.125,16.875,17.125,1.6127504110336304,57300,ETR
1978-08-16,17.125,17.25,17.0,17.25,1.6245226860046387,37100,ETR
1978-08-17,17.25,17.375,17.0,17.0,1.6009775400161743,27300,ETR
1978-08-18,17.0,17.25,16.875,17.0,1.6009775400161743,224500,ETR
1978-08-21,17.0,17.0,16.75,16.875,1.5892058610916138,49700,ETR
1978-08-22,16.875,16.875,16.75,16.875,1.5892058610916138,25700,ETR
1978-08-23,16.875,16.875,16.75,16.75,1.5774345397949219,24300,ETR
1978-08-24,16.75,16.75,16.5,16.625,1.5656626224517822,151200,ETR
1978-08-25,16.625,16.625,16.5,16.625,1.5656626224517822,38500,ETR
1978-08-28,16.625,16.625,16.5,16.625,1.5656626224517822,29000,ETR
1978-08-29,16.625,16.625,16.375,16.5,1.553890585899353,56800,ETR
1978-08-30,16.5,16.625,16.5,16.625,1.5656626224517822,21900,ETR
1978-08-31,16.625,16.625,16.375,16.5,1.553890585899353,125200,ETR
1978-09-01,16.25,16.25,15.75,16.0,1.540412425994873,148600,ETR
1978-09-05,16.0,16.125,15.875,15.875,1.5283777713775635,71500,ETR
1978-09-06,15.875,16.125,15.875,16.0,1.540412425994873,77500,ETR
1978-09-07,16.0,16.125,15.875,16.0,1.540412425994873,99800,ETR
1978-09-08,16.0,16.25,16.0,16.25,1.5644806623458862,63300,ETR
1978-09-11,16.25,16.375,16.125,16.375,1.5765150785446167,46600,ETR
1978-09-12,16.25,16.25,16.125,16.25,1.5644806623458862,91800,ETR
1978-09-13,16.25,16.375,16.125,16.125,1.5524464845657349,38500,ETR
1978-09-14,16.125,16.375,16.125,16.25,1.5644806623458862,47400,ETR
1978-09-15,16.25,16.25,16.0,16.0,1.540412425994873,64200,ETR
1978-09-18,16.0,16.125,15.875,15.875,1.5283777713775635,50900,ETR
1978-09-19,15.875,16.25,15.875,16.0,1.540412425994873,28600,ETR
1978-09-20,16.0,16.5,15.875,16.0,1.540412425994873,38300,ETR
1978-09-21,16.0,16.125,16.0,16.0,1.540412425994873,42800,ETR
1978-09-22,16.0,16.125,15.875,15.875,1.5283777713775635,19600,ETR
1978-09-25,15.875,16.125,15.75,16.0,1.540412425994873,83600,ETR
1978-09-26,16.0,16.0,15.75,15.875,1.5283777713775635,100600,ETR
1978-09-27,15.875,15.875,15.625,15.625,1.504309058189392,60500,ETR
1978-09-28,15.625,15.75,15.5,15.625,1.504309058189392,149000,ETR
1978-09-29,15.625,15.625,15.5,15.625,1.504309058189392,170200,ETR
1978-10-02,15.625,15.75,15.0,15.75,1.5163428783416748,58600,ETR
1978-10-03,15.75,15.75,15.625,15.625,1.504309058189392,31600,ETR
1978-10-04,15.625,15.75,15.5,15.625,1.504309058189392,96000,ETR
1978-10-05,15.625,15.75,15.5,15.75,1.5163428783416748,77600,ETR
1978-10-06,15.75,15.875,15.625,15.625,1.504309058189392,71700,ETR
1978-10-09,15.625,15.75,15.625,15.625,1.504309058189392,38200,ETR
1978-10-10,15.625,15.75,15.5,15.625,1.504309058189392,102000,ETR
1978-10-11,15.625,15.875,15.625,15.875,1.5283777713775635,100700,ETR
1978-10-12,15.875,16.0,15.625,15.75,1.5163428783416748,48100,ETR
1978-10-13,15.75,16.0,15.625,15.75,1.5163428783416748,53100,ETR
1978-10-16,15.75,15.875,15.5,15.625,1.504309058189392,225100,ETR
1978-10-17,15.625,15.625,15.375,15.375,1.4802401065826416,197900,ETR
1978-10-18,15.375,15.5,15.125,15.375,1.4802401065826416,162500,ETR
1978-10-19,15.375,15.375,15.25,15.25,1.4682055711746216,51400,ETR
1978-10-20,15.25,15.375,15.125,15.25,1.4682055711746216,40100,ETR
1978-10-23,15.25,15.25,15.0,15.125,1.4561707973480225,42500,ETR
1978-10-24,15.125,15.375,15.125,15.125,1.4561707973480225,95900,ETR
1978-10-25,15.125,15.125,15.0,15.125,1.4561707973480225,97400,ETR
1978-10-26,15.125,15.125,15.0,15.0,1.4441369771957397,92400,ETR
1978-10-27,15.0,15.125,15.0,15.125,1.4561707973480225,31900,ETR
1978-10-30,15.0,15.0,14.75,15.0,1.4441369771957397,90600,ETR
1978-10-31,15.0,15.125,14.625,14.75,1.4200669527053833,48900,ETR
1978-11-01,14.875,15.25,14.875,14.875,1.432101845741272,273900,ETR
1978-11-02,14.875,15.0,14.875,15.0,1.4441369771957397,207700,ETR
1978-11-03,15.0,15.0,14.75,14.75,1.4200669527053833,60600,ETR
1978-11-06,14.75,15.0,14.75,14.75,1.4200669527053833,35400,ETR
1978-11-07,14.75,14.875,14.5,14.625,1.408033847808838,296700,ETR
1978-11-08,14.625,14.75,14.5,14.625,1.408033847808838,37700,ETR
1978-11-09,14.625,14.75,14.25,14.5,1.3959990739822388,724200,ETR
1978-11-10,14.5,14.875,14.375,14.75,1.4200669527053833,60900,ETR
1978-11-13,14.75,14.875,14.75,14.75,1.4200669527053833,50700,ETR
1978-11-14,14.75,14.75,14.5,14.625,1.408033847808838,51100,ETR
1978-11-15,14.625,15.0,14.5,14.5,1.3959990739822388,253900,ETR
1978-11-16,14.5,14.75,14.5,14.75,1.4200669527053833,56200,ETR
1978-11-17,14.75,14.875,14.625,14.875,1.432101845741272,239800,ETR
1978-11-20,14.875,15.125,14.75,15.0,1.4441369771957397,90400,ETR
1978-11-21,15.125,15.375,15.125,15.25,1.4682055711746216,86500,ETR
1978-11-22,15.25,15.75,15.25,15.25,1.4682055711746216,107300,ETR
1978-11-24,15.25,15.5,15.25,15.5,1.4922741651535034,15900,ETR
1978-11-27,15.5,15.5,15.25,15.5,1.4922741651535034,28200,ETR
1978-11-28,15.5,15.5,15.25,15.375,1.4802401065826416,126800,ETR
1978-11-29,15.375,15.375,15.125,15.125,1.4561707973480225,42000,ETR
1978-11-30,15.125,15.375,15.125,15.375,1.4802401065826416,47800,ETR
1978-12-01,15.375,15.75,15.375,15.5,1.4922741651535034,58500,ETR
1978-12-04,15.5,15.625,15.5,15.625,1.504309058189392,65300,ETR
1978-12-05,15.375,15.375,15.125,15.125,1.4924676418304443,183200,ETR
1978-12-06,15.125,15.25,15.0,15.0,1.4801334142684937,117600,ETR
1978-12-07,15.0,15.5,15.0,15.125,1.4924676418304443,29900,ETR
1978-12-08,15.125,15.25,15.125,15.25,1.5048023462295532,169300,ETR
1978-12-11,15.25,15.375,15.125,15.375,1.517136573791504,26600,ETR
1978-12-12,15.375,15.375,15.25,15.25,1.5048023462295532,33900,ETR
1978-12-13,15.25,15.375,15.125,15.25,1.5048023462295532,49900,ETR
1978-12-14,15.25,15.25,15.125,15.125,1.4924676418304443,80800,ETR
1978-12-15,15.125,15.25,15.125,15.25,1.5048023462295532,27000,ETR
1978-12-18,15.25,15.25,15.0,15.125,1.4924676418304443,54700,ETR
1978-12-19,15.125,15.125,15.0,15.0,1.4801334142684937,65600,ETR
1978-12-20,15.0,15.0,14.75,14.875,1.4677985906600952,71700,ETR
1978-12-21,14.875,14.875,14.75,14.875,1.4677985906600952,58300,ETR
1978-12-22,14.875,15.0,14.875,15.0,1.4801334142684937,26000,ETR
1978-12-26,15.0,15.0,14.875,15.0,1.4801334142684937,23900,ETR
1978-12-27,15.0,15.0,14.875,15.0,1.4801334142684937,52800,ETR
1978-12-28,15.0,15.0,14.875,15.0,1.4801334142684937,28100,ETR
1978-12-29,15.0,15.0,14.875,15.0,1.4801334142684937,42400,ETR
1979-01-02,15.0,15.0,14.875,15.0,1.4801334142684937,29600,ETR
1979-01-03,15.0,15.125,14.875,15.125,1.4924676418304443,37300,ETR
1979-01-04,15.125,15.25,15.0,15.0,1.4801334142684937,64000,ETR
1979-01-05,15.0,15.25,15.0,15.0,1.4801334142684937,120100,ETR
1979-01-08,15.0,15.125,15.0,15.0,1.4801334142684937,65400,ETR
1979-01-09,15.0,15.125,15.0,15.0,1.4801334142684937,55200,ETR
1979-01-10,15.125,15.25,15.125,15.25,1.5048023462295532,353400,ETR
1979-01-11,15.25,15.375,15.125,15.25,1.5048023462295532,59100,ETR
1979-01-12,15.25,15.25,15.125,15.125,1.4924676418304443,228900,ETR
1979-01-15,15.125,15.25,15.125,15.25,1.5048023462295532,98500,ETR
1979-01-16,15.25,15.5,15.125,15.375,1.517136573791504,307700,ETR
1979-01-17,15.375,15.5,15.25,15.25,1.5048023462295532,50200,ETR
1979-01-18,15.25,15.5,15.25,15.5,1.5294708013534546,63300,ETR
1979-01-19,15.5,15.5,15.375,15.5,1.5294708013534546,194300,ETR
1979-01-22,15.5,15.5,15.25,15.375,1.517136573791504,41600,ETR
1979-01-23,15.375,15.625,15.375,15.375,1.517136573791504,93900,ETR
1979-01-24,15.375,15.625,15.375,15.625,1.541805624961853,68700,ETR
1979-01-25,15.625,16.0,15.5,15.875,1.5664745569229126,232100,ETR
1979-01-26,15.875,16.0,15.75,15.875,1.5664745569229126,57500,ETR
1979-01-29,15.875,15.875,15.25,15.75,1.5541391372680664,96200,ETR
1979-01-30,15.75,15.875,15.75,15.75,1.5541391372680664,86800,ETR
1979-01-31,15.875,16.125,15.875,16.0,1.578809142112732,81400,ETR
1979-02-01,16.0,16.125,15.875,16.125,1.591143250465393,77400,ETR
1979-02-02,16.125,16.25,15.875,15.875,1.5664745569229126,113700,ETR
1979-02-05,15.875,16.125,15.75,15.875,1.5664745569229126,58900,ETR
1979-02-06,15.875,15.875,15.75,15.875,1.5664745569229126,91400,ETR
1979-02-07,15.875,15.875,15.625,15.625,1.541805624961853,102600,ETR
1979-02-08,15.625,15.75,15.625,15.75,1.5541391372680664,40900,ETR
1979-02-09,15.75,15.75,15.375,15.75,1.5541391372680664,40400,ETR
1979-02-12,15.75,15.75,15.5,15.75,1.5541391372680664,42300,ETR
1979-02-13,15.75,15.75,15.625,15.75,1.5541391372680664,55600,ETR
1979-02-14,15.75,15.75,15.625,15.75,1.5541391372680664,36000,ETR
1979-02-15,15.75,15.75,15.625,15.625,1.541805624961853,30400,ETR
1979-02-16,15.625,15.875,15.625,15.75,1.5541391372680664,80700,ETR
1979-02-20,15.75,16.0,15.75,16.0,1.578809142112732,39200,ETR
1979-02-21,16.0,16.125,16.0,16.125,1.591143250465393,44600,ETR
1979-02-22,16.0,16.0,15.875,15.875,1.5664745569229126,329000,ETR
1979-02-23,15.875,15.875,15.75,15.875,1.5664745569229126,67100,ETR
1979-02-26,15.875,15.875,15.625,15.75,1.5541391372680664,145100,ETR
1979-02-27,15.75,15.75,15.5,15.625,1.541805624961853,225300,ETR
1979-02-28,15.5,15.5,15.375,15.375,1.517136573791504,43100,ETR
1979-03-01,15.375,15.5,15.25,15.5,1.5294708013534546,184100,ETR
1979-03-02,15.5,15.625,15.375,15.625,1.541805624961853,68700,ETR
1979-03-05,15.125,15.25,15.125,15.125,1.5296694040298462,146100,ETR
1979-03-06,15.125,15.375,15.125,15.125,1.5296694040298462,55100,ETR
1979-03-07,15.125,15.25,15.125,15.125,1.5296694040298462,68500,ETR
1979-03-08,15.125,15.25,15.0,15.25,1.542311668395996,43800,ETR
1979-03-09,15.25,15.25,15.125,15.125,1.5296694040298462,57200,ETR
1979-03-12,15.125,15.375,15.125,15.125,1.5296694040298462,54400,ETR
1979-03-13,15.125,15.25,15.0,15.125,1.5296694040298462,37900,ETR
1979-03-14,15.125,15.375,15.125,15.25,1.542311668395996,54700,ETR
1979-03-15,15.25,15.375,15.125,15.125,1.5296694040298462,104700,ETR
1979-03-16,15.125,15.25,15.0,15.125,1.5296694040298462,180500,ETR
1979-03-19,15.125,15.125,15.0,15.125,1.5296694040298462,86100,ETR
1979-03-20,15.0,15.0,14.875,15.0,1.5170272588729858,177500,ETR
1979-03-21,15.0,15.0,14.875,15.0,1.5170272588729858,86300,ETR
1979-03-22,15.0,15.125,14.5,15.0,1.5170272588729858,60800,ETR
1979-03-23,15.0,15.0,14.875,15.0,1.5170272588729858,79100,ETR
1979-03-26,15.0,15.125,14.875,15.125,1.5296694040298462,44400,ETR
1979-03-27,15.125,15.25,15.125,15.25,1.542311668395996,38200,ETR
1979-03-28,15.25,15.25,15.125,15.125,1.5296694040298462,364900,ETR
1979-03-29,15.125,15.25,15.125,15.25,1.542311668395996,35500,ETR
1979-03-30,15.25,15.25,15.0,15.0,1.5170272588729858,127900,ETR
1979-04-02,15.0,15.125,14.875,14.875,1.5043853521347046,173700,ETR
1979-04-03,14.875,15.125,14.875,15.125,1.5296694040298462,56300,ETR
1979-04-04,15.125,15.25,15.125,15.125,1.5296694040298462,39200,ETR
1979-04-05,15.125,15.25,15.0,15.0,1.5170272588729858,80600,ETR
1979-04-06,15.0,15.125,15.0,15.0,1.5170272588729858,64500,ETR
1979-04-09,15.0,15.25,15.0,15.25,1.542311668395996,51300,ETR
1979-04-10,15.25,15.25,15.125,15.125,1.5296694040298462,35000,ETR
1979-04-11,15.125,15.25,15.0,15.0,1.5170272588729858,53300,ETR
1979-04-12,15.0,15.125,15.0,15.125,1.5296694040298462,79400,ETR
1979-04-16,15.125,15.25,14.75,14.75,1.4917428493499756,412800,ETR
1979-04-17,14.75,15.0,14.75,14.875,1.5043853521347046,65200,ETR
1979-04-18,14.875,14.875,14.5,14.5,1.46645987033844,206000,ETR
1979-04-19,14.5,14.625,14.375,14.375,1.4538178443908691,122000,ETR
1979-04-20,14.375,14.5,14.25,14.25,1.4411755800247192,105000,ETR
1979-04-23,14.25,14.5,14.25,14.25,1.4411755800247192,101400,ETR
1979-04-24,14.25,14.375,14.25,14.375,1.4538178443908691,86300,ETR
1979-04-25,14.375,14.375,14.0,14.0,1.4158923625946045,200300,ETR
1979-04-26,14.0,14.125,13.875,14.0,1.4158923625946045,87600,ETR
1979-04-27,14.0,14.125,13.625,14.125,1.4285342693328857,131800,ETR
1979-04-30,14.125,14.25,14.0,14.125,1.4285342693328857,52200,ETR
1979-05-01,14.125,14.25,14.0,14.125,1.4285342693328857,39700,ETR
1979-05-02,14.125,14.125,14.0,14.125,1.4285342693328857,85900,ETR
1979-05-03,14.125,14.25,14.125,14.25,1.4411755800247192,62100,ETR
1979-05-04,14.25,14.25,14.125,14.125,1.4285342693328857,30200,ETR
1979-05-07,14.125,14.25,14.0,14.125,1.4285342693328857,48200,ETR
1979-05-08,14.125,14.25,14.0,14.25,1.4411755800247192,48000,ETR
1979-05-09,14.25,14.375,14.125,14.375,1.4538178443908691,45900,ETR
1979-05-10,14.375,14.375,14.25,14.25,1.4411755800247192,22500,ETR
1979-05-11,14.25,14.375,14.25,14.375,1.4538178443908691,47200,ETR
1979-05-14,14.375,14.75,14.25,14.25,1.4411755800247192,33100,ETR
1979-05-15,14.25,14.5,14.25,14.375,1.4538178443908691,28300,ETR
1979-05-16,14.375,14.5,14.125,14.5,1.46645987033844,27000,ETR
1979-05-17,14.5,15.0,14.5,15.0,1.5170272588729858,133300,ETR
1979-05-18,15.0,15.125,14.875,14.875,1.5043853521347046,44400,ETR
1979-05-21,14.875,15.125,14.875,15.125,1.5296694040298462,79500,ETR
1979-05-22,15.125,15.125,15.0,15.125,1.5296694040298462,96100,ETR
1979-05-23,15.125,15.125,14.875,14.875,1.5043853521347046,52400,ETR
1979-05-24,14.875,15.0,14.875,14.875,1.5043853521347046,26000,ETR
1979-05-25,14.875,15.25,14.875,15.125,1.5296694040298462,81100,ETR
1979-05-29,15.125,15.25,15.0,15.25,1.542311668395996,109200,ETR
1979-05-30,15.25,15.375,15.125,15.125,1.5296694040298462,111800,ETR
1979-05-31,15.125,15.375,15.125,15.375,1.5549529790878296,33400,ETR
1979-06-01,15.375,15.375,15.125,15.25,1.542311668395996,52700,ETR
1979-06-04,14.875,14.875,14.25,14.75,1.529863953590393,204500,ETR
1979-06-05,14.75,14.75,14.625,14.625,1.5169007778167725,45900,ETR
1979-06-06,14.625,14.75,14.5,14.75,1.529863953590393,88600,ETR
1979-06-07,14.75,14.875,14.625,14.75,1.529863953590393,40500,ETR
1979-06-08,14.75,14.875,14.75,14.75,1.529863953590393,40500,ETR
1979-06-11,14.75,15.0,14.75,14.75,1.529863953590393,59000,ETR
1979-06-12,14.75,14.875,14.75,14.75,1.529863953590393,94700,ETR
1979-06-13,14.75,14.875,14.75,14.75,1.529863953590393,59800,ETR
1979-06-14,14.75,14.875,14.75,14.75,1.529863953590393,29400,ETR
1979-06-15,14.75,14.875,14.75,14.75,1.529863953590393,36700,ETR
1979-06-18,14.75,14.875,14.75,14.875,1.5428296327590942,46200,ETR
1979-06-19,14.875,14.875,14.75,14.75,1.529863953590393,37400,ETR
1979-06-20,14.75,14.875,14.75,14.875,1.5428296327590942,57700,ETR
1979-06-21,14.875,15.0,14.75,14.875,1.5428296327590942,165600,ETR
1979-06-22,14.875,14.875,14.75,14.875,1.5428296327590942,53100,ETR
1979-06-25,14.875,14.875,14.625,14.75,1.529863953590393,37500,ETR
1979-06-26,14.75,14.75,14.625,14.625,1.5169007778167725,32300,ETR
1979-06-27,14.625,14.875,14.625,14.75,1.529863953590393,42000,ETR
1979-06-28,14.75,14.875,14.625,14.75,1.529863953590393,119800,ETR
1979-06-29,14.75,14.875,14.625,14.625,1.5169007778167725,31900,ETR
1979-07-02,14.625,14.75,14.25,14.75,1.529863953590393,85900,ETR
1979-07-03,14.75,14.875,14.625,14.875,1.5428296327590942,83100,ETR
1979-07-05,14.875,14.875,14.75,14.875,1.5428296327590942,38300,ETR
1979-07-06,14.875,14.875,14.75,14.875,1.5428296327590942,108600,ETR
1979-07-09,14.875,14.875,14.75,14.875,1.5428296327590942,60800,ETR
1979-07-10,14.875,15.125,14.875,15.0,1.5557944774627686,80500,ETR
1979-07-11,15.0,15.0,14.75,15.0,1.5557944774627686,35500,ETR
1979-07-12,15.0,15.0,14.875,15.0,1.5557944774627686,43200,ETR
1979-07-13,15.0,15.0,14.75,14.875,1.5428296327590942,89300,ETR
1979-07-16,14.875,14.875,14.75,14.875,1.5428296327590942,61500,ETR
1979-07-17,14.875,14.875,14.625,14.75,1.529863953590393,70800,ETR
1979-07-18,14.75,14.75,14.625,14.75,1.529863953590393,48000,ETR
1979-07-19,14.75,14.75,14.625,14.75,1.529863953590393,40900,ETR
1979-07-20,14.75,14.875,14.5,14.5,1.5039350986480713,69100,ETR
1979-07-23,14.5,14.75,14.5,14.75,1.529863953590393,157600,ETR
1979-07-24,14.75,14.875,14.25,14.75,1.529863953590393,29300,ETR
1979-07-25,14.75,14.75,14.375,14.625,1.5169007778167725,175400,ETR
1979-07-26,14.625,14.625,14.375,14.5,1.5039350986480713,95500,ETR
1979-07-27,14.5,14.625,14.375,14.625,1.5169007778167725,32100,ETR
1979-07-30,14.75,15.0,14.75,14.875,1.5428296327590942,154400,ETR
1979-07-31,14.875,15.375,14.875,15.375,1.5946894884109497,121500,ETR
1979-08-01,15.375,15.375,15.125,15.125,1.5687599182128906,164100,ETR
1979-08-02,15.125,15.375,15.125,15.375,1.5946894884109497,53800,ETR
1979-08-03,15.375,15.5,15.25,15.375,1.5946894884109497,79800,ETR
1979-08-06,15.375,15.375,15.25,15.375,1.5946894884109497,62700,ETR
1979-08-07,15.375,15.375,14.75,15.375,1.5946894884109497,47800,ETR
1979-08-08,15.375,15.625,15.375,15.625,1.6206198930740356,129600,ETR
1979-08-09,15.5,15.5,15.375,15.5,1.6076545715332031,45000,ETR
1979-08-10,15.5,15.625,15.375,15.625,1.6206198930740356,65200,ETR
1979-08-13,15.625,15.875,15.625,15.75,1.6335841417312622,37700,ETR
1979-08-14,15.75,15.75,15.625,15.75,1.6335841417312622,47400,ETR
1979-08-15,15.75,15.875,15.5,15.75,1.6335841417312622,166600,ETR
1979-08-16,15.75,16.0,15.75,15.75,1.6335841417312622,327800,ETR
1979-08-17,15.75,15.75,15.625,15.75,1.6335841417312622,40600,ETR
1979-08-20,15.75,15.75,15.625,15.75,1.6335841417312622,34200,ETR
1979-08-21,15.75,15.75,15.625,15.625,1.6206198930740356,110000,ETR
1979-08-22,15.625,15.625,15.375,15.375,1.5946894884109497,68300,ETR
1979-08-23,15.375,15.5,15.125,15.25,1.5817251205444336,68800,ETR
1979-08-24,15.25,15.5,15.125,15.375,1.5946894884109497,40900,ETR
1979-08-27,15.375,15.5,15.25,15.25,1.5817251205444336,54000,ETR
1979-08-28,15.25,15.5,15.125,15.375,1.5946894884109497,96200,ETR
1979-08-29,15.375,16.375,15.375,15.5,1.6076545715332031,55300,ETR
1979-08-30,15.5,15.5,15.25,15.25,1.5817251205444336,75200,ETR
1979-08-31,14.75,14.875,14.625,14.875,1.5822559595108032,273200,ETR
1979-09-04,14.875,14.875,14.5,14.5,1.542367935180664,132500,ETR
1979-09-05,14.5,14.5,14.25,14.375,1.529071569442749,147600,ETR
1979-09-06,14.375,14.375,14.125,14.25,1.5157744884490967,114000,ETR
1979-09-07,14.25,14.375,14.25,14.25,1.5157744884490967,51800,ETR
1979-09-10,14.25,14.75,14.25,14.375,1.529071569442749,40200,ETR
1979-09-11,14.375,14.375,14.125,14.375,1.529071569442749,49600,ETR
1979-09-12,14.375,14.375,14.125,14.25,1.5157744884490967,45400,ETR
1979-09-13,14.25,14.25,14.125,14.25,1.5157744884490967,41300,ETR
1979-09-14,14.25,14.25,14.125,14.125,1.5024787187576294,114300,ETR
1979-09-17,14.125,14.25,14.0,14.125,1.5024787187576294,85300,ETR
1979-09-18,14.125,14.25,14.125,14.125,1.5024787187576294,99300,ETR
1979-09-19,14.125,14.25,14.125,14.25,1.5157744884490967,62100,ETR
1979-09-20,14.25,14.25,14.125,14.25,1.5157744884490967,59000,ETR
1979-09-21,14.25,14.25,14.125,14.25,1.5157744884490967,96100,ETR
1979-09-24,14.25,14.25,14.0,14.0,1.489182472229004,169600,ETR
1979-09-25,14.0,14.125,14.0,14.125,1.5024787187576294,40300,ETR
1979-09-26,14.125,14.25,14.0,14.0,1.489182472229004,583200,ETR
1979-09-27,14.0,14.125,13.875,13.875,1.4758858680725098,70700,ETR
1979-09-28,13.875,14.0,13.875,14.0,1.489182472229004,75900,ETR
1979-10-01,14.0,14.0,13.875,13.875,1.4758858680725098,102700,ETR
1979-10-02,13.875,13.875,13.75,13.875,1.4758858680725098,208200,ETR
1979-10-03,13.875,14.0,13.875,14.0,1.489182472229004,71300,ETR
1979-10-04,14.0,14.125,13.75,14.0,1.489182472229004,105800,ETR
1979-10-05,14.0,14.125,13.875,13.875,1.4758858680725098,76900,ETR
1979-10-08,14.0,14.125,14.0,14.125,1.5024787187576294,39000,ETR
1979-10-09,14.0,14.0,13.375,13.5,1.4359978437423706,320600,ETR
1979-10-10,13.375,13.375,13.0,13.25,1.4094038009643555,79900,ETR
1979-10-11,13.25,13.5,13.0,13.375,1.4227014780044556,130700,ETR
1979-10-12,13.375,13.5,13.25,13.375,1.4227014780044556,111800,ETR
1979-10-15,13.375,13.5,13.25,13.375,1.4227014780044556,64200,ETR
1979-10-16,13.375,13.375,13.125,13.25,1.4094038009643555,66400,ETR
1979-10-17,13.25,13.5,13.25,13.5,1.4359978437423706,77500,ETR
1979-10-18,13.5,13.75,13.5,13.625,1.449293613433838,176000,ETR
1979-10-19,13.625,13.625,13.125,13.25,1.4094038009643555,168400,ETR
1979-10-22,13.25,13.25,13.0,13.125,1.3961083889007568,216200,ETR
1979-10-23,13.125,13.25,13.0,13.125,1.3961083889007568,198100,ETR
1979-10-24,13.125,13.125,12.875,13.125,1.3961083889007568,59600,ETR
1979-10-25,13.125,13.125,13.0,13.0,1.3828125,115500,ETR
1979-10-26,13.0,13.375,13.0,13.25,1.4094038009643555,314600,ETR
1979-10-29,13.25,13.375,13.125,13.25,1.4094038009643555,131600,ETR
1979-10-30,13.25,13.375,13.125,13.125,1.3961083889007568,74200,ETR
1979-10-31,13.125,13.625,13.125,13.375,1.4227014780044556,149300,ETR
1979-11-01,13.375,13.5,13.375,13.5,1.4359978437423706,24800,ETR
1979-11-02,13.5,13.625,13.5,13.625,1.449293613433838,36400,ETR
1979-11-05,13.625,13.625,13.5,13.5,1.4359978437423706,25900,ETR
1979-11-06,13.5,13.5,13.25,13.25,1.4094038009643555,60900,ETR
1979-11-07,13.25,13.25,13.0,13.0,1.3828125,151300,ETR
1979-11-08,13.0,13.125,13.0,13.0,1.3828125,46600,ETR
1979-11-09,13.0,13.125,13.0,13.0,1.3828125,22200,ETR
1979-11-12,13.0,13.125,13.0,13.125,1.3961083889007568,101300,ETR
1979-11-13,13.125,13.25,13.0,13.0,1.3828125,40000,ETR
1979-11-14,13.0,13.0,12.875,13.0,1.3828125,159100,ETR
1979-11-15,13.0,13.0,12.875,13.0,1.3828125,400400,ETR
1979-11-16,13.0,13.125,12.75,13.0,1.3828125,122600,ETR
1979-11-19,13.0,13.0,12.875,13.0,1.3828125,268700,ETR
1979-11-20,13.0,13.0,12.75,13.0,1.3828125,116500,ETR
1979-11-21,13.0,13.0,12.875,13.0,1.3828125,149200,ETR
1979-11-23,13.0,13.0,12.875,13.0,1.3828125,53100,ETR
1979-11-26,13.0,13.375,13.0,13.375,1.4227014780044556,727300,ETR
1979-11-27,13.375,13.625,13.375,13.625,1.449293613433838,250500,ETR
1979-11-28,13.625,13.75,13.5,13.625,1.449293613433838,166400,ETR
1979-11-29,13.625,13.75,13.625,13.625,1.449293613433838,170400,ETR
1979-11-30,13.625,13.875,13.5,13.5,1.4359978437423706,179900,ETR
1979-12-03,13.5,13.875,13.375,13.5,1.4359978437423706,243600,ETR
1979-12-04,13.0,13.0,12.875,13.0,1.4244917631149292,225400,ETR
1979-12-05,13.0,13.25,12.875,13.25,1.4518849849700928,223500,ETR
1979-12-06,13.25,13.375,13.0,13.125,1.438189148902893,248200,ETR
1979-12-07,13.125,13.25,13.0,13.125,1.438189148902893,153400,ETR
1979-12-10,13.125,13.25,13.0,13.25,1.4518849849700928,103100,ETR
1979-12-11,13.25,13.25,13.0,13.0,1.4244917631149292,118400,ETR
1979-12-12,13.0,13.125,13.0,13.125,1.438189148902893,95700,ETR
1979-12-13,13.125,13.125,13.0,13.125,1.438189148902893,77400,ETR
1979-12-14,13.125,13.125,13.0,13.0,1.4244917631149292,232100,ETR
1979-12-17,13.0,13.25,13.0,13.0,1.4244917631149292,145200,ETR
1979-12-18,13.0,13.125,13.0,13.0,1.4244917631149292,77300,ETR
1979-12-19,13.0,13.125,12.875,13.0,1.4244917631149292,226700,ETR
1979-12-20,13.0,13.0,12.875,13.0,1.4244917631149292,168800,ETR
1979-12-21,13.0,13.0,12.25,12.75,1.3970978260040283,279500,ETR
1979-12-24,12.75,13.0,12.75,12.875,1.4107948541641235,49600,ETR
1979-12-26,12.875,13.0,12.75,13.0,1.4244917631149292,72500,ETR
1979-12-27,13.0,13.0,12.75,12.875,1.4107948541641235,155900,ETR
1979-12-28,12.875,13.0,12.75,13.0,1.4244917631149292,130100,ETR
1979-12-31,12.875,12.875,12.25,12.625,1.3834004402160645,173600,ETR
1980-01-02,12.75,13.0,12.75,12.875,1.4107948541641235,67400,ETR
1980-01-03,12.875,12.875,12.5,12.625,1.3834004402160645,88300,ETR
1980-01-04,12.625,12.875,12.625,12.875,1.4107948541641235,59500,ETR
1980-01-07,12.875,13.0,12.75,12.875,1.4107948541641235,88000,ETR
1980-01-08,12.875,13.125,12.75,13.125,1.438189148902893,177900,ETR
1980-01-09,13.125,13.125,12.875,12.875,1.4107948541641235,190900,ETR
1980-01-10,12.875,13.0,12.875,12.875,1.4107948541641235,158200,ETR
1980-01-11,12.875,13.0,12.875,12.875,1.4107948541641235,87400,ETR
1980-01-14,12.875,12.875,12.75,12.75,1.3970978260040283,126400,ETR
1980-01-15,12.75,12.875,12.75,12.875,1.4107948541641235,138000,ETR
1980-01-16,12.875,13.0,12.75,12.875,1.4107948541641235,151300,ETR
1980-01-17,12.875,12.875,12.625,12.875,1.4107948541641235,159800,ETR
1980-01-18,12.875,12.875,12.75,12.875,1.4107948541641235,53600,ETR
1980-01-21,12.875,12.875,12.625,12.75,1.3970978260040283,96500,ETR
1980-01-22,12.75,12.75,12.5,12.625,1.3834004402160645,425300,ETR
1980-01-23,12.625,12.625,12.5,12.625,1.3834004402160645,81300,ETR
1980-01-24,12.625,12.75,12.5,12.625,1.3834004402160645,339700,ETR
1980-01-25,12.625,12.75,12.5,12.625,1.3834004402160645,49800,ETR
1980-01-28,12.625,12.625,12.375,12.5,1.3697047233581543,123400,ETR
1980-01-29,12.5,12.5,12.375,12.5,1.3697047233581543,72000,ETR
1980-01-30,12.5,12.625,12.5,12.5,1.3697047233581543,43700,ETR
1980-01-31,12.5,12.625,12.375,12.5,1.3697047233581543,205200,ETR
1980-02-01,12.5,12.625,12.25,12.25,1.342309594154358,164600,ETR
1980-02-04,12.25,12.5,12.25,12.25,1.342309594154358,173200,ETR
1980-02-05,12.25,12.5,12.25,12.25,1.342309594154358,95400,ETR
1980-02-06,12.25,12.5,12.125,12.375,1.356006145477295,107700,ETR
1980-02-07,12.375,12.5,12.25,12.375,1.356006145477295,73300,ETR
1980-02-08,12.375,12.375,12.125,12.375,1.356006145477295,381000,ETR
1980-02-11,12.25,12.25,12.0,12.125,1.32861328125,170100,ETR
1980-02-12,12.125,12.25,12.0,12.25,1.342309594154358,98900,ETR
1980-02-13,12.25,12.625,12.0,12.125,1.32861328125,190200,ETR
1980-02-14,12.125,12.25,12.0,12.125,1.32861328125,126700,ETR
1980-02-15,12.125,12.125,12.0,12.125,1.32861328125,111600,ETR
1980-02-19,12.125,12.125,11.5,11.75,1.287521243095398,251600,ETR
1980-02-20,11.5,11.5,11.25,11.375,1.24643075466156,273300,ETR
1980-02-21,11.375,11.5,11.25,11.25,1.2327332496643066,210800,ETR
1980-02-22,11.25,11.5,11.25,11.5,1.2601271867752075,123200,ETR
1980-02-25,11.5,11.5,11.25,11.375,1.24643075466156,287200,ETR
1980-02-26,11.375,11.5,11.0,11.125,1.2190372943878174,438600,ETR
1980-02-27,11.125,11.25,11.0,11.125,1.2190372943878174,543100,ETR
1980-02-28,11.125,11.25,11.0,11.25,1.2327332496643066,215200,ETR
1980-02-29,11.25,11.625,11.125,11.625,1.273824691772461,128600,ETR
1980-03-03,11.625,11.875,11.25,11.5,1.2601271867752075,516500,ETR
1980-03-04,11.25,11.25,10.875,11.0,1.248212456703186,435000,ETR
1980-03-05,11.0,11.0,10.75,10.875,1.234028697013855,190500,ETR
1980-03-06,10.875,10.875,10.375,10.5,1.1914761066436768,589000,ETR
1980-03-07,10.5,10.75,10.25,10.625,1.205660104751587,226100,ETR
1980-03-10,10.625,11.0,10.625,10.875,1.234028697013855,172700,ETR
1980-03-11,11.0,11.5,11.0,11.5,1.3049490451812744,187900,ETR
1980-03-12,11.5,11.5,11.125,11.25,1.2765811681747437,109600,ETR
1980-03-13,11.25,11.5,11.125,11.375,1.2907655239105225,82500,ETR
1980-03-14,11.375,11.5,11.25,11.375,1.2907655239105225,124700,ETR
1980-03-17,11.375,11.375,11.25,11.25,1.2765811681747437,73100,ETR
1980-03-18,11.25,11.5,11.25,11.5,1.3049490451812744,77500,ETR
1980-03-19,11.5,11.5,11.375,11.5,1.3049490451812744,99900,ETR
1980-03-20,11.5,11.5,11.25,11.25,1.2765811681747437,106700,ETR
1980-03-21,11.25,11.375,10.75,10.75,1.219844102859497,301500,ETR
1980-03-24,10.75,10.875,10.625,10.75,1.219844102859497,93000,ETR
1980-03-25,10.75,11.0,10.75,10.75,1.219844102859497,120700,ETR
1980-03-26,10.75,10.875,10.75,10.75,1.219844102859497,89200,ETR
1980-03-27,10.75,10.875,10.5,10.5,1.1914761066436768,407800,ETR
1980-03-28,10.5,10.875,10.5,10.875,1.234028697013855,128100,ETR
1980-03-31,10.875,11.0,10.875,11.0,1.248212456703186,145300,ETR
1980-04-01,11.0,11.375,11.0,11.25,1.2765811681747437,143600,ETR
1980-04-02,11.375,11.875,11.375,11.875,1.3475024700164795,166900,ETR
1980-04-03,11.875,12.0,11.75,11.75,1.3333182334899902,130800,ETR
1980-04-07,11.75,12.0,11.625,11.625,1.31913423538208,109600,ETR
1980-04-08,11.5,11.5,11.25,11.375,1.2907655239105225,119900,ETR
1980-04-09,11.375,11.625,11.25,11.5,1.3049490451812744,176900,ETR
1980-04-10,11.625,12.25,11.625,12.25,1.3900551795959473,131400,ETR
1980-04-11,12.25,12.625,12.25,12.375,1.4042385816574097,170100,ETR
1980-04-14,12.375,12.5,12.0,12.0,1.3616865873336792,206600,ETR
1980-04-15,12.0,12.25,11.875,12.125,1.3758701086044312,110600,ETR
1980-04-16,12.125,12.5,12.0,12.5,1.4184237718582153,276300,ETR
1980-04-17,12.625,12.875,12.625,12.875,1.460976004600525,155500,ETR
1980-04-18,12.875,13.0,12.875,13.0,1.4751595258712769,159500,ETR
1980-04-21,13.0,13.25,13.0,13.0,1.4751595258712769,98200,ETR
1980-04-22,13.0,13.125,12.75,12.875,1.460976004600525,227200,ETR
1980-04-23,12.875,13.0,12.75,12.75,1.446791410446167,167300,ETR
1980-04-24,12.75,12.75,12.25,12.75,1.446791410446167,96800,ETR
1980-04-25,12.75,12.75,12.5,12.625,1.432607650756836,123100,ETR
1980-04-28,12.625,12.625,12.375,12.5,1.4184237718582153,66400,ETR
1980-04-29,12.5,12.5,12.375,12.375,1.4042385816574097,63200,ETR
1980-04-30,12.375,12.75,12.25,12.75,1.446791410446167,647200,ETR
1980-05-01,12.75,12.875,12.75,12.875,1.460976004600525,250600,ETR
1980-05-02,12.875,13.0,12.75,13.0,1.4751595258712769,260800,ETR
1980-05-05,13.0,13.375,13.0,13.375,1.5177137851715088,230400,ETR
1980-05-06,13.375,13.5,13.25,13.375,1.5177137851715088,159500,ETR
1980-05-07,13.5,13.875,13.5,13.75,1.5602666139602661,389300,ETR
1980-05-08,13.75,13.75,13.5,13.5,1.5318963527679443,207300,ETR
1980-05-09,13.5,13.5,13.125,13.375,1.5177137851715088,121400,ETR
1980-05-12,13.375,13.375,13.125,13.125,1.489344835281372,91700,ETR
1980-05-13,13.125,13.75,13.125,13.625,1.5460808277130127,187400,ETR
1980-05-14,13.625,13.625,13.375,13.5,1.5318963527679443,144200,ETR
1980-05-15,13.5,13.625,13.375,13.5,1.5318963527679443,185000,ETR
1980-05-16,13.375,13.375,13.125,13.25,1.50352942943573,153800,ETR
1980-05-19,13.25,13.25,13.125,13.125,1.489344835281372,82300,ETR
1980-05-20,13.125,13.375,13.125,13.25,1.50352942943573,265900,ETR
1980-05-21,13.25,13.5,13.0,13.5,1.5318963527679443,151900,ETR
1980-05-22,13.5,13.625,13.5,13.5,1.5318963527679443,98700,ETR
1980-05-23,13.625,13.875,13.625,13.875,1.574449896812439,87300,ETR
1980-05-27,13.875,13.875,13.625,13.75,1.5602666139602661,139300,ETR
1980-05-28,13.75,14.0,13.625,14.0,1.5886352062225342,238300,ETR
1980-05-29,14.0,14.0,13.375,13.5,1.5318963527679443,280100,ETR
1980-05-30,13.5,13.5,13.25,13.375,1.5177137851715088,209300,ETR
1980-06-02,13.375,13.75,13.125,13.625,1.5460808277130127,263600,ETR
1980-06-03,12.375,12.875,12.375,12.75,1.4899877309799194,292100,ETR
1980-06-04,12.75,12.875,12.625,12.75,1.4899877309799194,139300,ETR
1980-06-05,12.75,12.875,12.75,12.75,1.4899877309799194,114500,ETR
1980-06-06,12.75,12.875,12.75,12.875,1.5045955181121826,121000,ETR
1980-06-09,12.875,13.0,12.875,13.0,1.5192023515701294,122800,ETR
1980-06-10,13.0,13.25,13.0,13.25,1.5484192371368408,122000,ETR
1980-06-11,13.25,13.25,13.0,13.0,1.5192023515701294,108800,ETR
1980-06-12,13.0,13.25,13.0,13.0,1.5192023515701294,256200,ETR
1980-06-13,13.25,13.375,13.25,13.375,1.5630276203155518,188300,ETR
1980-06-16,13.375,13.5,13.125,13.5,1.5776335000991821,305800,ETR
1980-06-17,13.5,13.75,13.375,13.625,1.5922417640686035,308200,ETR
1980-06-18,13.625,14.25,13.625,13.75,1.6068501472473145,193900,ETR
1980-06-19,13.75,13.75,13.5,13.5,1.5776335000991821,184400,ETR
1980-06-20,13.625,13.75,13.625,13.625,1.5922417640686035,117700,ETR
1980-06-23,13.625,13.75,13.625,13.625,1.5922417640686035,103300,ETR
1980-06-24,13.75,13.875,13.75,13.75,1.6068501472473145,119200,ETR
1980-06-25,13.75,13.875,13.625,13.75,1.6068501472473145,130600,ETR
1980-06-26,13.75,13.75,13.5,13.625,1.5922417640686035,102300,ETR
1980-06-27,13.625,13.75,13.5,13.5,1.5776335000991821,102500,ETR
1980-06-30,13.5,13.625,13.5,13.5,1.5776335000991821,81800,ETR
1980-07-01,13.5,13.5,13.375,13.5,1.5776335000991821,152300,ETR
1980-07-02,13.5,13.5,13.375,13.5,1.5776335000991821,115300,ETR
1980-07-03,13.5,13.625,13.25,13.5,1.5776335000991821,160500,ETR
1980-07-07,13.5,13.5,13.25,13.375,1.5630276203155518,105700,ETR
1980-07-08,13.375,13.5,13.25,13.375,1.5630276203155518,212400,ETR
1980-07-09,13.375,13.375,13.125,13.25,1.5484192371368408,134900,ETR
1980-07-10,13.25,13.25,13.125,13.125,1.5338107347488403,129200,ETR
1980-07-11,13.125,13.125,12.875,13.0,1.5192023515701294,283200,ETR
1980-07-14,13.0,13.0,12.875,13.0,1.5192023515701294,149400,ETR
1980-07-15,13.0,14.0,12.875,13.0,1.5192023515701294,150500,ETR
1980-07-16,13.0,13.125,12.75,13.0,1.5192023515701294,190100,ETR
1980-07-17,13.0,13.125,12.875,12.875,1.5045955181121826,140100,ETR
1980-07-18,12.875,13.125,12.875,13.0,1.5192023515701294,186000,ETR
1980-07-21,13.0,13.125,12.75,12.875,1.5045955181121826,189600,ETR
1980-07-22,12.875,13.125,12.75,12.875,1.5045955181121826,109300,ETR
1980-07-23,12.875,12.875,12.625,12.75,1.4899877309799194,164000,ETR
1980-07-24,12.75,13.0,12.625,12.75,1.4899877309799194,185600,ETR
1980-07-25,12.75,12.875,12.25,12.75,1.4899877309799194,122900,ETR
1980-07-28,12.75,12.75,12.5,12.75,1.4899877309799194,132300,ETR
1980-07-29,12.75,12.875,12.5,12.625,1.4753798246383667,164500,ETR
1980-07-30,12.625,12.75,12.625,12.625,1.4753798246383667,116700,ETR
1980-07-31,12.625,12.75,12.5,12.625,1.4753798246383667,202700,ETR
1980-08-01,12.625,12.625,12.25,12.375,1.4461640119552612,555800,ETR
1980-08-04,12.375,12.625,12.25,12.5,1.4607731103897095,142700,ETR
1980-08-05,12.5,12.625,12.375,12.5,1.4607731103897095,91900,ETR
1980-08-06,12.5,12.75,12.5,12.625,1.4753798246383667,89200,ETR
1980-08-07,12.625,12.75,12.5,12.5,1.4607731103897095,210000,ETR
1980-08-08,12.5,12.625,12.5,12.625,1.4753798246383667,169200,ETR
1980-08-11,12.625,12.625,12.5,12.5,1.4607731103897095,634700,ETR
1980-08-12,12.5,12.75,12.5,12.5,1.4607731103897095,94100,ETR
1980-08-13,12.625,12.875,12.625,12.875,1.5045955181121826,140100,ETR
1980-08-14,12.75,12.75,12.625,12.625,1.4753798246383667,167200,ETR
1980-08-15,12.625,12.875,12.625,12.875,1.5045955181121826,184300,ETR
1980-08-18,12.875,12.875,12.5,12.625,1.4753798246383667,108700,ETR
1980-08-19,12.625,12.625,12.5,12.625,1.4753798246383667,83400,ETR
1980-08-20,12.625,12.75,12.5,12.5,1.4607731103897095,59100,ETR
1980-08-21,12.5,12.75,12.5,12.625,1.4753798246383667,82000,ETR
1980-08-22,12.625,12.875,12.625,12.625,1.4753798246383667,71300,ETR
1980-08-25,12.625,12.875,12.625,12.75,1.4899877309799194,77200,ETR
1980-08-26,12.75,12.875,12.75,12.75,1.4899877309799194,64200,ETR
1980-08-27,12.75,12.875,12.625,12.75,1.4899877309799194,61600,ETR
1980-08-28,12.75,12.875,12.75,12.75,1.4899877309799194,85400,ETR
1980-08-29,12.75,12.875,12.625,12.875,1.5045955181121826,85900,ETR
1980-09-02,12.875,12.875,12.75,12.875,1.5045955181121826,300200,ETR
1980-09-03,12.75,12.875,12.0,12.5,1.5070075988769531,372700,ETR
1980-09-04,12.5,12.625,12.375,12.5,1.5070075988769531,256900,ETR
1980-09-05,12.5,12.5,12.375,12.375,1.4919358491897583,80600,ETR
1980-09-08,12.375,12.625,12.125,12.125,1.4617955684661865,125500,ETR
1980-09-09,12.125,12.375,12.125,12.25,1.4768668413162231,78100,ETR
1980-09-10,12.25,12.25,12.125,12.125,1.4617955684661865,59600,ETR
1980-09-11,12.125,12.5,12.125,12.125,1.4617955684661865,119200,ETR
1980-09-12,12.125,12.25,12.125,12.25,1.4768668413162231,58700,ETR
1980-09-15,12.25,12.25,12.125,12.25,1.4768668413162231,61500,ETR
1980-09-16,12.25,12.25,12.125,12.25,1.4768668413162231,66600,ETR
1980-09-17,12.25,12.25,12.125,12.25,1.4768668413162231,70900,ETR
1980-09-18,12.25,12.25,12.0,12.0,1.4467264413833618,207600,ETR
1980-09-19,12.0,12.125,12.0,12.0,1.4467264413833618,96700,ETR
1980-09-22,12.0,12.0,11.875,12.0,1.4467264413833618,118200,ETR
1980-09-23,12.0,12.0,11.875,11.875,1.4316567182540894,78700,ETR
1980-09-24,11.875,12.0,11.75,11.875,1.4316567182540894,92500,ETR
1980-09-25,11.875,11.875,11.625,11.625,1.4015165567398071,137500,ETR
1980-09-26,11.625,11.625,11.5,11.5,1.3864456415176392,140600,ETR
1980-09-29,11.5,11.625,11.5,11.5,1.3864456415176392,70900,ETR
1980-09-30,11.5,11.75,11.5,11.75,1.4165862798690796,92000,ETR
1980-10-01,11.75,11.875,11.625,11.75,1.4165862798690796,97600,ETR
1980-10-02,11.75,11.875,11.625,11.875,1.4316567182540894,93200,ETR
1980-10-03,11.875,11.875,11.625,11.875,1.4316567182540894,58000,ETR
1980-10-06,11.875,12.0,11.75,11.875,1.4316567182540894,60300,ETR
1980-10-07,11.875,12.125,11.875,12.0,1.4467264413833618,496000,ETR
1980-10-08,12.0,12.0,11.875,12.0,1.4467264413833618,59800,ETR
1980-10-09,12.0,12.0,11.875,12.0,1.4467264413833618,69000,ETR
1980-10-10,12.0,12.0,11.75,12.0,1.4467264413833618,48500,ETR
1980-10-13,12.0,12.0,11.25,12.0,1.4467264413833618,98800,ETR
1980-10-14,11.875,11.875,11.75,11.875,1.4316567182540894,78100,ETR
1980-10-15,11.875,12.0,11.75,12.0,1.4467264413833618,531500,ETR
1980-10-16,12.0,12.0,11.875,11.875,1.4316567182540894,317900,ETR
1980-10-17,11.875,12.0,11.875,12.0,1.4467264413833618,97900,ETR
1980-10-20,12.0,12.125,11.875,12.125,1.4617955684661865,111100,ETR
1980-10-21,12.125,12.125,11.25,11.25,1.3563063144683838,95300,ETR
1980-10-22,11.75,12.0,11.75,11.875,1.4316567182540894,87500,ETR
1980-10-23,11.875,12.0,11.875,12.0,1.4467264413833618,63000,ETR
1980-10-24,12.0,12.125,11.75,12.0,1.4467264413833618,92400,ETR
1980-10-27,12.0,12.0,11.625,11.875,1.4316567182540894,264300,ETR
1980-10-28,11.875,11.875,11.625,11.75,1.4165862798690796,130000,ETR
1980-10-29,11.75,11.75,11.625,11.625,1.4015165567398071,144600,ETR
1980-10-30,11.625,11.875,11.625,11.75,1.4165862798690796,70100,ETR
1980-10-31,11.75,12.125,11.75,12.125,1.4617955684661865,166900,ETR
1980-11-03,12.125,12.875,12.0,12.0,1.4467264413833618,200000,ETR
1980-11-05,12.0,12.375,11.625,11.875,1.4316567182540894,512100,ETR
1980-11-06,11.875,11.875,11.375,11.625,1.4015165567398071,88400,ETR
1980-11-07,11.625,11.75,11.625,11.625,1.4015165567398071,124300,ETR
1980-11-10,11.625,11.75,11.0,11.75,1.4165862798690796,81600,ETR
1980-11-11,11.75,11.875,11.625,11.875,1.4316567182540894,101800,ETR
1980-11-12,11.875,12.125,11.75,12.0,1.4467264413833618,166500,ETR
1980-11-13,12.0,12.875,11.875,12.0,1.4467264413833618,169500,ETR
1980-11-14,12.0,12.125,11.875,12.0,1.4467264413833618,74400,ETR
1980-11-17,12.0,12.125,11.875,11.875,1.4316567182540894,91500,ETR
1980-11-18,11.875,12.125,11.875,12.0,1.4467264413833618,79700,ETR
1980-11-19,12.0,12.125,11.875,11.875,1.4316567182540894,313600,ETR
1980-11-20,11.875,12.0,11.875,12.0,1.4467264413833618,77300,ETR
1980-11-21,12.0,12.0,11.75,11.75,1.4165862798690796,146600,ETR
1980-11-24,11.75,12.0,11.75,11.75,1.4165862798690796,109300,ETR
1980-11-25,11.75,12.0,11.75,11.875,1.4316567182540894,100500,ETR
1980-11-26,11.875,12.125,11.875,11.875,1.4316567182540894,92500,ETR
1980-11-28,11.875,12.0,11.625,11.625,1.4015165567398071,598300,ETR
1980-12-01,11.625,11.875,11.5,11.625,1.4015165567398071,117500,ETR
1980-12-02,11.625,11.75,11.5,11.5,1.3864456415176392,76800,ETR
1980-12-03,11.5,11.75,11.5,11.625,1.4015165567398071,81800,ETR
1980-12-04,11.625,11.75,11.5,11.75,1.4165862798690796,116200,ETR
1980-12-05,11.625,11.625,11.5,11.625,1.4015165567398071,126800,ETR
1980-12-08,11.625,11.625,11.5,11.625,1.4015165567398071,267400,ETR
1980-12-09,11.25,11.25,10.75,10.75,1.3428072929382324,357700,ETR
1980-12-10,10.75,11.0,10.625,10.75,1.3428072929382324,611000,ETR
1980-12-11,10.75,11.0,10.625,10.75,1.3428072929382324,161800,ETR
1980-12-12,10.75,11.0,10.75,10.75,1.3428072929382324,191500,ETR
1980-12-15,10.75,10.875,10.75,10.75,1.3428072929382324,216300,ETR
1980-12-16,10.75,10.875,10.625,10.875,1.3584222793579102,177400,ETR
1980-12-17,10.875,11.0,10.75,11.0,1.3740352392196655,221300,ETR
1980-12-18,11.0,11.625,10.625,11.5,1.4364910125732422,244200,ETR
1980-12-19,11.625,12.0,11.625,11.875,1.4833341836929321,173300,ETR
1980-12-22,11.875,12.125,11.125,12.125,1.5145610570907593,175700,ETR
1980-12-23,12.125,12.125,11.875,12.0,1.4989478588104248,173800,ETR
1980-12-24,12.0,12.0,11.75,11.75,1.4677197933197021,121900,ETR
1980-12-26,11.75,11.875,11.75,11.75,1.4677197933197021,62700,ETR
1980-12-29,11.75,11.875,11.5,11.625,1.452106237411499,146700,ETR
1980-12-30,11.625,11.75,11.5,11.625,1.452106237411499,194300,ETR
1980-12-31,11.625,11.75,10.625,11.5,1.4364910125732422,204300,ETR
1981-01-02,11.625,12.125,11.625,12.125,1.5145610570907593,94400,ETR
1981-01-05,12.125,12.5,12.125,12.375,1.5457892417907715,97600,ETR
1981-01-06,12.375,12.625,12.375,12.375,1.5457892417907715,98000,ETR
1981-01-07,12.375,12.375,12.125,12.125,1.5145610570907593,148800,ETR
1981-01-08,12.125,12.25,12.0,12.125,1.5145610570907593,158400,ETR
1981-01-09,12.125,12.5,12.0,12.0,1.4989478588104248,60800,ETR
1981-01-12,12.125,12.25,12.125,12.25,1.5301762819290161,98400,ETR
1981-01-13,12.25,12.25,12.0,12.0,1.4989478588104248,75300,ETR
1981-01-14,12.0,12.25,12.0,12.125,1.5145610570907593,66100,ETR
1981-01-15,12.125,12.25,12.0,12.125,1.5145610570907593,45200,ETR
1981-01-16,12.125,12.25,12.125,12.125,1.5145610570907593,45200,ETR
1981-01-19,12.125,12.25,12.125,12.125,1.5145610570907593,150800,ETR
1981-01-20,12.125,12.25,12.0,12.0,1.4989478588104248,90200,ETR
1981-01-21,12.0,12.125,12.0,12.125,1.5145610570907593,93900,ETR
1981-01-22,12.125,12.125,12.0,12.125,1.5145610570907593,68600,ETR
1981-01-23,12.0,12.0,11.875,11.875,1.4833341836929321,51200,ETR
1981-01-26,11.875,12.0,11.625,11.75,1.4677197933197021,67700,ETR
1981-01-27,11.75,11.875,11.625,11.75,1.4677197933197021,80000,ETR
1981-01-28,11.75,11.875,11.625,11.75,1.4677197933197021,117900,ETR
1981-01-29,11.75,11.875,11.75,11.75,1.4677197933197021,66600,ETR
1981-01-30,11.75,11.875,11.75,11.875,1.4833341836929321,468500,ETR
1981-02-02,11.875,11.875,11.625,11.75,1.4677197933197021,134400,ETR
1981-02-03,11.75,11.75,11.25,11.625,1.452106237411499,417400,ETR
1981-02-04,11.5,11.5,11.25,11.5,1.4364910125732422,83200,ETR
1981-02-05,11.5,11.5,11.375,11.375,1.4208775758743286,77100,ETR
1981-02-06,11.375,11.5,11.25,11.375,1.4208775758743286,113400,ETR
1981-02-09,11.375,11.5,11.25,11.375,1.4208775758743286,81000,ETR
1981-02-10,11.375,11.375,11.25,11.375,1.4208775758743286,138700,ETR
1981-02-11,11.375,11.875,11.25,11.25,1.4052637815475464,65000,ETR
1981-02-12,11.25,11.5,11.25,11.25,1.4052637815475464,54700,ETR
1981-02-13,11.25,11.375,11.25,11.375,1.4208775758743286,93100,ETR
1981-02-17,11.375,11.5,11.25,11.375,1.4208775758743286,79200,ETR
1981-02-18,11.375,11.75,11.375,11.75,1.4677197933197021,56100,ETR
1981-02-19,11.75,11.75,11.375,11.5,1.4364910125732422,60000,ETR
1981-02-20,11.5,11.75,11.375,11.75,1.4677197933197021,59000,ETR
1981-02-23,11.75,12.0,11.75,11.875,1.4833341836929321,107200,ETR
1981-02-24,11.875,12.0,11.75,11.875,1.4833341836929321,71800,ETR
1981-02-25,11.875,12.125,11.75,12.0,1.4989478588104248,324000,ETR
1981-02-26,12.0,12.0,11.875,12.0,1.4989478588104248,49600,ETR
1981-02-27,12.0,12.25,12.0,12.125,1.5145610570907593,207700,ETR
1981-03-02,12.125,12.25,12.125,12.25,1.5301762819290161,329800,ETR
1981-03-03,11.5,11.625,11.5,11.5,1.4856070280075073,94600,ETR
1981-03-04,11.5,11.75,11.5,11.625,1.5017563104629517,86300,ETR
1981-03-05,11.625,11.625,11.5,11.625,1.5017563104629517,69400,ETR
1981-03-06,11.625,11.75,11.375,11.5,1.4856070280075073,115300,ETR
1981-03-09,11.5,11.75,11.5,11.625,1.5017563104629517,81400,ETR
1981-03-10,11.625,11.875,11.0,11.875,1.5340510606765747,72400,ETR
1981-03-11,11.875,12.0,11.875,12.0,1.5501991510391235,54600,ETR
1981-03-12,12.0,12.125,11.875,12.125,1.5663464069366455,82600,ETR
1981-03-13,12.125,12.375,12.0,12.0,1.5501991510391235,114300,ETR
1981-03-16,12.0,12.125,11.875,12.125,1.5663464069366455,182300,ETR
1981-03-17,12.125,12.25,12.0,12.25,1.5824949741363525,58400,ETR
1981-03-18,12.25,12.25,12.0,12.0,1.5501991510391235,50200,ETR
1981-03-19,12.0,12.25,12.0,12.125,1.5663464069366455,57400,ETR
1981-03-20,12.125,12.25,12.125,12.25,1.5824949741363525,118200,ETR
1981-03-23,12.125,12.125,12.0,12.125,1.5663464069366455,114300,ETR
1981-03-24,12.125,12.25,11.875,12.125,1.5663464069366455,84300,ETR
1981-03-25,12.125,12.125,11.875,12.125,1.5663464069366455,97100,ETR
1981-03-26,12.125,12.125,11.875,12.125,1.5663464069366455,60600,ETR
1981-03-27,12.125,12.125,12.0,12.0,1.5501991510391235,144200,ETR
1981-03-30,12.0,12.125,11.875,12.0,1.5501991510391235,155300,ETR
1981-03-31,12.0,12.125,11.875,11.875,1.5340510606765747,108600,ETR
1981-04-01,12.0,12.125,12.0,12.125,1.5663464069366455,154100,ETR
1981-04-02,12.125,12.125,12.0,12.0,1.5501991510391235,73100,ETR
1981-04-03,12.0,12.125,12.0,12.125,1.5663464069366455,59000,ETR
1981-04-06,12.0,12.0,11.75,11.875,1.5340510606765747,76400,ETR
1981-04-07,11.875,12.0,11.875,11.875,1.5340510606765747,54800,ETR
1981-04-08,11.875,12.0,11.875,11.875,1.5340510606765747,75800,ETR
1981-04-09,11.875,11.875,11.75,11.75,1.5179039239883423,64900,ETR
1981-04-10,11.75,11.875,11.625,11.75,1.5179039239883423,56900,ETR
1981-04-13,11.75,12.0,11.75,11.875,1.5340510606765747,58200,ETR
1981-04-14,11.875,11.875,11.75,11.875,1.5340510606765747,77400,ETR
1981-04-15,11.875,11.875,11.625,11.75,1.5179039239883423,63800,ETR
1981-04-16,11.75,11.75,11.625,11.75,1.5179039239883423,109600,ETR
1981-04-20,11.75,11.875,11.5,11.625,1.5017563104629517,65900,ETR
1981-04-21,11.625,11.875,11.5,11.875,1.5340510606765747,132800,ETR
1981-04-22,11.875,11.875,11.625,11.75,1.5179039239883423,74000,ETR
1981-04-23,11.75,11.75,11.5,11.625,1.5017563104629517,65600,ETR
1981-04-24,11.625,11.75,11.625,11.75,1.5179039239883423,39300,ETR
1981-04-27,11.75,11.875,11.625,11.625,1.5017563104629517,65800,ETR
1981-04-28,11.625,11.625,11.5,11.625,1.5017563104629517,52400,ETR
1981-04-29,11.625,11.75,11.125,11.75,1.5179039239883423,412100,ETR
1981-04-30,11.75,11.75,11.625,11.625,1.5017563104629517,146200,ETR
1981-05-01,11.625,11.625,11.375,11.5,1.4856070280075073,597200,ETR
1981-05-04,11.375,11.375,11.125,11.25,1.4533120393753052,223300,ETR
1981-05-05,11.25,11.25,11.0,11.25,1.4533120393753052,254400,ETR
1981-05-06,11.25,11.25,11.0,11.125,1.437164545059204,167000,ETR
1981-05-07,11.125,11.375,11.125,11.25,1.4533120393753052,586500,ETR
1981-05-08,11.25,11.5,11.25,11.375,1.469459891319275,95600,ETR
1981-05-11,11.375,11.5,11.25,11.5,1.4856070280075073,129600,ETR
1981-05-12,11.5,11.5,11.25,11.5,1.4856070280075073,97200,ETR
1981-05-13,11.5,11.75,11.5,11.625,1.5017563104629517,181700,ETR
1981-05-14,11.625,11.875,11.625,11.75,1.5179039239883423,209000,ETR
1981-05-15,11.75,12.0,11.75,12.0,1.5501991510391235,164300,ETR
1981-05-18,12.0,12.125,12.0,12.125,1.5663464069366455,142800,ETR
1981-05-19,12.125,12.125,11.75,12.0,1.5501991510391235,261900,ETR
1981-05-20,12.0,12.0,11.875,12.0,1.5501991510391235,121800,ETR
1981-05-21,12.0,12.125,11.75,11.875,1.5340510606765747,92000,ETR
1981-05-22,11.875,12.0,11.75,11.875,1.5340510606765747,83700,ETR
1981-05-26,12.0,12.25,12.0,12.125,1.5663464069366455,90400,ETR
1981-05-27,12.125,12.25,12.0,12.125,1.5663464069366455,61500,ETR
1981-05-28,12.125,12.375,12.125,12.25,1.5824949741363525,148400,ETR
1981-05-29,12.25,12.375,12.25,12.375,1.5986425876617432,59800,ETR
1981-06-01,12.375,12.5,12.25,12.25,1.5824949741363525,218900,ETR
1981-06-02,12.25,12.375,12.125,12.25,1.5824949741363525,162600,ETR
1981-06-03,11.5,11.75,11.375,11.375,1.519703984260559,235100,ETR
1981-06-04,11.5,11.625,11.5,11.625,1.5531032085418701,156000,ETR
1981-06-05,11.625,11.75,11.5,11.625,1.5531032085418701,243400,ETR
1981-06-08,11.625,11.75,11.5,11.625,1.5531032085418701,88000,ETR
1981-06-09,11.625,11.875,11.625,11.75,1.5698041915893555,81400,ETR
1981-06-10,11.75,12.0,11.25,11.875,1.5865031480789185,161300,ETR
1981-06-11,11.875,12.375,11.875,12.125,1.619903326034546,213100,ETR
1981-06-12,12.25,12.5,12.25,12.375,1.6533033847808838,188600,ETR
1981-06-15,12.625,13.0,12.625,12.75,1.7034039497375488,645800,ETR
1981-06-16,12.75,13.125,12.75,13.0,1.7368043661117554,345400,ETR
1981-06-17,12.875,12.875,12.5,12.625,1.6867026090621948,158100,ETR
1981-06-18,12.625,12.75,12.5,12.5,1.6700031757354736,67500,ETR
1981-06-19,12.5,12.625,12.375,12.5,1.6700031757354736,161300,ETR
1981-06-22,12.5,12.75,12.5,12.625,1.6867026090621948,95700,ETR
1981-06-23,12.625,12.75,12.625,12.625,1.6867026090621948,180100,ETR
1981-06-24,12.625,12.75,12.5,12.625,1.6867026090621948,111000,ETR
1981-06-25,12.625,12.875,12.625,12.625,1.6867026090621948,153100,ETR
1981-06-26,12.625,12.625,12.5,12.5,1.6700031757354736,82000,ETR
1981-06-29,12.5,12.75,12.5,12.75,1.7034039497375488,97500,ETR
1981-06-30,12.625,12.625,12.25,12.25,1.6366041898727417,116400,ETR
1981-07-01,12.25,12.5,12.25,12.25,1.6366041898727417,66800,ETR
1981-07-02,12.25,12.5,12.25,12.25,1.6366041898727417,119500,ETR
1981-07-06,12.25,12.375,12.125,12.25,1.6366041898727417,117800,ETR
1981-07-07,12.25,12.375,12.125,12.25,1.6366041898727417,58600,ETR
1981-07-08,12.25,12.25,12.0,12.25,1.6366041898727417,110800,ETR
1981-07-09,12.25,12.5,12.125,12.5,1.6700031757354736,121800,ETR
1981-07-10,12.5,12.625,12.375,12.5,1.6700031757354736,89700,ETR
1981-07-13,12.5,12.75,12.5,12.75,1.7034039497375488,77300,ETR
1981-07-14,12.75,12.75,12.375,12.5,1.6700031757354736,68200,ETR
1981-07-15,12.5,12.625,12.5,12.5,1.6700031757354736,63700,ETR
1981-07-16,12.5,12.625,12.375,12.625,1.6867026090621948,55200,ETR
1981-07-17,12.625,12.75,12.5,12.75,1.7034039497375488,68100,ETR
1981-07-20,12.625,12.625,12.5,12.625,1.6867026090621948,117500,ETR
1981-07-21,12.625,12.625,12.5,12.625,1.6867026090621948,78300,ETR
1981-07-22,12.625,12.625,12.375,12.375,1.6533033847808838,57800,ETR
1981-07-23,12.375,12.5,12.25,12.375,1.6533033847808838,144400,ETR
1981-07-24,12.375,12.5,12.25,12.375,1.6533033847808838,112300,ETR
1981-07-27,12.375,12.625,12.375,12.625,1.6867026090621948,101300,ETR
1981-07-28,12.625,12.75,12.5,12.625,1.6867026090621948,201700,ETR
1981-07-29,12.625,12.75,12.625,12.625,1.6867026090621948,146100,ETR
1981-07-30,12.625,12.75,12.625,12.625,1.6867026090621948,59100,ETR
1981-07-31,12.625,12.875,12.625,12.875,1.72010338306427,93000,ETR
1981-08-03,12.875,13.0,12.75,12.875,1.72010338306427,113500,ETR
1981-08-04,12.875,12.875,12.75,12.875,1.72010338306427,63100,ETR
1981-08-05,12.875,13.0,12.75,13.0,1.7368043661117554,81600,ETR
1981-08-06,13.0,13.25,12.875,13.125,1.753503680229187,213900,ETR
1981-08-07,13.125,13.25,13.0,13.125,1.753503680229187,93500,ETR
1981-08-10,13.125,13.375,13.125,13.125,1.753503680229187,239900,ETR
1981-08-11,13.125,13.75,13.125,13.625,1.8203041553497314,315200,ETR
1981-08-12,13.625,13.875,13.5,13.5,1.8036034107208252,177000,ETR
1981-08-13,13.5,13.625,13.5,13.5,1.8036034107208252,102100,ETR
1981-08-14,13.5,13.625,13.25,13.25,1.7702041864395142,59600,ETR
1981-08-17,13.25,13.625,13.125,13.25,1.7702041864395142,87200,ETR
1981-08-18,13.25,13.375,13.125,13.125,1.753503680229187,97800,ETR
1981-08-19,13.125,13.25,13.0,13.125,1.753503680229187,68700,ETR
1981-08-20,13.125,13.5,13.125,13.125,1.753503680229187,88900,ETR
1981-08-21,13.125,13.375,13.125,13.375,1.786903977394104,111400,ETR
1981-08-24,13.375,13.75,12.625,12.75,1.7034039497375488,145300,ETR
1981-08-25,12.625,12.625,12.5,12.5,1.6700031757354736,109000,ETR
1981-08-26,12.5,12.875,12.5,12.875,1.72010338306427,113600,ETR
1981-08-27,12.875,13.125,12.75,13.125,1.753503680229187,109400,ETR
1981-08-28,13.125,13.375,13.0,13.375,1.786903977394104,148500,ETR
1981-08-31,13.375,13.5,13.25,13.375,1.786903977394104,239000,ETR
1981-09-01,13.375,13.5,13.375,13.375,1.786903977394104,134600,ETR
1981-09-02,13.375,13.5,12.75,12.75,1.7034039497375488,225900,ETR
1981-09-03,12.75,13.0,12.75,12.75,1.7034039497375488,412500,ETR
1981-09-04,12.75,12.875,12.5,12.5,1.6700031757354736,165700,ETR
1981-09-08,11.875,12.125,11.875,11.875,1.6396270990371704,121500,ETR
1981-09-09,11.875,12.125,11.875,12.0,1.6568864583969116,112400,ETR
1981-09-10,12.0,12.0,11.875,11.875,1.6396270990371704,63400,ETR
1981-09-11,12.0,12.25,12.0,12.25,1.6914063692092896,159100,ETR
1981-09-14,12.25,12.25,12.0,12.0,1.6568864583969116,55000,ETR
1981-09-15,12.0,12.25,12.0,12.125,1.6741458177566528,138500,ETR
1981-09-16,12.125,12.25,12.0,12.0,1.6568864583969116,96700,ETR
1981-09-17,12.0,12.375,12.0,12.25,1.6914063692092896,155600,ETR
1981-09-18,12.25,12.25,12.0,12.0,1.6568864583969116,71800,ETR
1981-09-21,12.125,12.375,12.125,12.375,1.708663821220398,138600,ETR
1981-09-22,12.375,12.625,12.25,12.375,1.708663821220398,253000,ETR
1981-09-23,12.375,12.5,12.25,12.25,1.6914063692092896,82900,ETR
1981-09-24,12.25,12.5,12.25,12.25,1.6914063692092896,66900,ETR
1981-09-25,12.25,12.25,12.0,12.0,1.6568864583969116,82100,ETR
1981-09-28,11.875,11.875,11.5,11.875,1.6396270990371704,133500,ETR
1981-09-29,11.875,12.125,11.75,11.875,1.6396270990371704,112900,ETR
1981-09-30,11.875,11.875,11.625,11.75,1.6223688125610352,86600,ETR
1981-10-01,11.75,11.875,11.75,11.75,1.6223688125610352,45300,ETR
1981-10-02,11.75,12.0,11.75,11.75,1.6223688125610352,52600,ETR
1981-10-05,11.75,12.0,11.75,11.875,1.6396270990371704,74000,ETR
1981-10-06,11.875,12.0,11.875,12.0,1.6568864583969116,55800,ETR
1981-10-07,12.0,12.25,12.0,12.125,1.6741458177566528,46000,ETR
1981-10-08,12.125,12.25,12.0,12.125,1.6741458177566528,51200,ETR
1981-10-09,12.125,13.125,12.125,12.375,1.708663821220398,86700,ETR
1981-10-12,12.375,12.5,12.25,12.375,1.708663821220398,36400,ETR
1981-10-13,12.375,12.375,12.125,12.25,1.6914063692092896,114300,ETR
1981-10-14,12.25,12.25,12.125,12.125,1.6741458177566528,48400,ETR
1981-10-15,12.125,12.25,12.0,12.125,1.6741458177566528,45000,ETR
1981-10-16,12.125,12.125,12.0,12.0,1.6568864583969116,48300,ETR
1981-10-19,12.0,12.25,12.0,12.0,1.6568864583969116,92500,ETR
1981-10-20,12.0,12.125,12.0,12.0,1.6568864583969116,63300,ETR
1981-10-21,12.0,12.125,12.0,12.0,1.6568864583969116,33100,ETR
1981-10-22,12.0,12.125,11.75,11.75,1.6223688125610352,59200,ETR
1981-10-23,11.75,11.875,11.625,11.625,1.6051101684570312,103700,ETR
1981-10-26,11.625,11.875,11.625,11.75,1.6223688125610352,55200,ETR
1981-10-27,11.75,12.0,11.625,11.875,1.6396270990371704,86200,ETR
1981-10-28,12.0,12.125,12.0,12.125,1.6741458177566528,63500,ETR
1981-10-29,12.125,12.25,12.0,12.25,1.6914063692092896,49100,ETR
1981-10-30,12.5,12.75,12.5,12.625,1.7431825399398804,695700,ETR
1981-11-02,12.625,12.875,12.5,12.75,1.7604423761367798,289500,ETR
1981-11-03,12.75,12.75,12.625,12.625,1.7431825399398804,127800,ETR
1981-11-04,12.625,12.625,12.5,12.5,1.7259231805801392,128000,ETR
1981-11-05,12.5,12.75,12.5,12.75,1.7604423761367798,282600,ETR
1981-11-06,12.75,12.75,12.5,12.625,1.7431825399398804,214000,ETR
1981-11-09,12.625,13.125,12.625,13.125,1.8122199773788452,592800,ETR
1981-11-10,13.125,13.375,13.125,13.25,1.8294790983200073,397900,ETR
1981-11-11,13.25,13.25,13.0,13.25,1.8294790983200073,284000,ETR
1981-11-12,13.25,13.375,13.125,13.375,1.8467379808425903,241900,ETR
1981-11-13,13.5,13.625,13.5,13.5,1.8639973402023315,428100,ETR
1981-11-16,13.5,13.75,13.5,13.75,1.8985153436660767,469100,ETR
1981-11-17,13.75,13.75,13.625,13.75,1.8985153436660767,141700,ETR
1981-11-18,13.75,13.75,13.625,13.625,1.8812570571899414,136200,ETR
1981-11-19,13.625,13.75,13.5,13.75,1.8985153436660767,130500,ETR
1981-11-20,13.75,13.875,13.625,13.625,1.8812570571899414,416600,ETR
1981-11-23,13.625,13.625,13.5,13.625,1.8812570571899414,139400,ETR
1981-11-24,13.625,13.75,13.375,13.75,1.8985153436660767,259400,ETR
1981-11-25,13.75,13.75,13.625,13.75,1.8985153436660767,100100,ETR
1981-11-27,13.75,13.875,13.625,13.75,1.8985153436660767,72400,ETR
1981-11-30,13.75,13.875,13.625,13.75,1.8985153436660767,140900,ETR
1981-12-01,13.75,13.875,13.375,13.625,1.8812570571899414,181000,ETR
1981-12-02,13.5,13.5,13.125,13.25,1.8294790983200073,80300,ETR
1981-12-03,13.25,13.375,13.0,13.375,1.8467379808425903,148900,ETR
1981-12-04,13.375,13.5,13.25,13.5,1.8639973402023315,155300,ETR
1981-12-07,13.5,13.5,13.25,13.5,1.8639973402023315,86900,ETR
1981-12-08,13.5,13.5,13.25,13.5,1.8639973402023315,451000,ETR
1981-12-09,12.625,12.875,12.625,12.75,1.816275954246521,125800,ETR
1981-12-10,12.75,12.75,12.5,12.75,1.816275954246521,164600,ETR
1981-12-11,12.75,12.875,12.625,12.75,1.816275954246521,111400,ETR
1981-12-14,12.75,12.75,12.5,12.75,1.816275954246521,114100,ETR
1981-12-15,12.75,12.875,12.625,12.875,1.8340821266174316,99200,ETR
1981-12-16,12.75,12.75,12.625,12.75,1.816275954246521,74600,ETR
1981-12-17,12.75,12.75,12.375,12.5,1.7806622982025146,129700,ETR
1981-12-18,12.5,12.75,12.5,12.75,1.816275954246521,91000,ETR
1981-12-21,12.75,12.75,12.5,12.625,1.7984684705734253,178100,ETR
1981-12-22,12.625,12.625,12.5,12.625,1.7984684705734253,240000,ETR
1981-12-23,12.625,12.625,12.375,12.5,1.7806622982025146,72300,ETR
1981-12-24,12.5,12.75,12.5,12.75,1.816275954246521,39600,ETR
1981-12-28,12.75,12.875,12.625,12.75,1.816275954246521,64800,ETR
1981-12-29,12.75,12.75,12.5,12.625,1.7984684705734253,173800,ETR
1981-12-30,12.625,12.625,12.5,12.625,1.7984684705734253,237800,ETR
1981-12-31,12.5,12.625,12.375,12.625,1.7984684705734253,192200,ETR
1982-01-04,12.625,12.75,12.5,12.625,1.7984684705734253,203900,ETR
1982-01-05,12.625,12.625,12.5,12.625,1.7984684705734253,108300,ETR
1982-01-06,12.5,12.625,12.375,12.5,1.7806622982025146,166200,ETR
1982-01-07,12.5,12.625,12.375,12.5,1.7806622982025146,305600,ETR
1982-01-08,12.875,13.0,12.625,13.0,1.8518890142440796,101500,ETR
1982-01-11,12.75,12.875,12.625,12.625,1.7984684705734253,89400,ETR
1982-01-12,12.625,12.625,12.5,12.625,1.7984684705734253,95500,ETR
1982-01-13,12.625,12.75,12.5,12.625,1.7984684705734253,53900,ETR
1982-01-14,12.625,12.75,12.5,12.75,1.816275954246521,57900,ETR
1982-01-15,12.625,12.75,12.5,12.625,1.7984684705734253,56900,ETR
1982-01-18,12.625,12.75,12.5,12.75,1.816275954246521,81100,ETR
1982-01-19,12.75,12.75,12.625,12.75,1.816275954246521,64200,ETR
1982-01-20,12.75,12.75,12.625,12.75,1.816275954246521,163800,ETR
1982-01-21,12.625,12.75,12.5,12.75,1.816275954246521,95300,ETR
1982-01-22,12.875,13.0,12.625,12.75,1.816275954246521,90100,ETR
1982-01-25,12.75,12.75,12.625,12.75,1.816275954246521,228800,ETR
1982-01-26,12.75,12.875,12.625,12.875,1.8340821266174316,97400,ETR
1982-01-27,12.875,13.0,12.75,12.875,1.8340821266174316,104600,ETR
1982-01-28,13.0,13.125,12.875,13.125,1.8696961402893066,438000,ETR
1982-01-29,13.25,13.25,13.125,13.25,1.8875019550323486,108800,ETR
1982-02-01,13.0,13.125,12.75,12.875,1.8340821266174316,165900,ETR
1982-02-02,12.875,13.0,12.75,12.75,1.816275954246521,72200,ETR
1982-02-03,12.875,12.875,12.75,12.75,1.816275954246521,77600,ETR
1982-02-04,12.875,12.875,12.75,12.875,1.8340821266174316,129000,ETR
1982-02-05,12.875,13.0,12.75,13.0,1.8518890142440796,70200,ETR
1982-02-08,12.875,13.0,12.75,13.0,1.8518890142440796,174400,ETR
1982-02-09,12.875,13.0,12.75,13.0,1.8518890142440796,145500,ETR
1982-02-10,13.0,13.125,12.875,13.125,1.8696961402893066,76700,ETR
1982-02-11,13.0,13.125,12.875,13.125,1.8696961402893066,311100,ETR
1982-02-12,13.125,13.125,13.0,13.125,1.8696961402893066,45700,ETR
1982-02-16,13.0,13.0,12.875,13.0,1.8518890142440796,60600,ETR
1982-02-17,13.125,13.125,13.0,13.125,1.8696961402893066,97100,ETR
1982-02-18,13.125,13.125,13.0,13.125,1.8696961402893066,68300,ETR
1982-02-19,13.125,13.125,13.0,13.125,1.8696961402893066,98100,ETR
1982-02-22,13.375,13.375,13.25,13.25,1.8875019550323486,170700,ETR
1982-02-23,13.5,13.75,13.25,13.75,1.9587286710739136,133400,ETR
1982-02-24,13.625,13.75,13.5,13.75,1.9587286710739136,128600,ETR
1982-02-25,13.625,13.75,13.5,13.75,1.9587286710739136,138200,ETR
1982-02-26,13.75,13.875,13.625,13.875,1.9765350818634033,83000,ETR
1982-03-01,13.75,13.875,13.625,13.625,1.9409226179122925,478400,ETR
1982-03-02,13.875,14.0,13.75,13.875,1.9765350818634033,304100,ETR
1982-03-03,13.875,14.0,13.75,14.0,1.9943405389785767,254400,ETR
1982-03-04,13.875,14.0,13.75,13.875,1.9765350818634033,105300,ETR
1982-03-05,13.875,14.0,13.75,14.0,1.9943405389785767,147100,ETR
1982-03-08,14.25,14.375,14.0,14.25,2.0299534797668457,628300,ETR
1982-03-09,13.625,13.75,13.375,13.75,2.017483949661255,554900,ETR
1982-03-10,13.625,13.75,13.5,13.625,1.9991422891616821,159500,ETR
1982-03-11,13.5,13.625,13.25,13.5,1.980800986289978,100900,ETR
1982-03-12,13.375,13.5,13.125,13.25,1.9441202878952026,144200,ETR
1982-03-15,13.125,13.25,13.0,13.125,1.925779104232788,142200,ETR
1982-03-16,13.125,13.125,13.0,13.0,1.9074386358261108,94200,ETR
1982-03-17,13.0,13.125,12.875,13.0,1.9074386358261108,87100,ETR
1982-03-18,13.0,13.125,12.875,13.0,1.9074386358261108,79500,ETR
1982-03-19,13.0,13.125,12.875,13.125,1.925779104232788,185700,ETR
1982-03-22,13.0,13.125,12.875,13.125,1.925779104232788,82500,ETR
1982-03-23,13.25,13.25,13.125,13.25,1.9441202878952026,279500,ETR
1982-03-24,13.25,13.375,13.125,13.375,1.9624611139297485,47300,ETR
1982-03-25,13.25,13.375,13.0,13.25,1.9441202878952026,90500,ETR
1982-03-26,13.125,13.125,13.0,13.125,1.925779104232788,107300,ETR
1982-03-29,13.0,13.125,12.875,13.125,1.925779104232788,85100,ETR
1982-03-30,13.125,13.125,13.0,13.125,1.925779104232788,135100,ETR
1982-03-31,13.125,13.125,13.0,13.125,1.925779104232788,111900,ETR
1982-04-01,13.125,13.125,13.0,13.125,1.925779104232788,101100,ETR
1982-04-02,13.125,13.75,13.0,13.375,1.9624611139297485,258700,ETR
1982-04-05,13.25,13.375,13.125,13.375,1.9624611139297485,119100,ETR
1982-04-06,13.25,13.375,13.125,13.25,1.9441202878952026,98300,ETR
1982-04-07,13.25,13.25,13.125,13.25,1.9441202878952026,99300,ETR
1982-04-08,13.25,13.25,13.125,13.25,1.9441202878952026,124700,ETR
1982-04-12,13.25,13.375,13.125,13.375,1.9624611139297485,172000,ETR
1982-04-13,13.375,13.375,13.25,13.375,1.9624611139297485,106700,ETR
1982-04-14,13.375,13.375,13.25,13.375,1.9624611139297485,217800,ETR
1982-04-15,13.5,13.625,13.25,13.625,1.9991422891616821,242600,ETR
1982-04-16,13.5,13.625,13.375,13.625,1.9991422891616821,140400,ETR
1982-04-19,13.625,13.75,13.5,13.75,2.017483949661255,137100,ETR
1982-04-20,13.625,13.75,13.375,13.625,1.9991422891616821,135400,ETR
1982-04-21,13.5,13.625,13.375,13.5,1.980800986289978,91500,ETR
1982-04-22,13.625,13.75,13.5,13.75,2.017483949661255,113700,ETR
1982-04-23,13.625,13.75,13.5,13.625,1.9991422891616821,159400,ETR
1982-04-26,13.5,13.625,13.375,13.625,1.9991422891616821,103700,ETR
1982-04-27,13.5,13.75,13.25,13.375,1.9624611139297485,150400,ETR
1982-04-28,13.5,13.5,13.375,13.5,1.980800986289978,90000,ETR
1982-04-29,13.5,13.5,13.375,13.375,1.9624611139297485,90100,ETR
1982-04-30,13.5,13.625,13.375,13.5,1.980800986289978,241300,ETR
1982-05-03,13.5,13.625,13.375,13.5,1.980800986289978,162900,ETR
1982-05-04,13.5,13.625,13.375,13.5,1.980800986289978,869000,ETR
1982-05-05,13.5,13.5,13.375,13.5,1.980800986289978,169100,ETR
1982-05-06,13.5,13.5,13.375,13.5,1.980800986289978,290700,ETR
1982-05-07,13.75,13.875,13.5,13.75,2.017483949661255,225800,ETR
1982-05-10,13.75,13.875,13.5,13.5,1.980800986289978,184800,ETR
1982-05-11,13.75,13.875,13.5,13.75,2.017483949661255,87500,ETR
1982-05-12,13.875,14.0,13.75,13.875,2.035822868347168,136500,ETR
1982-05-13,14.0,14.0,13.875,14.0,2.0541651248931885,416000,ETR
1982-05-14,14.0,14.25,13.75,13.75,2.017483949661255,872700,ETR
1982-05-17,13.625,13.75,13.375,13.75,2.017483949661255,1592300,ETR
1982-05-18,13.625,13.75,13.5,13.625,1.9991422891616821,336200,ETR
1982-05-19,13.625,13.625,13.5,13.5,1.980800986289978,526900,ETR
1982-05-20,13.625,13.625,13.5,13.625,1.9991422891616821,156400,ETR
1982-05-21,13.625,13.75,13.5,13.75,2.017483949661255,302300,ETR
1982-05-24,13.625,13.75,13.5,13.625,1.9991422891616821,275500,ETR
1982-05-25,13.75,13.75,13.625,13.625,1.9991422891616821,259200,ETR
1982-05-26,13.625,13.75,13.5,13.625,1.9991422891616821,103100,ETR
1982-05-27,13.625,13.75,13.5,13.625,1.9991422891616821,75800,ETR
1982-05-28,13.625,13.625,13.5,13.625,1.9991422891616821,141800,ETR
1982-06-01,13.625,13.75,13.5,13.5,1.980800986289978,103600,ETR
1982-06-02,13.625,13.625,13.5,13.5,1.980800986289978,195700,ETR
1982-06-03,13.625,13.75,13.5,13.625,1.9991422891616821,87100,ETR
1982-06-04,13.625,13.75,13.5,13.75,2.017483949661255,253200,ETR
1982-06-07,13.125,13.25,13.0,13.0,1.9668004512786865,135900,ETR
1982-06-08,13.0,13.125,12.875,13.0,1.9668004512786865,341600,ETR
1982-06-09,12.75,12.875,12.5,12.75,1.9289778470993042,285000,ETR
1982-06-10,12.75,12.875,12.5,12.75,1.9289778470993042,104800,ETR
1982-06-11,12.75,12.875,12.625,12.75,1.9289778470993042,231800,ETR
1982-06-14,12.625,12.75,12.375,12.5,1.8911548852920532,268200,ETR
1982-06-15,12.375,12.5,12.25,12.375,1.8722435235977173,176300,ETR
1982-06-16,12.5,12.625,12.375,12.625,1.910064458847046,417200,ETR
1982-06-17,12.625,12.75,12.5,12.75,1.9289778470993042,220800,ETR
1982-06-18,12.75,12.875,12.625,12.875,1.9478877782821655,265000,ETR
1982-06-21,12.875,12.875,12.75,12.875,1.9478877782821655,163700,ETR
1982-06-22,12.75,12.875,12.625,12.875,1.9478877782821655,74400,ETR
1982-06-23,12.875,12.875,12.75,12.875,1.9478877782821655,407600,ETR
1982-06-24,12.625,12.875,12.375,12.875,1.9478877782821655,238800,ETR
1982-06-25,13.0,13.0,12.875,13.0,1.9668004512786865,131400,ETR
1982-06-28,12.875,13.0,12.75,12.875,1.9478877782821655,100800,ETR
1982-06-29,12.875,13.0,12.75,13.0,1.9668004512786865,512000,ETR
1982-06-30,13.0,13.125,12.875,13.0,1.9668004512786865,249600,ETR
1982-07-01,13.0,13.125,12.875,12.875,1.9478877782821655,400000,ETR
1982-07-02,13.0,13.125,12.875,13.125,1.9857125282287598,200400,ETR
1982-07-06,13.125,13.125,13.0,13.125,1.9857125282287598,132900,ETR
1982-07-07,13.125,13.125,13.0,13.125,1.9857125282287598,465900,ETR
1982-07-08,13.125,13.125,13.0,13.125,1.9857125282287598,71300,ETR
1982-07-09,13.125,13.125,13.0,13.125,1.9857125282287598,93900,ETR
1982-07-12,13.25,13.25,13.125,13.125,1.9857125282287598,82600,ETR
1982-07-13,13.25,13.375,13.125,13.375,2.0235347747802734,264600,ETR
1982-07-14,13.25,13.25,13.125,13.125,1.9857125282287598,82600,ETR
1982-07-15,13.25,13.25,13.125,13.25,2.004621982574463,110700,ETR
1982-07-16,13.125,13.25,13.0,13.0,1.9668004512786865,99300,ETR
1982-07-19,13.125,13.25,13.0,13.125,1.9857125282287598,104800,ETR
1982-07-20,13.125,13.25,13.0,13.125,1.9857125282287598,345400,ETR
1982-07-21,13.0,13.125,12.875,13.0,1.9668004512786865,111400,ETR
1982-07-22,13.0,13.125,12.875,13.0,1.9668004512786865,148100,ETR
1982-07-23,13.125,13.125,13.0,13.125,1.9857125282287598,79600,ETR
1982-07-26,13.125,13.125,13.0,13.125,1.9857125282287598,98200,ETR
1982-07-27,13.0,13.125,12.875,12.875,1.9478877782821655,91200,ETR
1982-07-28,12.875,13.0,12.75,12.75,1.9289778470993042,170500,ETR
1982-07-29,12.75,12.75,12.625,12.625,1.910064458847046,122600,ETR
1982-07-30,12.75,12.875,12.625,12.75,1.9289778470993042,53700,ETR
1982-08-02,12.875,13.0,12.75,13.0,1.9668004512786865,110200,ETR
1982-08-03,13.0,13.0,12.875,13.0,1.9668004512786865,62200,ETR
1982-08-04,12.875,12.875,12.75,12.875,1.9478877782821655,77700,ETR
1982-08-05,12.75,12.875,12.625,12.75,1.9289778470993042,51700,ETR
1982-08-06,12.75,12.875,12.625,12.625,1.910064458847046,62900,ETR
1982-08-09,12.75,12.75,12.625,12.75,1.9289778470993042,77400,ETR
1982-08-10,12.875,12.875,12.75,12.875,1.9478877782821655,65400,ETR
1982-08-11,12.75,12.875,12.5,12.5,1.8911548852920532,441500,ETR
1982-08-12,12.75,12.75,12.625,12.75,1.9289778470993042,83700,ETR
1982-08-13,12.75,12.875,12.625,12.875,1.9478877782821655,145200,ETR
1982-08-16,13.125,13.25,13.0,13.0,1.9668004512786865,241000,ETR
1982-08-17,13.625,13.875,13.375,13.875,2.0991809368133545,1005000,ETR
1982-08-18,15.625,17.25,13.875,14.0,2.1180925369262695,1030100,ETR
1982-08-19,14.0,14.125,13.875,14.0,2.1180925369262695,514900,ETR
1982-08-20,14.125,14.25,14.0,14.25,2.1559152603149414,239700,ETR
1982-08-23,14.375,14.5,14.125,14.5,2.1937389373779297,298000,ETR
1982-08-24,14.375,14.5,14.25,14.5,2.1937389373779297,303100,ETR
1982-08-25,14.5,14.625,14.375,14.5,2.1937389373779297,277200,ETR
1982-08-26,14.5,14.625,14.375,14.5,2.1937389373779297,295500,ETR
1982-08-27,14.375,14.5,14.25,14.375,2.1748266220092773,591400,ETR
1982-08-30,14.375,14.5,14.25,14.5,2.1937389373779297,109200,ETR
1982-08-31,14.625,14.875,14.375,14.625,2.2126498222351074,1014300,ETR
1982-09-01,14.875,14.875,14.75,14.875,2.2504730224609375,189200,ETR
1982-09-02,14.625,15.0,14.25,15.0,2.2693850994110107,291400,ETR
1982-09-03,15.25,15.625,14.875,15.125,2.288297176361084,404000,ETR
1982-09-07,14.625,14.625,14.5,14.5,2.2556281089782715,525000,ETR
1982-09-08,14.5,14.625,14.375,14.375,2.236182689666748,543400,ETR
1982-09-09,14.375,14.5,14.25,14.375,2.236182689666748,498100,ETR
1982-09-10,14.375,14.5,14.125,14.125,2.197293519973755,233200,ETR
1982-09-13,14.25,14.375,14.125,14.25,2.216738700866699,71900,ETR
1982-09-14,14.375,14.5,14.25,14.25,2.216738700866699,222800,ETR
1982-09-15,14.5,14.625,14.375,14.625,2.2750742435455322,428500,ETR
1982-09-16,14.5,14.625,14.375,14.375,2.236182689666748,216200,ETR
1982-09-17,14.5,14.5,14.375,14.5,2.2556281089782715,297800,ETR
1982-09-20,14.5,14.5,14.375,14.5,2.2556281089782715,74700,ETR
1982-09-21,14.5,14.625,14.375,14.625,2.2750742435455322,756000,ETR
1982-09-22,14.625,14.75,14.5,14.75,2.294518232345581,444900,ETR
1982-09-23,14.625,14.75,14.5,14.75,2.294518232345581,192600,ETR
1982-09-24,14.625,14.75,14.5,14.5,2.2556281089782715,119500,ETR
1982-09-27,14.625,14.625,14.5,14.5,2.2556281089782715,118200,ETR
1982-09-28,14.625,14.625,14.5,14.625,2.2750742435455322,144600,ETR
1982-09-29,14.5,14.625,14.25,14.25,2.216738700866699,106600,ETR
1982-09-30,14.25,14.375,14.125,14.25,2.216738700866699,241300,ETR
1982-10-01,14.25,14.25,14.125,14.25,2.216738700866699,98200,ETR
1982-10-04,14.25,14.375,14.125,14.25,2.216738700866699,333300,ETR
1982-10-05,14.25,14.375,14.125,14.25,2.216738700866699,323200,ETR
1982-10-06,14.5,14.625,14.25,14.625,2.2750742435455322,225300,ETR
1982-10-07,14.75,14.875,14.625,14.875,2.3139638900756836,531400,ETR
1982-10-08,15.0,15.125,14.875,15.0,2.333409070968628,362500,ETR
1982-10-11,15.5,15.5,15.125,15.125,2.3528554439544678,333100,ETR
1982-10-12,15.375,15.5,15.25,15.25,2.3722994327545166,237100,ETR
1982-10-13,15.25,15.375,15.125,15.125,2.3528554439544678,130300,ETR
1982-10-14,15.375,15.5,15.125,15.25,2.3722994327545166,251500,ETR
1982-10-15,15.25,15.375,15.125,15.25,2.3722994327545166,109400,ETR
1982-10-18,15.25,15.375,15.125,15.25,2.3722994327545166,100200,ETR
1982-10-19,15.25,15.375,15.125,15.125,2.3528554439544678,169900,ETR
1982-10-20,15.125,15.25,15.0,15.0,2.333409070968628,167900,ETR
1982-10-21,15.0,15.125,14.875,15.0,2.333409070968628,259700,ETR
1982-10-22,15.0,15.125,14.875,15.0,2.333409070968628,185600,ETR
1982-10-25,14.875,15.0,14.625,14.75,2.294518232345581,139400,ETR
1982-10-26,14.375,14.625,14.125,14.375,2.236182689666748,589600,ETR
1982-10-27,14.625,14.75,14.375,14.625,2.2750742435455322,144700,ETR
1982-10-28,14.75,14.875,14.625,14.625,2.2750742435455322,127200,ETR
1982-10-29,14.625,14.75,14.375,14.5,2.2556281089782715,98700,ETR
1982-11-01,14.75,14.875,14.5,14.875,2.3139638900756836,179600,ETR
1982-11-02,15.0,15.125,14.75,14.875,2.3139638900756836,206300,ETR
1982-11-03,14.875,15.0,14.75,15.0,2.333409070968628,354900,ETR
1982-11-04,15.125,15.25,14.875,14.875,2.3139638900756836,380300,ETR
1982-11-05,14.875,15.0,14.625,15.0,2.333409070968628,290500,ETR
1982-11-08,14.875,15.0,14.75,15.0,2.333409070968628,100300,ETR
1982-11-09,15.0,15.125,14.75,14.875,2.3139638900756836,212900,ETR
1982-11-10,15.0,15.125,14.875,14.875,2.3139638900756836,230500,ETR
1982-11-11,14.75,14.875,14.625,14.75,2.294518232345581,431200,ETR
1982-11-12,14.75,14.875,14.5,14.75,2.294518232345581,148400,ETR
1982-11-15,14.75,14.75,14.625,14.75,2.294518232345581,310900,ETR
1982-11-16,14.625,14.75,14.375,14.625,2.2750742435455322,201600,ETR
1982-11-17,14.875,15.0,14.625,15.0,2.333409070968628,227500,ETR
1982-11-18,15.125,15.25,14.875,15.125,2.3528554439544678,131100,ETR
1982-11-19,15.125,15.25,14.875,15.0,2.333409070968628,454200,ETR
1982-11-22,14.875,15.0,14.75,14.75,2.294518232345581,320800,ETR
1982-11-23,14.875,14.875,14.75,14.75,2.294518232345581,241300,ETR
1982-11-24,15.0,15.0,14.875,14.875,2.3139638900756836,93400,ETR
1982-11-26,15.125,15.25,15.0,15.125,2.3528554439544678,116700,ETR
1982-11-29,15.125,15.25,14.875,15.0,2.333409070968628,376100,ETR
1982-11-30,15.0,15.125,14.875,15.0,2.333409070968628,311900,ETR
1982-12-01,15.125,15.125,15.0,15.125,2.3528554439544678,141000,ETR
1982-12-02,15.125,15.25,15.0,15.125,2.3528554439544678,221000,ETR
1982-12-03,15.25,15.375,15.125,15.25,2.3722994327545166,148700,ETR
1982-12-06,15.25,15.375,15.125,15.375,2.3917458057403564,132800,ETR
1982-12-07,15.5,15.625,15.25,15.5,2.411189079284668,435300,ETR
1982-12-08,15.5,15.625,15.375,15.625,2.430635690689087,259400,ETR
1982-12-09,15.5,15.625,15.375,15.5,2.411189079284668,103400,ETR
1982-12-10,15.625,15.75,15.375,15.625,2.430635690689087,223200,ETR
1982-12-13,14.875,14.875,14.75,14.75,2.3586745262145996,907500,ETR
1982-12-14,14.875,15.0,14.75,14.75,2.3586745262145996,235500,ETR
1982-12-15,14.625,14.75,14.375,14.375,2.2987091541290283,436200,ETR
1982-12-16,14.375,14.5,14.125,14.125,2.258732318878174,414900,ETR
1982-12-17,14.5,14.75,14.25,14.75,2.3586745262145996,274500,ETR
1982-12-20,14.625,14.875,14.375,14.5,2.3186981678009033,131400,ETR
1982-12-21,14.625,14.625,14.5,14.5,2.3186981678009033,101600,ETR
1982-12-22,14.625,14.625,14.5,14.5,2.3186981678009033,119200,ETR
1982-12-23,14.625,14.75,14.5,14.75,2.3586745262145996,109300,ETR
1982-12-27,14.875,15.0,14.625,14.875,2.3786630630493164,122400,ETR
1982-12-28,14.875,15.0,14.75,14.875,2.3786630630493164,85200,ETR
1982-12-29,14.875,15.0,14.75,14.875,2.3786630630493164,117400,ETR
1982-12-30,15.0,15.125,14.875,14.875,2.3786630630493164,114600,ETR
1982-12-31,14.875,15.0,14.75,14.875,2.3786630630493164,68300,ETR
1983-01-03,14.875,14.875,14.75,14.75,2.3586745262145996,168000,ETR
1983-01-04,14.875,15.0,14.75,15.0,2.3986527919769287,216700,ETR
1983-01-05,15.0,15.0,14.875,14.875,2.3786630630493164,160300,ETR
1983-01-06,15.0,15.125,14.875,15.125,2.4186418056488037,168000,ETR
1983-01-07,15.5,15.875,15.0,15.25,2.438631057739258,263000,ETR
1983-01-10,15.25,15.5,15.0,15.375,2.458618402481079,206000,ETR
1983-01-11,15.375,15.5,15.25,15.5,2.478607654571533,188400,ETR
1983-01-12,15.375,15.5,15.25,15.5,2.478607654571533,211400,ETR
1983-01-13,15.5,15.625,15.375,15.5,2.478607654571533,137000,ETR
1983-01-14,15.5,15.5,15.375,15.5,2.478607654571533,254200,ETR
1983-01-17,15.5,15.625,15.375,15.625,2.4985971450805664,168200,ETR
1983-01-18,15.625,15.75,15.5,15.625,2.4985971450805664,141300,ETR
1983-01-19,15.75,15.75,15.625,15.75,2.518585681915283,217900,ETR
1983-01-20,15.75,15.875,15.625,15.75,2.518585681915283,849200,ETR
1983-01-21,15.625,15.75,15.375,15.625,2.4985971450805664,178700,ETR
1983-01-24,15.375,15.5,15.25,15.25,2.438631057739258,185000,ETR
1983-01-25,15.375,15.375,15.25,15.375,2.458618402481079,145800,ETR
1983-01-26,15.5,15.5,15.375,15.5,2.478607654571533,141100,ETR
1983-01-27,15.625,15.875,15.375,15.75,2.518585681915283,525700,ETR
1983-01-28,15.75,15.75,15.625,15.625,2.4985971450805664,110000,ETR
1983-01-31,15.625,15.75,15.5,15.625,2.4985971450805664,192700,ETR
1983-02-01,15.625,15.75,15.5,15.625,2.4985971450805664,117500,ETR
1983-02-02,15.625,15.75,15.5,15.5,2.478607654571533,153100,ETR
1983-02-03,15.75,15.875,15.5,15.625,2.4985971450805664,154100,ETR
1983-02-04,15.625,15.75,15.5,15.5,2.478607654571533,114600,ETR
1983-02-07,15.625,15.625,15.5,15.625,2.4985971450805664,120000,ETR
1983-02-08,15.625,15.75,15.5,15.625,2.4985971450805664,162600,ETR
1983-02-09,15.625,15.75,15.5,15.625,2.4985971450805664,287700,ETR
1983-02-10,15.5,15.625,15.375,15.5,2.478607654571533,224100,ETR
1983-02-11,15.625,15.625,15.5,15.625,2.4985971450805664,750600,ETR
1983-02-14,15.625,15.625,15.5,15.625,2.4985971450805664,435500,ETR
1983-02-15,15.625,15.625,15.5,15.625,2.4985971450805664,268600,ETR
1983-02-16,15.375,15.5,15.25,15.375,2.458618402481079,269700,ETR
1983-02-17,15.375,15.5,15.25,15.375,2.458618402481079,234100,ETR
1983-02-18,15.375,15.5,15.25,15.5,2.478607654571533,385700,ETR
1983-02-22,15.5,15.5,15.375,15.5,2.478607654571533,281400,ETR
1983-02-23,15.5,15.625,15.375,15.625,2.4985971450805664,203400,ETR
1983-02-24,15.75,15.75,15.625,15.75,2.518585681915283,269900,ETR
1983-02-25,15.625,15.875,15.25,15.625,2.4985971450805664,418200,ETR
1983-02-28,15.875,16.0,15.625,15.875,2.53857421875,269300,ETR
1983-03-01,16.0,16.0,15.875,16.0,2.558563232421875,381200,ETR
1983-03-02,16.0,16.125,15.875,16.0,2.558563232421875,351100,ETR
1983-03-03,16.125,16.25,16.0,16.0,2.558563232421875,358800,ETR
1983-03-04,16.25,16.375,16.0,16.25,2.5985395908355713,804500,ETR
1983-03-07,16.375,16.375,16.25,16.25,2.5985395908355713,392500,ETR
1983-03-08,15.75,15.875,15.625,15.75,2.5862247943878174,561200,ETR
1983-03-09,15.75,15.875,15.5,15.75,2.5862247943878174,399600,ETR
1983-03-10,15.625,15.75,15.375,15.5,2.5451748371124268,330900,ETR
1983-03-11,15.5,15.625,15.25,15.375,2.5246474742889404,211200,ETR
1983-03-14,15.375,15.5,15.125,15.375,2.5246474742889404,493900,ETR
1983-03-15,15.375,15.375,15.25,15.375,2.5246474742889404,243200,ETR
1983-03-16,15.5,15.625,15.25,15.625,2.565700054168701,294600,ETR
1983-03-17,15.625,15.625,15.5,15.625,2.565700054168701,401300,ETR
1983-03-18,15.5,15.625,15.375,15.5,2.5451748371124268,134300,ETR
1983-03-21,15.5,15.625,15.25,15.375,2.5246474742889404,723600,ETR
1983-03-22,15.375,15.5,15.25,15.5,2.5451748371124268,349300,ETR
1983-03-23,15.5,15.625,15.375,15.5,2.5451748371124268,501400,ETR
1983-03-24,15.375,15.5,15.25,15.375,2.5246474742889404,275400,ETR
1983-03-25,15.375,15.375,15.25,15.375,2.5246474742889404,167700,ETR
1983-03-28,15.375,15.375,15.25,15.375,2.5246474742889404,161400,ETR
1983-03-29,15.25,15.375,15.125,15.125,2.4835965633392334,272700,ETR
1983-03-30,15.125,15.25,15.0,15.25,2.5041208267211914,258300,ETR
1983-03-31,15.25,15.25,14.875,14.875,2.4425454139709473,623500,ETR
1983-04-04,15.0,15.0,14.875,14.875,2.4425454139709473,339600,ETR
1983-04-05,14.875,15.0,14.75,15.0,2.463071823120117,443200,ETR
1983-04-06,15.0,15.25,14.875,15.125,2.4835965633392334,385500,ETR
1983-04-07,15.25,15.25,15.0,15.25,2.5041208267211914,270900,ETR
1983-04-08,15.25,15.375,15.125,15.25,2.5041208267211914,232900,ETR
1983-04-11,15.25,15.5,15.125,15.5,2.5451748371124268,187000,ETR
1983-04-12,15.5,15.625,15.375,15.5,2.5451748371124268,279900,ETR
1983-04-13,15.5,15.625,15.375,15.625,2.565700054168701,254800,ETR
1983-04-14,15.625,15.75,15.5,15.75,2.5862247943878174,180600,ETR
1983-04-15,15.75,15.875,15.625,15.875,2.6067514419555664,190500,ETR
1983-04-18,15.875,16.0,15.75,16.0,2.6272754669189453,261800,ETR
1983-04-19,16.0,16.0,15.875,16.0,2.6272754669189453,196800,ETR
1983-04-20,16.0,16.25,15.875,16.25,2.6683268547058105,483800,ETR
1983-04-21,16.25,16.25,16.125,16.25,2.6683268547058105,495200,ETR
1983-04-22,16.125,16.875,15.875,16.125,2.6478021144866943,324200,ETR
1983-04-25,16.0,16.125,15.875,16.0,2.6272754669189453,171000,ETR
1983-04-26,16.0,16.0,15.875,16.0,2.6272754669189453,177500,ETR
1983-04-27,15.875,16.125,15.5,16.125,2.6478021144866943,227700,ETR
1983-04-28,16.0,16.0,15.875,15.875,2.6067514419555664,178000,ETR
1983-04-29,16.0,16.0,15.875,15.875,2.6067514419555664,206200,ETR
1983-05-02,15.875,16.0,15.75,16.0,2.6272754669189453,169800,ETR
1983-05-03,15.875,16.0,15.75,15.875,2.6067514419555664,218200,ETR
1983-05-04,16.0,16.125,15.875,16.125,2.6478021144866943,236500,ETR
1983-05-05,16.125,16.25,16.0,16.0,2.6272754669189453,215000,ETR
1983-05-06,16.125,16.125,15.875,16.0,2.6272754669189453,207200,ETR
1983-05-09,16.0,16.125,15.875,16.0,2.6272754669189453,252900,ETR
1983-05-10,16.125,16.125,16.0,16.0,2.6272754669189453,333800,ETR
1983-05-11,16.125,16.25,16.0,16.125,2.6478021144866943,600200,ETR
1983-05-12,16.125,16.25,16.0,16.25,2.6683268547058105,435700,ETR
1983-05-13,16.25,16.5,16.125,16.5,2.709378480911255,296900,ETR
1983-05-16,16.375,16.5,16.25,16.25,2.6683268547058105,226700,ETR
1983-05-17,16.375,16.5,16.25,16.5,2.709378480911255,124600,ETR
1983-05-18,16.5,16.625,16.375,16.375,2.6888532638549805,186900,ETR
1983-05-19,16.5,16.5,16.375,16.5,2.709378480911255,281500,ETR
1983-05-20,16.375,16.5,16.375,16.375,2.6888532638549805,244100,ETR
1983-05-23,16.375,16.5,16.25,16.5,2.709378480911255,235900,ETR
1983-05-24,16.5,16.5,16.375,16.5,2.709378480911255,325000,ETR
1983-05-25,16.5,16.5,16.375,16.5,2.709378480911255,216900,ETR
1983-05-26,16.375,16.625,16.375,16.625,2.7299041748046875,117800,ETR
1983-05-27,16.5,16.625,16.125,16.625,2.7299041748046875,323300,ETR
1983-05-31,16.625,16.625,16.375,16.375,2.6888532638549805,253600,ETR
1983-06-01,16.5,16.625,16.375,16.375,2.6888532638549805,455500,ETR
1983-06-02,16.5,16.5,15.5,16.5,2.709378480911255,253100,ETR
1983-06-03,16.5,16.5,16.25,16.25,2.6683268547058105,241600,ETR
1983-06-06,15.875,15.875,15.625,15.75,2.6556804180145264,1079100,ETR
1983-06-07,15.75,15.875,15.625,15.625,2.634603500366211,250500,ETR
1983-06-08,15.75,15.75,15.25,15.375,2.5924508571624756,721700,ETR
1983-06-09,15.375,15.5,15.125,15.25,2.571373224258423,165500,ETR
1983-06-10,15.25,15.25,14.875,15.0,2.52921986579895,275900,ETR
1983-06-13,15.125,15.875,15.125,15.25,2.571373224258423,305700,ETR
1983-06-14,15.25,15.375,15.125,15.125,2.550297498703003,155900,ETR
1983-06-15,15.25,15.5,15.125,15.25,2.571373224258423,361000,ETR
1983-06-16,15.25,15.375,15.125,15.25,2.571373224258423,145800,ETR
1983-06-17,15.375,15.875,15.125,15.125,2.550297498703003,152500,ETR
1983-06-20,15.125,15.125,14.875,15.0,2.52921986579895,203200,ETR
1983-06-21,15.125,15.125,14.875,15.125,2.550297498703003,249800,ETR
1983-06-22,15.125,15.25,15.0,15.25,2.571373224258423,344500,ETR
1983-06-23,15.0,15.125,14.875,15.0,2.52921986579895,189400,ETR
1983-06-24,15.0,15.25,15.0,15.125,2.550297498703003,118800,ETR
1983-06-27,15.0,15.25,15.0,15.125,2.550297498703003,327400,ETR
1983-06-28,15.125,15.125,15.0,15.0,2.52921986579895,103800,ETR
1983-06-29,15.0,15.0,14.75,14.875,2.5081448554992676,318900,ETR
1983-06-30,15.0,15.0,14.875,15.0,2.52921986579895,328900,ETR
1983-07-01,15.0,15.0,14.875,14.875,2.5081448554992676,152900,ETR
1983-07-05,14.75,15.0,14.75,15.0,2.52921986579895,163600,ETR
1983-07-06,15.0,15.0,14.875,15.0,2.52921986579895,177400,ETR
1983-07-07,15.0,15.0,14.75,15.0,2.52921986579895,133600,ETR
1983-07-08,15.0,15.0,14.875,14.875,2.5081448554992676,86400,ETR
1983-07-11,14.875,15.25,14.875,15.125,2.550297498703003,131900,ETR
1983-07-12,15.125,15.125,15.0,15.0,2.52921986579895,165700,ETR
1983-07-13,15.125,15.375,15.0,15.375,2.5924508571624756,156200,ETR
1983-07-14,15.375,15.625,15.25,15.375,2.5924508571624756,489000,ETR
1983-07-15,15.375,15.5,15.25,15.375,2.5924508571624756,113900,ETR
1983-07-18,15.375,15.5,15.125,15.25,2.571373224258423,141600,ETR
1983-07-19,15.5,15.5,15.25,15.375,2.5924508571624756,189000,ETR
1983-07-20,15.5,15.5,15.375,15.5,2.613528251647949,484800,ETR
1983-07-21,15.5,15.5,15.375,15.5,2.613528251647949,131500,ETR
1983-07-22,15.4375,15.5,15.375,15.375,2.5924508571624756,106800,ETR
1983-07-25,15.5,15.5,15.25,15.5,2.613528251647949,88600,ETR
1983-07-26,15.5,15.5,15.375,15.5,2.613528251647949,121000,ETR
1983-07-27,15.5,15.5,15.25,15.375,2.5924508571624756,93800,ETR
1983-07-28,15.375,15.5,15.25,15.25,2.571373224258423,189500,ETR
1983-07-29,15.375,15.375,15.125,15.25,2.571373224258423,116700,ETR
1983-08-01,15.25,15.375,15.125,15.25,2.571373224258423,178000,ETR
1983-08-02,15.25,15.25,15.125,15.125,2.550297498703003,216800,ETR
1983-08-03,15.125,15.25,15.0,15.25,2.571373224258423,104900,ETR
1983-08-04,15.25,15.25,14.875,15.0,2.52921986579895,136400,ETR
1983-08-05,15.125,15.125,14.875,15.0,2.52921986579895,164600,ETR
1983-08-08,15.125,15.125,14.875,14.875,2.5081448554992676,111600,ETR
1983-08-09,15.0,15.0,14.0,15.0,2.52921986579895,141700,ETR
1983-08-10,15.0,15.125,14.875,15.125,2.550297498703003,192800,ETR
1983-08-11,15.25,15.625,15.125,15.375,2.5924508571624756,311700,ETR
1983-08-12,15.5,15.75,15.5,15.5,2.613528251647949,108200,ETR
1983-08-15,15.625,15.625,15.5,15.5,2.613528251647949,114900,ETR
1983-08-16,15.625,15.625,15.5,15.5,2.613528251647949,198800,ETR
1983-08-17,15.625,15.875,15.5,15.75,2.6556804180145264,188900,ETR
1983-08-18,15.875,16.0,15.0,15.75,2.6556804180145264,408000,ETR
1983-08-19,15.875,15.875,15.75,15.75,2.6556804180145264,376900,ETR
1983-08-22,15.875,16.0,15.75,16.0,2.697834014892578,181600,ETR
1983-08-23,16.0,16.125,15.875,16.125,2.7189126014709473,279300,ETR
1983-08-24,16.0,16.125,15.875,16.0,2.697834014892578,550000,ETR
1983-08-25,16.0,16.0,15.875,16.0,2.697834014892578,89200,ETR
1983-08-26,16.0,16.125,15.75,15.75,2.6556804180145264,69500,ETR
1983-08-29,15.875,15.875,15.75,15.875,2.676757574081421,89700,ETR
1983-08-30,15.875,16.0,15.75,15.75,2.6556804180145264,113500,ETR
1983-08-31,15.75,15.875,15.625,15.625,2.634603500366211,168600,ETR
1983-09-01,15.75,15.75,15.5,15.5,2.613528251647949,129000,ETR
1983-09-02,15.625,15.625,15.5,15.625,2.634603500366211,192400,ETR
1983-09-06,15.125,15.25,15.125,15.25,2.6432697772979736,1067300,ETR
1983-09-07,15.25,15.375,15.125,15.25,2.6432697772979736,185200,ETR
1983-09-08,15.25,15.375,15.125,15.375,2.6649370193481445,160600,ETR
1983-09-09,15.375,15.5,15.25,15.5,2.6866040229797363,162000,ETR
1983-09-12,15.5,15.625,15.375,15.625,2.708268880844116,144400,ETR
1983-09-13,15.5,15.5,15.375,15.5,2.6866040229797363,119400,ETR
1983-09-14,15.5,15.625,15.375,15.5,2.6866040229797363,131400,ETR
1983-09-15,15.5,15.5,15.375,15.5,2.6866040229797363,115100,ETR
1983-09-16,15.5,15.5,15.375,15.375,2.6649370193481445,139600,ETR
1983-09-19,15.375,15.625,15.375,15.625,2.708268880844116,202500,ETR
1983-09-20,15.75,16.0,15.625,15.875,2.7516016960144043,317200,ETR
1983-09-21,15.875,16.0,15.75,15.875,2.7516016960144043,86200,ETR
1983-09-22,15.875,16.0,15.75,15.875,2.7516016960144043,130000,ETR
1983-09-23,15.875,16.0,15.75,15.875,2.7516016960144043,135100,ETR
1983-09-26,15.875,16.0,15.75,15.875,2.7516016960144043,96400,ETR
1983-09-27,15.875,16.0,15.75,15.875,2.7516016960144043,74800,ETR
1983-09-28,15.875,15.875,15.625,15.875,2.7516016960144043,124200,ETR
1983-09-29,15.875,15.875,15.5,15.875,2.7516016960144043,250500,ETR
1983-09-30,15.75,15.875,15.5,15.5,2.6866040229797363,146900,ETR
1983-10-03,15.75,16.0,15.5,15.875,2.7516016960144043,345400,ETR
1983-10-04,16.0,16.25,15.875,16.125,2.794934034347534,199200,ETR
1983-10-05,16.25,16.75,16.25,16.75,2.903264284133911,632500,ETR
1983-10-06,16.75,16.75,16.5,16.625,2.8815996646881104,197700,ETR
1983-10-07,16.625,16.625,16.0,16.5,2.8599326610565186,133800,ETR
1983-10-10,16.5,16.5,16.25,16.375,2.838265895843506,106700,ETR
1983-10-11,16.375,16.375,16.0,16.125,2.794934034347534,263000,ETR
1983-10-12,16.0,16.125,15.875,16.0,2.7732670307159424,270100,ETR
1983-10-13,16.0,16.0,15.875,16.0,2.7732670307159424,81200,ETR
1983-10-14,15.875,16.0,15.75,15.875,2.7516016960144043,123000,ETR
1983-10-17,15.875,16.0,15.75,16.0,2.7732670307159424,211500,ETR
1983-10-18,16.0,16.0,15.75,15.875,2.7516016960144043,236400,ETR
1983-10-19,15.875,15.875,15.625,15.75,2.7299342155456543,107500,ETR
1983-10-20,15.625,16.0,14.625,16.0,2.7732670307159424,219500,ETR
1983-10-21,16.0,16.125,15.875,16.125,2.794934034347534,370600,ETR
1983-10-24,15.875,16.0,15.75,16.0,2.7732670307159424,135800,ETR
1983-10-25,15.875,16.25,15.875,16.25,2.8165993690490723,148600,ETR
1983-10-26,16.25,16.25,16.0,16.25,2.8165993690490723,125200,ETR
1983-10-27,16.125,16.375,16.0,16.25,2.8165993690490723,505800,ETR
1983-10-28,16.125,16.25,16.0,16.125,2.794934034347534,461100,ETR
1983-10-31,16.0,16.125,16.0,16.125,2.794934034347534,301000,ETR
1983-11-01,16.125,16.25,15.875,16.0,2.7732670307159424,164500,ETR
1983-11-02,16.0,16.375,16.0,16.25,2.8165993690490723,979400,ETR
1983-11-03,16.25,16.375,16.0,16.125,2.794934034347534,362000,ETR
1983-11-04,16.125,16.125,15.875,15.875,2.7516016960144043,139100,ETR
1983-11-07,16.0,16.0,15.5,15.75,2.7299342155456543,799900,ETR
1983-11-08,15.75,15.875,15.625,15.75,2.7299342155456543,764000,ETR
1983-11-09,15.875,15.875,15.5,15.75,2.7299342155456543,544300,ETR
1983-11-10,15.75,15.875,15.625,15.75,2.7299342155456543,501000,ETR
1983-11-11,15.75,15.875,15.625,15.875,2.7516016960144043,166600,ETR
1983-11-14,15.875,15.875,15.625,15.75,2.7299342155456543,128400,ETR
1983-11-15,15.625,15.875,15.625,15.75,2.7299342155456543,203200,ETR
1983-11-16,15.75,15.875,15.625,15.75,2.7299342155456543,237400,ETR
1983-11-17,15.75,15.875,15.75,15.875,2.7516016960144043,351300,ETR
1983-11-18,15.75,15.875,15.75,15.75,2.7299342155456543,311000,ETR
1983-11-21,15.75,15.875,15.75,15.75,2.7299342155456543,71900,ETR
1983-11-22,15.75,15.875,15.75,15.875,2.7516016960144043,309100,ETR
1983-11-23,15.75,15.875,15.625,15.75,2.7299342155456543,1559500,ETR
1983-11-25,15.625,15.75,15.5,15.625,2.708268880844116,621100,ETR
1983-11-28,15.75,15.75,15.25,15.375,2.6649370193481445,716500,ETR
1983-11-29,15.375,15.5,15.25,15.5,2.6866040229797363,390900,ETR
1983-11-30,15.5,15.625,15.375,15.625,2.708268880844116,512100,ETR
1983-12-01,15.375,15.375,15.25,15.375,2.6649370193481445,380600,ETR
1983-12-02,15.375,15.5,15.0,15.0,2.599937915802002,1168100,ETR
1983-12-05,15.0,15.125,14.75,14.875,2.5782737731933594,455300,ETR
1983-12-06,15.0,15.125,14.75,15.0,2.599937915802002,628200,ETR
1983-12-07,15.0,15.0,14.875,15.0,2.599937915802002,396100,ETR
1983-12-08,15.0,15.0,14.75,14.75,2.5566065311431885,641000,ETR
1983-12-09,14.75,14.875,14.0,14.875,2.5782737731933594,1028500,ETR
1983-12-12,14.25,14.25,14.0,14.25,2.5443472862243652,476100,ETR
1983-12-13,14.25,14.375,14.125,14.25,2.5443472862243652,236500,ETR
1983-12-14,14.25,14.25,14.0,14.0,2.49971079826355,423800,ETR
1983-12-15,13.875,14.0,13.625,13.625,2.4327542781829834,676800,ETR
1983-12-16,13.625,13.75,13.125,13.75,2.455073118209839,383300,ETR
1983-12-19,13.75,14.0,13.625,13.875,2.4773924350738525,311000,ETR
1983-12-20,14.0,14.125,13.875,14.125,2.522028684616089,389500,ETR
1983-12-21,14.25,14.5,14.125,14.375,2.566666841506958,231500,ETR
1983-12-22,14.375,14.375,13.75,14.0,2.49971079826355,617600,ETR
1983-12-23,13.875,13.875,13.375,13.5,2.4104340076446533,357400,ETR
1983-12-27,13.625,13.875,13.5,13.75,2.455073118209839,540300,ETR
1983-12-28,13.75,13.875,13.25,13.5,2.4104340076446533,375900,ETR
1983-12-29,13.5,13.5,13.125,13.25,2.365797996520996,438500,ETR
1983-12-30,13.375,13.5,13.25,13.375,2.388115882873535,422200,ETR
1984-01-03,13.5,13.75,13.375,13.75,2.455073118209839,282000,ETR
1984-01-04,13.75,14.375,13.625,14.25,2.5443472862243652,382000,ETR
1984-01-05,14.375,14.75,14.25,14.625,2.611304521560669,174000,ETR
1984-01-06,14.75,14.75,14.375,14.625,2.611304521560669,198100,ETR
1984-01-09,14.75,14.75,14.5,14.625,2.611304521560669,163800,ETR
1984-01-10,14.75,14.75,14.375,14.5,2.5889854431152344,224400,ETR
1984-01-11,14.625,14.625,14.125,14.375,2.566666841506958,379400,ETR
1984-01-12,14.375,14.5,14.25,14.375,2.566666841506958,233100,ETR
1984-01-13,14.5,14.625,14.375,14.5,2.5889854431152344,156000,ETR
1984-01-16,14.5,14.5,14.0,14.0,2.49971079826355,246300,ETR
1984-01-17,14.0,14.125,13.75,14.0,2.49971079826355,323200,ETR
1984-01-18,14.0,14.0,13.5,13.75,2.455073118209839,415700,ETR
1984-01-19,13.75,14.75,13.5,13.625,2.4327542781829834,361200,ETR
1984-01-20,13.625,13.625,13.25,13.625,2.4327542781829834,472200,ETR
1984-01-23,13.625,13.625,13.25,13.625,2.4327542781829834,376400,ETR
1984-01-24,13.625,13.625,13.25,13.375,2.388115882873535,537600,ETR
1984-01-25,13.5,13.5,13.25,13.375,2.388115882873535,708100,ETR
1984-01-26,13.375,14.375,13.0,13.125,2.3434784412384033,1067300,ETR
1984-01-27,13.0,13.125,12.625,13.0,2.3211591243743896,512800,ETR
1984-01-30,13.0,13.125,12.875,13.0,2.3211591243743896,585700,ETR
1984-01-31,13.125,13.5,12.875,13.5,2.4104340076446533,388900,ETR
1984-02-01,13.625,13.625,13.0,13.5,2.4104340076446533,423800,ETR
1984-02-02,13.625,13.875,13.5,13.75,2.455073118209839,350500,ETR
1984-02-03,13.875,13.875,13.625,13.75,2.455073118209839,383300,ETR
1984-02-06,13.75,13.875,13.625,13.75,2.455073118209839,344900,ETR
1984-02-07,13.75,13.875,13.625,13.75,2.455073118209839,256700,ETR
1984-02-08,13.75,13.75,13.625,13.625,2.4327542781829834,229600,ETR
1984-02-09,13.5,13.75,13.5,13.5,2.4104340076446533,228900,ETR
1984-02-10,13.25,13.375,13.125,13.25,2.365797996520996,647500,ETR
1984-02-13,13.125,13.25,13.0,13.0,2.3211591243743896,274000,ETR
1984-02-14,13.125,13.25,12.875,13.125,2.3434784412384033,370000,ETR
1984-02-15,13.25,13.875,13.125,13.25,2.365797996520996,214100,ETR
1984-02-16,13.25,13.25,13.0,13.125,2.3434784412384033,287700,ETR
1984-02-17,13.125,13.25,13.0,13.25,2.365797996520996,348300,ETR
1984-02-21,13.25,13.25,13.0,13.125,2.3434784412384033,271500,ETR
1984-02-22,13.125,13.375,13.125,13.125,2.3434784412384033,276400,ETR
1984-02-23,13.25,13.25,13.0,13.125,2.3434784412384033,226900,ETR
1984-02-24,13.25,13.375,13.125,13.25,2.365797996520996,177000,ETR
1984-02-27,13.5,13.75,13.25,13.625,2.4327542781829834,1470000,ETR
1984-02-28,13.75,13.875,13.5,13.625,2.4327542781829834,439100,ETR
1984-02-29,13.875,14.0,13.625,14.0,2.49971079826355,951500,ETR
1984-03-01,14.0,14.5,13.875,14.125,2.522028684616089,277100,ETR
1984-03-02,14.25,14.25,13.875,14.125,2.522028684616089,692800,ETR
1984-03-05,14.125,14.25,13.875,14.125,2.522028684616089,229600,ETR
1984-03-06,14.125,14.125,13.75,13.875,2.4773924350738525,718500,ETR
1984-03-07,13.375,13.875,13.25,13.375,2.465409517288208,592600,ETR
1984-03-08,13.375,13.375,13.25,13.25,2.442369222640991,425600,ETR
1984-03-09,13.375,13.375,13.0,13.25,2.442369222640991,1064700,ETR
1984-03-12,13.375,13.625,13.25,13.625,2.5114927291870117,279900,ETR
1984-03-13,13.625,13.625,13.375,13.5,2.488452196121216,204500,ETR
1984-03-14,13.5,13.5,13.25,13.375,2.465409517288208,263300,ETR
1984-03-15,13.375,13.875,13.25,13.5,2.488452196121216,309400,ETR
1984-03-16,13.5,13.875,13.25,13.5,2.488452196121216,220600,ETR
1984-03-19,13.5,13.5,13.25,13.375,2.465409517288208,146900,ETR
1984-03-20,13.375,13.375,13.25,13.375,2.465409517288208,218200,ETR
1984-03-21,13.25,13.375,13.25,13.375,2.465409517288208,167100,ETR
1984-03-22,13.375,13.375,13.25,13.375,2.465409517288208,196100,ETR
1984-03-23,13.375,13.375,13.125,13.25,2.442369222640991,582600,ETR
1984-03-26,13.25,13.375,13.125,13.375,2.465409517288208,343400,ETR
1984-03-27,13.375,13.375,13.25,13.375,2.465409517288208,117700,ETR
1984-03-28,13.25,13.375,13.125,13.375,2.465409517288208,175300,ETR
1984-03-29,13.25,13.375,13.125,13.375,2.465409517288208,160200,ETR
1984-03-30,13.25,13.375,13.125,13.125,2.4193270206451416,196400,ETR
1984-04-02,13.125,13.25,13.0,13.0,2.3962857723236084,234400,ETR
1984-04-03,13.125,13.125,12.125,12.125,2.234997272491455,635600,ETR
1984-04-04,12.25,12.5,12.125,12.375,2.2810797691345215,502000,ETR
1984-04-05,12.5,12.5,12.25,12.375,2.2810797691345215,556400,ETR
1984-04-06,12.375,12.5,12.25,12.25,2.25803804397583,251600,ETR
1984-04-09,12.25,12.375,12.125,12.375,2.2810797691345215,457600,ETR
1984-04-10,12.375,12.375,12.25,12.375,2.2810797691345215,253300,ETR
1984-04-11,12.25,12.75,12.25,12.25,2.25803804397583,232300,ETR
1984-04-12,12.375,12.375,12.25,12.25,2.25803804397583,250300,ETR
1984-04-13,12.25,12.5,12.25,12.5,2.3041205406188965,282800,ETR
1984-04-16,12.625,12.875,12.5,12.875,2.373244047164917,176600,ETR
1984-04-17,12.875,12.875,12.625,12.875,2.373244047164917,228500,ETR
1984-04-18,12.875,12.875,12.625,12.875,2.373244047164917,199700,ETR
1984-04-19,12.875,12.875,12.75,12.875,2.373244047164917,185300,ETR
1984-04-23,12.875,13.0,12.75,12.75,2.3502044677734375,197900,ETR
1984-04-24,12.75,12.875,12.5,12.625,2.327162027359009,211200,ETR
1984-04-25,12.625,12.75,12.125,12.25,2.25803804397583,442200,ETR
1984-04-26,12.25,12.5,11.625,12.25,2.25803804397583,219700,ETR
1984-04-27,12.25,12.375,12.125,12.25,2.25803804397583,313800,ETR
1984-04-30,12.25,12.375,12.125,12.375,2.2810797691345215,412100,ETR
1984-05-01,12.375,12.5,12.25,12.375,2.2810797691345215,414000,ETR
1984-05-02,12.375,12.5,12.375,12.375,2.2810797691345215,199900,ETR
1984-05-03,12.5,12.625,12.375,12.625,2.327162027359009,166600,ETR
1984-05-04,12.625,12.75,12.375,12.625,2.327162027359009,238700,ETR
1984-05-07,12.75,12.875,12.5,12.625,2.327162027359009,240300,ETR
1984-05-08,12.75,12.75,12.625,12.75,2.3502044677734375,451300,ETR
1984-05-09,12.75,13.125,12.75,12.875,2.373244047164917,316500,ETR
1984-05-10,13.0,13.375,12.25,13.25,2.442369222640991,488100,ETR
1984-05-11,13.25,13.25,13.125,13.25,2.442369222640991,224700,ETR
1984-05-14,13.125,13.125,13.0,13.125,2.4193270206451416,136700,ETR
1984-05-15,13.0,13.125,12.875,13.0,2.3962857723236084,363300,ETR
1984-05-16,13.0,13.375,13.0,13.375,2.465409517288208,236000,ETR
1984-05-17,13.25,13.25,12.875,13.0,2.3962857723236084,383300,ETR
1984-05-18,12.875,13.0,12.75,13.0,2.3962857723236084,113700,ETR
1984-05-21,13.0,13.0,12.75,12.875,2.373244047164917,111000,ETR
1984-05-22,12.75,12.875,12.625,12.625,2.327162027359009,163100,ETR
1984-05-23,12.625,12.75,12.625,12.75,2.3502044677734375,121000,ETR
1984-05-24,12.625,12.75,12.5,12.5,2.3041205406188965,170200,ETR
1984-05-25,12.5,12.625,12.5,12.625,2.327162027359009,126600,ETR
1984-05-29,12.625,12.625,12.375,12.5,2.3041205406188965,366900,ETR
1984-05-30,12.5,12.625,12.375,12.5,2.3041205406188965,173000,ETR
1984-05-31,12.5,12.625,12.5,12.625,2.327162027359009,116300,ETR
1984-06-01,12.625,12.625,12.5,12.5,2.3041205406188965,191800,ETR
1984-06-04,12.625,12.625,12.5,12.625,2.327162027359009,138300,ETR
1984-06-05,12.625,12.75,12.5,12.625,2.327162027359009,518600,ETR
1984-06-06,12.625,12.75,12.375,12.75,2.3502044677734375,83300,ETR
1984-06-07,12.625,12.75,12.625,12.75,2.3502044677734375,147900,ETR
1984-06-08,12.625,12.75,12.625,12.75,2.3502044677734375,503400,ETR
1984-06-11,12.625,12.75,12.5,12.625,2.327162027359009,432900,ETR
1984-06-12,12.125,12.125,12.0,12.125,2.3147523403167725,396400,ETR
1984-06-13,12.0,12.25,11.875,12.125,2.3147523403167725,552100,ETR
1984-06-14,12.25,12.25,12.0,12.125,2.3147523403167725,495400,ETR
1984-06-15,11.0,11.125,9.25,10.0,1.909075379371643,1871800,ETR
1984-06-18,10.0,11.0,9.875,11.0,2.099982261657715,1873000,ETR
1984-06-19,11.0,11.375,11.0,11.0,2.099982261657715,693900,ETR
1984-06-20,11.0,11.5,10.875,11.375,2.171574115753174,608800,ETR
1984-06-21,11.5,11.5,11.125,11.375,2.171574115753174,329500,ETR
1984-06-22,11.25,11.375,11.125,11.25,2.1477103233337402,286700,ETR
1984-06-25,11.25,11.375,11.0,11.125,2.1238465309143066,215400,ETR
1984-06-26,11.125,11.125,10.75,11.0,2.099982261657715,631500,ETR
1984-06-27,10.875,10.875,10.125,10.125,1.9329384565353394,481800,ETR
1984-06-28,10.0,10.75,10.0,10.5,2.004528284072876,747500,ETR
1984-06-29,10.625,10.75,10.5,10.625,2.0283918380737305,433200,ETR
1984-07-02,10.75,10.75,10.5,10.625,2.0283918380737305,391700,ETR
1984-07-03,10.75,10.75,10.5,10.75,2.0522544384002686,315600,ETR
1984-07-05,10.75,10.875,10.375,10.875,2.0761196613311768,312400,ETR
1984-07-06,10.875,10.875,10.75,10.875,2.0761196613311768,249800,ETR
1984-07-09,11.0,11.125,10.875,11.125,2.1238465309143066,365500,ETR
1984-07-10,11.0,11.0,10.75,10.875,2.0761196613311768,213400,ETR
1984-07-11,10.875,10.875,10.625,10.75,2.0522544384002686,215400,ETR
1984-07-12,10.75,10.875,10.25,10.625,2.0283918380737305,346800,ETR
1984-07-13,10.625,10.75,10.5,10.625,2.0283918380737305,274700,ETR
1984-07-16,10.625,10.875,10.5,10.875,2.0761196613311768,268700,ETR
1984-07-17,10.75,10.875,10.75,10.75,2.0522544384002686,289400,ETR
1984-07-18,10.875,10.875,10.75,10.875,2.0761196613311768,163300,ETR
1984-07-19,10.875,10.875,10.5,10.625,2.0283918380737305,222400,ETR
1984-07-20,10.75,10.75,10.375,10.375,1.9806653261184692,250200,ETR
1984-07-23,10.375,10.625,10.25,10.5,2.004528284072876,383200,ETR
1984-07-24,10.5,10.625,10.375,10.5,2.004528284072876,290500,ETR
1984-07-25,10.375,10.625,10.25,10.625,2.0283918380737305,394400,ETR
1984-07-26,10.625,10.625,10.375,10.625,2.0283918380737305,417500,ETR
1984-07-27,10.5,10.625,10.375,10.5,2.004528284072876,361800,ETR
1984-07-30,10.625,10.625,10.375,10.5,2.004528284072876,380500,ETR
1984-07-31,10.5,10.5,10.25,10.25,1.956802248954773,364200,ETR
1984-08-01,10.375,10.375,10.25,10.375,1.9806653261184692,452300,ETR
1984-08-02,10.375,10.5,10.25,10.5,2.004528284072876,538100,ETR
1984-08-03,10.375,11.25,10.125,11.125,2.1238465309143066,1508000,ETR
1984-08-06,11.25,11.5,10.625,11.25,2.1477103233337402,449800,ETR
1984-08-07,11.25,11.5,11.25,11.375,2.171574115753174,256600,ETR
1984-08-08,11.375,11.5,11.25,11.25,2.1477103233337402,245500,ETR
1984-08-09,11.375,11.875,11.375,11.75,2.2431628704071045,382100,ETR
1984-08-10,12.0,12.125,11.875,12.0,2.2908897399902344,534500,ETR
1984-08-13,12.0,12.0,11.875,12.0,2.2908897399902344,254700,ETR
1984-08-14,12.0,12.125,12.0,12.125,2.3147523403167725,275100,ETR
1984-08-15,12.125,12.125,12.0,12.0,2.2908897399902344,204100,ETR
1984-08-16,12.125,12.125,12.0,12.0,2.2908897399902344,195300,ETR
1984-08-17,12.125,12.25,12.0,12.125,2.3147523403167725,143000,ETR
1984-08-20,12.125,12.375,12.0,12.25,2.3386154174804688,251900,ETR
1984-08-21,12.375,12.875,12.25,12.75,2.4340715408325195,473000,ETR
1984-08-22,12.75,12.875,12.375,12.625,2.4102065563201904,372800,ETR
1984-08-23,12.5,12.625,12.25,12.375,2.3624818325042725,266100,ETR
1984-08-24,12.375,12.5,12.25,12.375,2.3624818325042725,130400,ETR
1984-08-27,12.25,12.375,12.0,12.125,2.3147523403167725,384900,ETR
1984-08-28,12.125,12.375,12.125,12.375,2.3624818325042725,167000,ETR
1984-08-29,12.25,12.375,12.25,12.375,2.3624818325042725,217100,ETR
1984-08-30,12.25,12.5,12.25,12.5,2.3863444328308105,127800,ETR
1984-08-31,12.5,12.5,12.375,12.5,2.3863444328308105,129100,ETR
1984-09-04,12.5,12.5,12.375,12.5,2.3863444328308105,239900,ETR
1984-09-05,12.625,12.625,12.5,12.625,2.4102065563201904,298300,ETR
1984-09-06,12.0,12.625,10.75,11.25,2.1477103233337402,1650000,ETR
1984-09-07,11.25,11.5,11.0,11.5,2.1954357624053955,4539000,ETR
1984-09-10,10.875,11.0,10.75,10.875,2.1577374935150146,574900,ETR
1984-09-11,10.875,11.0,10.75,10.75,2.1329360008239746,373600,ETR
1984-09-12,10.75,11.0,10.75,11.0,2.182539463043213,235000,ETR
1984-09-13,11.0,11.125,10.875,11.125,2.2073404788970947,263300,ETR
1984-09-14,11.0,11.25,11.0,11.125,2.2073404788970947,271500,ETR
1984-09-17,11.25,11.375,11.125,11.375,2.256944179534912,271100,ETR
1984-09-18,11.375,11.75,11.25,11.625,2.3065481185913086,307300,ETR
1984-09-19,11.75,11.875,11.625,11.875,2.356149911880493,296400,ETR
1984-09-20,11.875,12.0,11.875,12.0,2.3809516429901123,350300,ETR
1984-09-21,12.0,12.125,11.5,11.75,2.331350326538086,368000,ETR
1984-09-24,11.75,12.125,11.75,11.875,2.356149911880493,290300,ETR
1984-09-25,11.875,12.0,11.875,11.875,2.356149911880493,209200,ETR
1984-09-26,11.875,12.875,10.875,12.0,2.3809516429901123,557800,ETR
1984-09-27,12.0,12.125,11.875,12.125,2.4057533740997314,370700,ETR
1984-09-28,12.0,12.25,12.0,12.25,2.430553913116455,311200,ETR
1984-10-01,12.25,12.375,12.0,12.125,2.4057533740997314,634300,ETR
1984-10-02,12.0,12.125,11.875,11.875,2.356149911880493,343400,ETR
1984-10-03,11.875,12.125,11.75,12.125,2.4057533740997314,228400,ETR
1984-10-04,12.0,12.25,12.0,12.125,2.4057533740997314,170900,ETR
1984-10-05,12.125,12.25,12.0,12.25,2.430553913116455,195500,ETR
1984-10-08,12.125,12.25,12.125,12.25,2.430553913116455,190800,ETR
1984-10-09,12.25,12.5,12.125,12.375,2.4553558826446533,392900,ETR
1984-10-10,12.375,12.625,12.25,12.25,2.430553913116455,285200,ETR
1984-10-11,12.375,12.5,11.375,12.5,2.480158567428589,310700,ETR
1984-10-12,12.5,12.75,12.375,12.75,2.52976131439209,451500,ETR
1984-10-15,12.75,12.875,12.625,12.75,2.52976131439209,477500,ETR
1984-10-16,12.75,12.875,12.625,12.75,2.52976131439209,789800,ETR
1984-10-17,12.75,12.875,12.625,12.875,2.5545637607574463,234400,ETR
1984-10-18,12.875,13.125,12.75,13.125,2.604166269302368,789500,ETR
1984-10-19,13.375,13.75,13.125,13.125,2.604166269302368,578900,ETR
1984-10-22,13.25,13.25,13.0,13.25,2.6289682388305664,256000,ETR
1984-10-23,13.25,13.375,13.125,13.25,2.6289682388305664,432800,ETR
1984-10-24,13.25,13.25,13.125,13.125,2.604166269302368,289700,ETR
1984-10-25,13.125,13.25,13.0,13.0,2.5793633460998535,348400,ETR
1984-10-26,13.125,13.125,12.875,13.0,2.5793633460998535,367500,ETR
1984-10-29,13.0,13.0,12.375,12.875,2.5545637607574463,215200,ETR
1984-10-30,12.875,13.125,12.75,13.125,2.604166269302368,295300,ETR
1984-10-31,13.125,13.125,12.875,13.0,2.5793633460998535,268700,ETR
1984-11-01,13.0,13.125,12.875,13.125,2.604166269302368,400600,ETR
1984-11-02,13.125,13.125,12.875,12.875,2.5545637607574463,281800,ETR
1984-11-05,13.0,13.125,12.75,13.125,2.604166269302368,384600,ETR
1984-11-06,13.125,13.375,13.0,13.375,2.6537702083587646,365300,ETR
1984-11-07,13.375,13.625,13.25,13.375,2.6537702083587646,376400,ETR
1984-11-08,13.375,13.625,13.375,13.5,2.6785714626312256,424100,ETR
1984-11-09,13.5,14.0,13.5,13.5,2.6785714626312256,290200,ETR
1984-11-12,13.625,13.625,13.125,13.375,2.6537702083587646,353500,ETR
1984-11-13,13.25,13.75,13.125,13.375,2.6537702083587646,320200,ETR
1984-11-14,13.375,13.375,13.0,13.25,2.6289682388305664,532900,ETR
1984-11-15,13.25,13.25,13.0,13.125,2.604166269302368,237100,ETR
1984-11-16,13.125,13.125,13.0,13.0,2.5793633460998535,209700,ETR
1984-11-19,13.0,13.0,12.875,12.875,2.5545637607574463,229700,ETR
1984-11-20,13.0,13.0,12.875,13.0,2.5793633460998535,228500,ETR
1984-11-21,13.0,13.0,12.875,13.0,2.5793633460998535,278600,ETR
1984-11-23,13.125,13.5,13.0,13.375,2.6537702083587646,214200,ETR
1984-11-26,13.375,13.5,13.375,13.5,2.6785714626312256,342400,ETR
1984-11-27,13.5,13.625,13.25,13.5,2.6785714626312256,971600,ETR
1984-11-28,13.625,13.75,13.5,13.625,2.703371524810791,210300,ETR
1984-11-29,13.625,13.75,13.5,13.75,2.7281737327575684,209900,ETR
1984-11-30,13.75,13.875,13.625,13.875,2.7529759407043457,455200,ETR
1984-12-03,13.875,14.0,13.75,14.0,2.7777786254882812,305000,ETR
1984-12-04,14.0,14.0,13.75,14.0,2.7777786254882812,1603000,ETR
1984-12-05,13.375,13.375,13.125,13.25,2.7152748107910156,357100,ETR
1984-12-06,13.25,13.25,13.0,13.0,2.6640424728393555,2188000,ETR
1984-12-07,13.125,13.125,13.0,13.125,2.6896591186523438,1534000,ETR
1984-12-10,13.125,13.125,13.0,13.0,2.6640424728393555,2060000,ETR
1984-12-11,13.125,13.375,13.0,13.375,2.7408905029296875,354300,ETR
1984-12-12,13.25,13.375,13.125,13.25,2.7152748107910156,253200,ETR
1984-12-13,13.25,13.5,13.125,13.375,2.7408905029296875,225200,ETR
1984-12-14,13.25,13.375,13.125,13.125,2.6896591186523438,174700,ETR
1984-12-17,13.375,13.625,13.25,13.5,2.7665066719055176,518100,ETR
1984-12-18,13.75,14.125,13.75,14.125,2.894585132598877,537100,ETR
1984-12-19,14.0,14.125,13.75,13.875,2.8433542251586914,401100,ETR
1984-12-20,13.875,13.875,13.75,13.875,2.8433542251586914,233300,ETR
1984-12-21,13.75,13.875,13.5,13.75,2.8177378177642822,319500,ETR
1984-12-24,13.75,13.875,13.625,13.875,2.8433542251586914,98300,ETR
1984-12-26,13.875,13.875,13.625,13.875,2.8433542251586914,123600,ETR
1984-12-27,13.875,13.875,13.625,13.75,2.8177378177642822,169300,ETR
1984-12-28,13.75,13.75,13.5,13.5,2.7665066719055176,178200,ETR
1984-12-31,13.625,13.75,13.375,13.75,2.8177378177642822,321400,ETR
1985-01-02,13.75,14.0,13.625,14.0,2.868971109390259,258900,ETR
1985-01-03,14.0,14.0,13.75,13.875,2.8433542251586914,310300,ETR
1985-01-04,13.875,13.875,13.75,13.75,2.8177378177642822,304100,ETR
1985-01-07,13.625,13.625,12.75,13.125,2.6896591186523438,798200,ETR
1985-01-08,13.125,13.5,13.0,13.375,2.7408905029296875,387200,ETR
1985-01-09,13.375,13.75,13.375,13.625,2.7921206951141357,310000,ETR
1985-01-10,13.75,13.875,13.625,13.875,2.8433542251586914,260200,ETR
1985-01-11,13.875,13.875,13.75,13.875,2.8433542251586914,279200,ETR
1985-01-14,13.875,13.875,13.25,13.375,2.7408905029296875,2279000,ETR
1985-01-15,13.25,13.375,13.0,13.375,2.7408905029296875,600400,ETR
1985-01-16,13.25,13.375,13.125,13.25,2.7152748107910156,474600,ETR
1985-01-17,13.375,13.375,13.25,13.375,2.7408905029296875,391600,ETR
1985-01-18,13.375,13.5,13.25,13.5,2.7665066719055176,344100,ETR
1985-01-21,13.375,13.625,13.25,13.625,2.7921206951141357,417400,ETR
1985-01-22,13.75,13.75,13.375,13.625,2.7921206951141357,497800,ETR
1985-01-23,13.625,13.625,13.5,13.625,2.7921206951141357,362300,ETR
1985-01-24,13.625,13.625,13.5,13.5,2.7665066719055176,408800,ETR
1985-01-25,13.625,13.875,13.5,13.625,2.7921206951141357,405900,ETR
1985-01-28,13.625,13.625,13.125,13.5,2.7665066719055176,365200,ETR
1985-01-29,13.625,13.75,13.5,13.75,2.8177378177642822,308800,ETR
1985-01-30,13.75,13.875,13.375,13.75,2.8177378177642822,402900,ETR
1985-01-31,13.875,13.875,13.625,13.75,2.8177378177642822,247700,ETR
1985-02-01,13.75,13.875,13.625,13.875,2.8433542251586914,263400,ETR
1985-02-04,13.875,13.875,13.75,13.875,2.8433542251586914,287100,ETR
1985-02-05,13.875,14.0,13.75,13.875,2.8433542251586914,282900,ETR
1985-02-06,13.875,14.0,13.75,13.75,2.8177378177642822,831000,ETR
1985-02-07,14.0,14.125,13.875,14.0,2.868971109390259,394400,ETR
1985-02-08,14.0,14.125,14.0,14.125,2.894585132598877,296700,ETR
1985-02-11,14.125,14.125,14.0,14.125,2.894585132598877,229500,ETR
1985-02-12,14.125,14.25,14.0,14.25,2.920201301574707,235000,ETR
1985-02-13,14.25,14.375,14.125,14.375,2.9458162784576416,712700,ETR
1985-02-14,14.375,14.625,14.375,14.5,2.9714338779449463,466100,ETR
1985-02-15,14.5,14.625,14.375,14.5,2.9714338779449463,392100,ETR
1985-02-19,14.375,14.5,14.25,14.5,2.9714338779449463,303000,ETR
1985-02-20,14.5,14.5,14.25,14.375,2.9458162784576416,231800,ETR
1985-02-21,14.5,14.5,14.375,14.5,2.9714338779449463,607600,ETR
1985-02-22,14.5,14.625,14.375,14.5,2.9714338779449463,274100,ETR
1985-02-25,14.375,14.5,14.25,14.5,2.9714338779449463,276100,ETR
1985-02-26,14.25,14.5,14.25,14.5,2.9714338779449463,312000,ETR
1985-02-27,14.5,14.5,14.25,14.375,2.9458162784576416,282900,ETR
1985-02-28,14.375,14.375,14.25,14.375,2.9458162784576416,775200,ETR
1985-03-01,14.375,14.5,14.25,14.5,2.9714338779449463,290200,ETR
1985-03-04,14.5,14.625,14.375,14.5,2.9714338779449463,537600,ETR
1985-03-05,13.5,14.5,13.0,13.0,2.748389720916748,1424300,ETR
1985-03-06,13.0,13.375,13.0,13.375,2.8276705741882324,5500000,ETR
1985-03-07,13.375,13.375,13.0,13.125,2.77481746673584,2018000,ETR
1985-03-08,13.0,13.25,13.0,13.125,2.77481746673584,1733000,ETR
1985-03-11,13.125,13.25,13.0,13.0,2.748389720916748,1219000,ETR
1985-03-12,13.0,13.375,13.0,13.25,2.801244020462036,348700,ETR
1985-03-13,13.25,13.375,13.0,13.0,2.748389720916748,318400,ETR
1985-03-14,13.125,13.125,13.0,13.0,2.748389720916748,226100,ETR
1985-03-15,13.0,13.25,13.0,13.125,2.77481746673584,433700,ETR
1985-03-18,13.125,13.25,13.0,13.25,2.801244020462036,259600,ETR
1985-03-19,13.25,13.375,13.125,13.25,2.801244020462036,406300,ETR
1985-03-20,13.375,13.375,13.125,13.25,2.801244020462036,353700,ETR
1985-03-21,13.25,13.375,13.125,13.25,2.801244020462036,188900,ETR
1985-03-22,13.375,13.5,13.25,13.5,2.854097843170166,196000,ETR
1985-03-25,13.5,13.5,13.375,13.5,2.854097843170166,246900,ETR
1985-03-26,13.375,13.5,13.375,13.5,2.854097843170166,165100,ETR
1985-03-27,13.375,13.625,13.375,13.625,2.8805229663848877,318400,ETR
1985-03-28,13.5,13.625,13.125,13.5,2.854097843170166,319100,ETR
1985-03-29,13.625,13.625,13.5,13.625,2.8805229663848877,305200,ETR
1985-04-01,13.75,13.75,13.625,13.625,2.8805229663848877,242600,ETR
1985-04-02,13.75,14.0,13.625,13.875,2.933378219604492,358400,ETR
1985-04-03,14.0,14.0,13.75,13.75,2.906951427459717,202100,ETR
1985-04-04,14.0,14.0,13.75,14.0,2.959806442260742,207900,ETR
1985-04-08,13.875,14.0,13.75,14.0,2.959806442260742,247300,ETR
1985-04-09,14.0,14.0,13.75,13.875,2.933378219604492,551200,ETR
1985-04-10,13.875,14.125,13.875,14.125,2.986231565475464,201700,ETR
1985-04-11,14.0,14.25,14.0,14.125,2.986231565475464,293100,ETR
1985-04-12,14.125,14.25,13.875,14.0,2.959806442260742,464200,ETR
1985-04-15,14.0,14.0,13.75,13.875,2.933378219604492,569200,ETR
1985-04-16,14.0,14.0,13.75,13.875,2.933378219604492,296600,ETR
1985-04-17,13.875,14.125,13.875,14.0,2.959806442260742,254900,ETR
1985-04-18,14.125,14.125,13.875,14.0,2.959806442260742,437800,ETR
1985-04-19,14.0,14.125,13.875,14.125,2.986231565475464,200200,ETR
1985-04-22,14.125,14.125,13.875,14.125,2.986231565475464,358500,ETR
1985-04-23,14.0,14.125,13.875,14.125,2.986231565475464,793800,ETR
1985-04-24,14.125,14.125,13.75,14.0,2.959806442260742,758900,ETR
1985-04-25,14.0,14.0,13.875,14.0,2.959806442260742,283600,ETR
1985-04-26,13.75,13.875,13.125,13.25,2.801244020462036,766300,ETR
1985-04-29,13.125,13.25,12.125,13.0,2.748389720916748,1078000,ETR
1985-04-30,13.0,13.375,12.875,12.875,2.721964120864868,622600,ETR
1985-05-01,13.0,13.25,12.875,13.125,2.77481746673584,896200,ETR
1985-05-02,13.125,13.25,13.0,13.125,2.77481746673584,763400,ETR
1985-05-03,13.25,13.375,13.125,13.375,2.8276705741882324,374300,ETR
1985-05-06,13.25,13.625,13.25,13.625,2.8805229663848877,303900,ETR
1985-05-07,13.625,13.75,13.375,13.75,2.906951427459717,272500,ETR
1985-05-08,13.75,13.75,13.5,13.75,2.906951427459717,808400,ETR
1985-05-09,13.75,13.75,13.5,13.625,2.8805229663848877,649500,ETR
1985-05-10,13.625,13.875,13.625,13.875,2.933378219604492,437300,ETR
1985-05-13,13.875,13.875,13.75,13.75,2.906951427459717,441900,ETR
1985-05-14,13.875,13.875,13.75,13.75,2.906951427459717,288400,ETR
1985-05-15,13.875,14.0,13.75,13.75,2.906951427459717,797000,ETR
1985-05-16,13.875,14.0,13.75,14.0,2.959806442260742,825400,ETR
1985-05-17,13.875,14.125,13.875,14.0,2.959806442260742,956800,ETR
1985-05-20,14.125,14.75,14.125,14.5,3.0655133724212646,1626000,ETR
1985-05-21,14.5,14.625,14.25,14.25,3.0126585960388184,755700,ETR
1985-05-22,14.125,14.25,14.0,14.125,2.986231565475464,1111000,ETR
1985-05-23,14.125,14.125,14.0,14.125,2.986231565475464,801400,ETR
1985-05-24,14.0,14.125,13.875,14.0,2.959806442260742,384400,ETR
1985-05-28,14.0,14.125,13.875,14.125,2.986231565475464,280300,ETR
1985-05-29,14.0,14.125,13.875,14.0,2.959806442260742,380200,ETR
1985-05-30,14.125,14.375,14.0,14.25,3.0126585960388184,945600,ETR
1985-05-31,14.375,14.375,14.25,14.25,3.0126585960388184,3255000,ETR
1985-06-03,14.5,14.5,14.375,14.5,3.0655133724212646,3675000,ETR
1985-06-04,13.875,14.0,13.75,13.875,3.0262534618377686,1534000,ETR
1985-06-05,13.875,14.125,13.875,14.125,3.080779552459717,680500,ETR
1985-06-06,14.0,14.125,13.875,14.0,3.0535168647766113,779700,ETR
1985-06-07,14.125,14.125,13.75,13.875,3.0262534618377686,905200,ETR
1985-06-10,14.0,14.125,13.875,14.0,3.0535168647766113,338400,ETR
1985-06-11,14.125,14.25,14.0,14.25,3.1080424785614014,350700,ETR
1985-06-12,14.25,14.25,14.125,14.125,3.080779552459717,1009000,ETR
1985-06-13,14.25,14.375,14.125,14.25,3.1080424785614014,862500,ETR
1985-06-14,14.25,14.375,14.0,14.375,3.135305643081665,523800,ETR
1985-06-17,14.375,14.5,14.25,14.375,3.135305643081665,443800,ETR
1985-06-18,14.5,14.875,14.375,14.875,3.2443621158599854,776600,ETR
1985-06-19,14.875,15.0,14.75,14.875,3.2443621158599854,1297000,ETR
1985-06-20,14.875,15.25,14.75,15.0,3.2716257572174072,859000,ETR
1985-06-21,14.75,14.75,14.25,14.375,3.135305643081665,200,ETR
1985-06-24,14.125,14.25,13.875,14.125,3.080779552459717,787400,ETR
1985-06-25,14.125,14.625,14.125,14.375,3.135305643081665,741700,ETR
1985-06-26,14.25,14.375,13.875,14.375,3.135305643081665,435300,ETR
1985-06-27,14.375,14.375,14.125,14.25,3.1080424785614014,608400,ETR
1985-06-28,13.75,14.375,13.75,14.375,3.135305643081665,467900,ETR
1985-07-01,14.375,14.75,14.25,14.375,3.135305643081665,528000,ETR
1985-07-02,14.375,14.5,14.125,14.375,3.135305643081665,381100,ETR
1985-07-03,14.375,14.625,14.25,14.625,3.189833164215088,362200,ETR
1985-07-05,14.625,14.75,14.5,14.5,3.1625709533691406,214600,ETR
1985-07-08,14.625,14.875,14.5,14.75,3.2170989513397217,351600,ETR
1985-07-09,14.75,15.0,14.625,14.75,3.2170989513397217,443700,ETR
1985-07-10,14.75,15.0,14.625,14.75,3.2170989513397217,475100,ETR
1985-07-11,15.0,15.0,14.75,15.0,3.2716257572174072,795100,ETR
1985-07-12,15.0,15.0,14.75,15.0,3.2716257572174072,767100,ETR
1985-07-15,15.0,15.0,14.875,14.875,3.2443621158599854,379900,ETR
1985-07-16,15.0,15.25,14.75,14.875,3.2443621158599854,503500,ETR
1985-07-17,15.0,15.125,14.875,15.0,3.2716257572174072,465100,ETR
1985-07-18,15.0,15.0,14.75,14.75,3.2170989513397217,851800,ETR
1985-07-19,14.875,14.875,14.625,14.75,3.2170989513397217,799200,ETR
1985-07-22,14.625,14.875,14.625,14.75,3.2170989513397217,431800,ETR
1985-07-23,14.875,15.0,14.5,14.75,3.2170989513397217,559000,ETR
1985-07-24,14.625,15.625,14.5,14.5,3.1625709533691406,302000,ETR
1985-07-25,14.5,14.75,14.5,14.5,3.1625709533691406,317000,ETR
1985-07-26,14.5,14.5,14.125,14.125,3.080779552459717,995000,ETR
1985-07-29,14.125,14.25,13.75,14.0,3.0535168647766113,920000,ETR
1985-07-30,13.875,14.0,13.75,14.0,3.0535168647766113,904000,ETR
1985-07-31,14.0,14.0,11.125,11.875,2.5900354385375977,3901000,ETR
1985-08-01,11.75,12.0,11.625,11.625,2.535510540008545,3215000,ETR
1985-08-02,11.625,11.75,11.0,11.125,2.4264543056488037,3009000,ETR
1985-08-05,11.125,12.25,11.125,12.0,2.6172993183135986,2026000,ETR
1985-08-06,12.0,12.0,11.625,11.75,2.562774181365967,1080000,ETR
1985-08-07,11.75,12.0,11.625,11.875,2.5900354385375977,1004000,ETR
1985-08-08,11.875,12.25,11.75,12.125,2.6445627212524414,599100,ETR
1985-08-09,12.125,12.5,12.0,12.375,2.6990890502929688,1291000,ETR
1985-08-12,12.5,12.5,12.125,12.125,2.6445627212524414,1265000,ETR
1985-08-13,11.0,11.125,10.5,11.0,2.39919114112854,3459000,ETR
1985-08-14,11.0,11.0,10.125,10.25,2.2356109619140625,2676000,ETR
1985-08-15,10.25,10.75,10.25,10.625,2.317399501800537,1687000,ETR
1985-08-16,10.25,10.625,8.125,9.125,1.9902386665344238,5300000,ETR
1985-08-19,9.0,9.25,8.75,9.25,2.01750111579895,3166000,ETR
1985-08-20,9.25,10.125,8.75,10.0,2.1810829639434814,1996000,ETR
1985-08-21,10.0,10.5,9.875,10.5,2.290137767791748,1653000,ETR
1985-08-22,10.5,10.5,10.0,10.0,2.1810829639434814,962000,ETR
1985-08-23,10.0,10.125,9.875,10.0,2.1810829639434814,725300,ETR
1985-08-26,9.875,10.0,8.875,9.0,1.9629743099212646,1486000,ETR
1985-08-27,8.75,9.875,8.375,8.875,1.9357110261917114,2190000,ETR
1985-08-28,8.875,9.5,8.75,9.0,1.9629743099212646,1276000,ETR
1985-08-29,8.875,9.5,8.625,9.375,2.0447659492492676,1671000,ETR
1985-08-30,9.5,9.75,8.75,9.625,2.099292039871216,1520000,ETR
1985-09-03,9.75,9.875,9.5,9.625,2.099292039871216,783100,ETR
1985-09-04,9.625,9.875,9.5,9.625,2.099292039871216,631000,ETR
1985-09-05,9.625,9.75,9.375,9.375,2.0447659492492676,501300,ETR
1985-09-06,9.5,10.0,9.5,10.0,2.1810829639434814,797100,ETR
1985-09-09,9.875,9.875,9.5,9.75,2.1265554428100586,465100,ETR
1985-09-10,9.625,9.75,9.25,9.375,2.0447659492492676,587300,ETR
1985-09-11,9.375,9.5,9.25,9.375,2.0447659492492676,423700,ETR
1985-09-12,9.25,9.375,8.75,8.75,1.9084482192993164,1209000,ETR
1985-09-13,9.0,9.875,9.0,9.25,2.01750111579895,617000,ETR
1985-09-16,9.125,9.25,9.0,9.125,1.9902386665344238,309100,ETR
1985-09-17,9.125,9.25,8.875,9.125,1.9902386665344238,719900,ETR
1985-09-18,9.125,9.375,9.0,9.25,2.01750111579895,442700,ETR
1985-09-19,9.25,9.5,9.25,9.375,2.0447659492492676,481400,ETR
1985-09-20,9.375,9.5,9.25,9.25,2.01750111579895,706200,ETR
1985-09-23,9.375,9.5,9.125,9.25,2.01750111579895,378100,ETR
1985-09-24,9.125,9.375,9.125,9.25,2.01750111579895,549700,ETR
1985-09-25,9.25,9.25,9.125,9.125,1.9902386665344238,348200,ETR
1985-09-26,9.25,9.375,9.125,9.375,2.0447659492492676,296600,ETR
1985-09-30,9.125,9.25,9.0,9.125,1.9902386665344238,422400,ETR
1985-10-01,9.125,9.875,8.875,9.0,1.9629743099212646,398800,ETR
1985-10-02,9.0,9.125,8.75,8.75,1.9084482192993164,268200,ETR
1985-10-03,8.75,9.0,8.75,8.75,1.9084482192993164,337600,ETR
1985-10-04,8.75,8.875,8.75,8.75,1.9084482192993164,315100,ETR
1985-10-07,8.75,8.875,8.625,8.75,1.9084482192993164,465000,ETR
1985-10-08,8.625,8.875,8.5,8.625,1.881183385848999,362100,ETR
1985-10-09,8.5,8.75,8.5,8.625,1.881183385848999,305900,ETR
1985-10-10,8.5,10.0,8.5,10.0,2.1810829639434814,2486000,ETR
1985-10-11,10.0,10.0,9.625,9.75,2.1265554428100586,754500,ETR
1985-10-14,9.625,9.75,9.25,9.5,2.0720303058624268,265000,ETR
1985-10-15,9.5,9.5,9.125,9.5,2.0720303058624268,596500,ETR
1985-10-16,9.375,9.625,9.375,9.5,2.0720303058624268,377300,ETR
1985-10-17,9.5,9.625,9.375,9.625,2.099292039871216,476700,ETR
1985-10-18,9.5,9.625,8.5,9.5,2.0720303058624268,398000,ETR
1985-10-21,9.5,9.625,9.5,9.5,2.0720303058624268,233900,ETR
1985-10-22,9.5,9.75,9.5,9.75,2.1265554428100586,710000,ETR
1985-10-23,9.625,9.75,9.25,9.5,2.0720303058624268,540100,ETR
1985-10-24,9.375,9.5,9.25,9.25,2.01750111579895,369100,ETR
1985-10-25,9.25,9.5,9.125,9.5,2.0720303058624268,402900,ETR
1985-10-28,9.375,9.625,9.25,9.375,2.0447659492492676,364800,ETR
1985-10-29,9.375,9.5,8.5,9.375,2.0447659492492676,221600,ETR
1985-10-30,9.25,9.375,9.25,9.375,2.0447659492492676,311000,ETR
1985-10-31,9.25,9.375,9.0,9.125,1.9902386665344238,371200,ETR
1985-11-01,9.125,9.25,8.875,9.0,1.9629743099212646,438400,ETR
1985-11-04,9.0,9.0,8.625,8.875,1.9357110261917114,470500,ETR
1985-11-05,8.875,9.125,8.75,9.0,1.9629743099212646,509500,ETR
1985-11-06,8.875,9.5,8.875,9.5,2.0720303058624268,771400,ETR
1985-11-07,9.5,9.5,9.25,9.375,2.0447659492492676,311000,ETR
1985-11-08,9.25,9.375,9.25,9.375,2.0447659492492676,413000,ETR
1985-11-11,9.25,9.375,9.125,9.25,2.01750111579895,299500,ETR
1985-11-12,9.25,9.375,9.125,9.375,2.0447659492492676,442500,ETR
1985-11-13,9.25,9.375,9.125,9.125,1.9902386665344238,640300,ETR
1985-11-14,9.125,9.75,9.0,9.75,2.1265554428100586,1010000,ETR
1985-11-15,10.0,10.375,9.875,10.125,2.2083473205566406,2352000,ETR
1985-11-18,10.125,10.25,10.0,10.125,2.2083473205566406,782500,ETR
1985-11-19,10.125,10.25,9.875,9.875,2.1538197994232178,966200,ETR
1985-11-20,9.875,10.0,9.625,9.75,2.1265554428100586,514400,ETR
1985-11-21,9.875,10.0,9.625,9.75,2.1265554428100586,615000,ETR
1985-11-22,9.875,10.0,9.625,9.75,2.1265554428100586,545900,ETR
1985-11-25,9.75,9.875,9.625,9.75,2.1265554428100586,501300,ETR
1985-11-26,9.75,9.75,9.625,9.75,2.1265554428100586,349400,ETR
1985-11-27,9.75,10.0,9.625,9.75,2.1265554428100586,423900,ETR
1985-11-29,9.75,9.875,9.625,9.75,2.1265554428100586,347000,ETR
1985-12-02,9.625,9.75,9.5,9.625,2.099292039871216,449600,ETR
1985-12-03,9.5,9.625,9.375,9.625,2.099292039871216,624400,ETR
1985-12-04,9.5,10.0,9.5,9.875,2.1538197994232178,1651000,ETR
1985-12-05,10.0,10.125,9.875,10.0,2.1810829639434814,1725000,ETR
1985-12-06,10.0,10.125,10.0,10.125,2.2083473205566406,701700,ETR
1985-12-09,10.125,10.5,10.0,10.375,2.262873888015747,807500,ETR
1985-12-10,10.375,10.5,10.25,10.375,2.262873888015747,1170000,ETR
1985-12-11,10.375,10.875,10.375,10.75,2.3446645736694336,1290000,ETR
1985-12-12,10.625,10.75,10.375,10.5,2.290137767791748,438800,ETR
1985-12-13,10.5,10.5,10.375,10.5,2.290137767791748,451500,ETR
1985-12-16,10.5,10.625,10.375,10.5,2.290137767791748,691400,ETR
1985-12-17,10.625,10.625,10.5,10.5,2.290137767791748,851700,ETR
1985-12-18,10.625,10.625,10.375,10.375,2.262873888015747,549500,ETR
1985-12-19,10.375,10.5,10.25,10.375,2.262873888015747,929600,ETR
1985-12-20,10.5,10.625,10.25,10.5,2.290137767791748,1040000,ETR
1985-12-23,10.375,10.625,10.375,10.375,2.262873888015747,526300,ETR
1985-12-24,10.375,10.625,10.375,10.5,2.290137767791748,1114000,ETR
1985-12-26,10.5,10.75,10.5,10.75,2.3446645736694336,481500,ETR
1985-12-27,10.75,10.875,10.625,10.75,2.3446645736694336,566500,ETR
1985-12-30,10.625,10.75,10.5,10.625,2.317399501800537,564000,ETR
1985-12-31,10.625,10.75,10.625,10.625,2.317399501800537,742500,ETR
1986-01-02,10.625,11.0,10.625,10.875,2.3719277381896973,534400,ETR
1986-01-03,10.75,11.25,10.75,11.25,2.453718662261963,1090000,ETR
1986-01-06,11.25,11.25,11.0,11.25,2.453718662261963,333000,ETR
1986-01-07,11.125,11.625,11.125,11.5,2.5082454681396484,1060000,ETR
1986-01-08,11.625,11.625,11.0,11.0,2.39919114112854,799800,ETR
1986-01-09,10.875,11.0,10.75,10.875,2.3719277381896973,798700,ETR
1986-01-10,10.875,11.0,10.75,10.875,2.3719277381896973,234100,ETR
1986-01-13,10.75,10.875,10.5,10.75,2.3446645736694336,400300,ETR
1986-01-14,10.625,11.25,10.625,11.125,2.4264543056488037,778100,ETR
1986-01-15,11.125,11.125,11.0,11.125,2.4264543056488037,372500,ETR
1986-01-16,11.0,11.375,11.0,11.0,2.39919114112854,461100,ETR
1986-01-17,11.125,11.5,11.125,11.375,2.4809823036193848,840400,ETR
1986-01-20,11.375,11.375,11.0,11.25,2.453718662261963,294700,ETR
1986-01-21,11.25,11.375,11.0,11.125,2.4264543056488037,325300,ETR
1986-01-22,11.25,11.375,11.125,11.125,2.4264543056488037,350300,ETR
1986-01-23,11.125,11.25,11.125,11.125,2.4264543056488037,236800,ETR
1986-01-24,11.125,11.25,11.125,11.125,2.4264543056488037,318800,ETR
1986-01-27,11.25,11.625,11.25,11.5,2.5082454681396484,981200,ETR
1986-01-28,11.5,12.25,11.5,12.25,2.6718251705169678,1950000,ETR
1986-01-29,12.125,12.25,11.625,11.75,2.562774181365967,724600,ETR
1986-01-30,11.625,12.0,11.625,11.75,2.562774181365967,335900,ETR
1986-01-31,11.75,11.875,11.625,11.875,2.5900354385375977,595900,ETR
1986-02-03,11.75,12.0,11.625,12.0,2.6172993183135986,625100,ETR
1986-02-04,11.875,12.0,11.625,11.75,2.562774181365967,454300,ETR
1986-02-05,11.75,12.125,11.75,11.75,2.562774181365967,410200,ETR
1986-02-06,11.875,12.0,11.125,12.0,2.6172993183135986,577400,ETR
1986-02-07,11.875,12.125,11.75,12.125,2.6445627212524414,879400,ETR
1986-02-10,12.0,12.25,11.875,12.25,2.6718251705169678,780200,ETR
1986-02-11,12.125,12.25,12.0,12.25,2.6718251705169678,579900,ETR
1986-02-12,12.25,12.25,12.0,12.125,2.6445627212524414,583300,ETR
1986-02-13,12.125,12.25,12.0,12.25,2.6718251705169678,549800,ETR
1986-02-14,12.125,12.25,12.0,12.25,2.6718251705169678,594900,ETR
1986-02-18,12.125,12.5,12.0,12.5,2.7263543605804443,1060000,ETR
1986-02-19,12.375,12.5,12.125,12.25,2.6718251705169678,470800,ETR
1986-02-20,12.0,12.125,11.875,12.125,2.6445627212524414,635300,ETR
1986-02-21,12.125,12.125,12.0,12.125,2.6445627212524414,367900,ETR
1986-02-24,12.0,12.125,11.875,12.0,2.6172993183135986,381300,ETR
1986-02-25,12.0,12.0,11.875,11.875,2.5900354385375977,354900,ETR
1986-02-26,11.875,12.0,11.75,12.0,2.6172993183135986,804900,ETR
1986-02-27,11.875,12.25,11.875,12.25,2.6718251705169678,714300,ETR
1986-02-28,12.375,12.375,11.875,12.0,2.6172993183135986,826000,ETR
1986-03-03,12.0,12.0,11.625,11.875,2.5900354385375977,497100,ETR
1986-03-04,12.0,12.125,11.875,11.875,2.5900354385375977,684100,ETR
1986-03-05,11.875,12.0,11.25,11.875,2.5900354385375977,1170000,ETR
1986-03-06,12.0,12.0,11.75,11.75,2.562774181365967,742400,ETR
1986-03-07,11.75,12.0,11.75,11.75,2.562774181365967,412700,ETR
1986-03-10,11.875,11.875,11.75,11.75,2.562774181365967,325100,ETR
1986-03-11,11.75,12.125,11.75,12.0,2.6172993183135986,870000,ETR
1986-03-12,12.0,12.75,11.875,12.0,2.6172993183135986,1370000,ETR
1986-03-13,11.875,12.125,11.75,12.0,2.6172993183135986,794800,ETR
1986-03-14,11.875,12.125,11.875,12.0,2.6172993183135986,1487000,ETR
1986-03-17,12.0,12.0,11.875,11.875,2.5900354385375977,442700,ETR
1986-03-18,12.0,12.0,11.875,12.0,2.6172993183135986,838700,ETR
1986-03-19,12.0,12.0,11.875,12.0,2.6172993183135986,540500,ETR
1986-03-20,12.0,12.25,11.875,12.0,2.6172993183135986,1020000,ETR
1986-03-21,12.125,12.625,12.0,12.5,2.7263543605804443,2269000,ETR
1986-03-24,12.625,13.125,12.625,13.0,2.8354084491729736,2611000,ETR
1986-03-25,13.0,13.375,13.0,13.0,2.8354084491729736,1000000,ETR
1986-03-26,13.125,13.625,13.0,13.5,2.9444620609283447,1567000,ETR
1986-03-27,13.625,13.75,13.125,13.25,2.8899357318878174,1560000,ETR
1986-03-31,13.25,13.375,13.125,13.125,2.8626716136932373,755500,ETR
1986-04-01,13.375,13.5,13.125,13.125,2.8626716136932373,668300,ETR
1986-04-02,13.125,13.375,13.125,13.25,2.8899357318878174,973900,ETR
1986-04-03,13.25,13.625,13.25,13.375,2.917198419570923,1220000,ETR
1986-04-04,13.375,13.625,13.25,13.25,2.8899357318878174,799700,ETR
1986-04-07,12.75,13.75,12.75,12.875,2.808145523071289,461400,ETR
1986-04-08,13.125,13.5,13.125,13.5,2.9444620609283447,1140000,ETR
1986-04-09,13.375,13.625,13.25,13.375,2.917198419570923,652600,ETR
1986-04-10,13.375,13.5,13.25,13.5,2.9444620609283447,610300,ETR
1986-04-11,13.375,14.375,13.25,13.25,2.8899357318878174,428900,ETR
1986-04-14,13.375,13.375,13.125,13.125,2.8626716136932373,331000,ETR
1986-04-15,13.25,13.5,13.125,13.375,2.917198419570923,701200,ETR
1986-04-16,13.375,13.625,13.375,13.375,2.917198419570923,493900,ETR
1986-04-17,13.375,13.75,13.375,13.625,2.971724510192871,743500,ETR
1986-04-18,13.5,13.75,13.5,13.5,2.9444620609283447,500400,ETR
1986-04-21,13.5,13.75,13.5,13.625,2.971724510192871,414900,ETR
1986-04-22,13.625,13.75,13.5,13.625,2.971724510192871,1410000,ETR
1986-04-23,13.75,13.75,13.5,13.5,2.9444620609283447,666100,ETR
1986-04-24,13.5,13.75,13.5,13.75,2.998988389968872,678100,ETR
1986-04-25,13.625,13.875,13.625,13.625,2.971724510192871,594300,ETR
1986-04-28,13.625,13.75,13.375,13.5,2.9444620609283447,540700,ETR
1986-04-29,13.25,13.25,12.5,13.0,2.8354084491729736,1803000,ETR
1986-04-30,13.0,13.125,12.25,12.5,2.7263543605804443,1190000,ETR
1986-05-01,12.375,12.875,12.375,12.625,2.753617286682129,682600,ETR
1986-05-02,12.625,12.875,12.625,12.875,2.808145523071289,512200,ETR
1986-05-05,12.875,13.25,12.75,13.125,2.8626716136932373,592300,ETR
1986-05-06,13.375,13.5,13.125,13.125,2.8626716136932373,635300,ETR
1986-05-07,13.125,13.375,13.0,13.125,2.8626716136932373,451300,ETR
1986-05-08,13.125,13.375,13.125,13.125,2.8626716136932373,449400,ETR
1986-05-09,13.125,13.125,12.875,12.875,2.808145523071289,614700,ETR
1986-05-12,12.875,13.0,12.75,12.75,2.78088116645813,248400,ETR
1986-05-13,12.625,12.875,12.5,12.625,2.753617286682129,683300,ETR
1986-05-14,12.625,12.75,12.5,12.625,2.753617286682129,333100,ETR
1986-05-15,12.625,12.875,12.625,12.625,2.753617286682129,342800,ETR
1986-05-16,12.625,12.75,12.625,12.75,2.78088116645813,289700,ETR
1986-05-19,12.625,12.75,12.5,12.5,2.7263543605804443,407600,ETR
1986-05-20,12.5,12.625,12.375,12.625,2.753617286682129,442800,ETR
1986-05-21,12.5,12.625,12.125,12.25,2.6718251705169678,290100,ETR
1986-05-22,12.25,12.625,12.25,12.625,2.753617286682129,675000,ETR
1986-05-23,12.5,12.75,12.5,12.625,2.753617286682129,331000,ETR
1986-05-27,12.625,12.875,12.5,12.75,2.78088116645813,452700,ETR
1986-05-28,12.75,13.0,12.75,12.875,2.808145523071289,833100,ETR
1986-05-29,12.75,13.125,12.75,13.0,2.8354084491729736,545700,ETR
1986-05-30,13.0,13.25,13.0,13.25,2.8899357318878174,799800,ETR
1986-06-02,13.0,13.25,13.0,13.125,2.8626716136932373,419900,ETR
1986-06-03,13.125,13.25,13.125,13.25,2.8899357318878174,577500,ETR
1986-06-04,13.25,13.375,13.0,13.0,2.8354084491729736,483200,ETR
1986-06-05,13.125,13.25,13.0,13.125,2.8626716136932373,346800,ETR
1986-06-06,13.125,13.25,13.0,13.125,2.8626716136932373,291000,ETR
1986-06-09,13.125,13.25,12.875,12.875,2.808145523071289,395500,ETR
1986-06-10,12.875,12.875,12.625,12.75,2.78088116645813,310200,ETR
1986-06-11,12.75,12.75,12.625,12.75,2.78088116645813,226400,ETR
1986-06-12,12.625,13.0,12.625,12.875,2.808145523071289,433900,ETR
1986-06-13,12.75,13.0,12.75,12.875,2.808145523071289,365300,ETR
1986-06-16,12.75,12.875,12.75,12.875,2.808145523071289,355700,ETR
1986-06-17,12.75,13.0,12.75,12.75,2.78088116645813,276900,ETR
1986-06-18,12.625,12.875,12.5,12.75,2.78088116645813,502100,ETR
1986-06-19,13.0,13.0,12.75,12.75,2.78088116645813,507300,ETR
1986-06-20,12.75,13.0,12.75,13.0,2.8354084491729736,636100,ETR
1986-06-23,12.875,13.0,12.75,12.75,2.78088116645813,241400,ETR
1986-06-24,12.75,12.875,12.75,12.75,2.78088116645813,494200,ETR
1986-06-25,12.75,13.0,12.75,13.0,2.8354084491729736,1100000,ETR
1986-06-26,12.875,13.0,12.75,12.875,2.808145523071289,306300,ETR
1986-06-27,12.75,13.0,12.75,12.875,2.808145523071289,683500,ETR
1986-06-30,12.875,13.0,12.875,13.0,2.8354084491729736,426400,ETR
1986-07-01,13.0,13.125,12.875,13.0,2.8354084491729736,562300,ETR
1986-07-02,12.875,13.0,12.875,13.0,2.8354084491729736,407600,ETR
1986-07-03,13.0,13.0,12.875,13.0,2.8354084491729736,278100,ETR
1986-07-07,12.875,13.0,12.75,12.875,2.808145523071289,810600,ETR
1986-07-08,12.75,12.75,12.75,12.75,2.78088116645813,664400,ETR
1986-07-09,12.625,12.75,12.375,12.625,2.753617286682129,502900,ETR
1986-07-10,12.625,12.625,12.25,12.5,2.7263543605804443,423700,ETR
1986-07-11,12.5,12.875,12.5,12.625,2.753617286682129,883300,ETR
1986-07-14,12.75,12.875,12.625,12.625,2.753617286682129,348200,ETR
1986-07-15,12.625,12.875,12.625,12.625,2.753617286682129,546200,ETR
1986-07-16,12.625,12.75,12.5,12.625,2.753617286682129,400300,ETR
1986-07-17,12.625,12.75,12.5,12.5,2.7263543605804443,457000,ETR
1986-07-18,12.5,12.75,12.5,12.5,2.7263543605804443,557900,ETR
1986-07-21,12.5,12.625,12.5,12.5,2.7263543605804443,275900,ETR
1986-07-22,12.625,13.125,12.625,12.875,2.808145523071289,1250000,ETR
1986-07-23,13.0,13.125,12.875,13.125,2.8626716136932373,615200,ETR
1986-07-24,13.125,13.5,13.0,13.125,2.8626716136932373,1293000,ETR
1986-07-25,13.125,13.5,13.125,13.375,2.917198419570923,462100,ETR
1986-07-28,13.25,13.375,12.875,13.125,2.8626716136932373,730300,ETR
1986-07-29,13.125,13.25,13.0,13.125,2.8626716136932373,518900,ETR
1986-07-30,13.0,13.0,12.625,13.0,2.8354084491729736,339200,ETR
1986-07-31,13.0,13.0,12.75,13.0,2.8354084491729736,196600,ETR
1986-08-01,13.0,13.125,12.875,13.0,2.8354084491729736,317600,ETR
1986-08-04,12.875,13.0,12.75,12.875,2.808145523071289,359400,ETR
1986-08-05,12.875,13.0,12.75,13.0,2.8354084491729736,336200,ETR
1986-08-06,12.875,13.0,12.875,13.0,2.8354084491729736,366200,ETR
1986-08-07,12.875,13.0,12.875,13.0,2.8354084491729736,184200,ETR
1986-08-08,13.0,13.0,12.875,12.875,2.808145523071289,426000,ETR
1986-08-11,12.875,13.0,12.875,12.875,2.808145523071289,407800,ETR
1986-08-12,13.0,13.5,12.875,13.375,2.917198419570923,1180000,ETR
1986-08-13,13.5,14.125,13.5,13.875,3.0262534618377686,2202000,ETR
1986-08-14,13.875,14.0,13.75,13.75,2.998988389968872,705700,ETR
1986-08-15,13.75,13.875,13.625,13.75,2.998988389968872,1314000,ETR
1986-08-18,13.875,14.5,13.75,14.375,3.135305643081665,2500000,ETR
1986-08-19,14.5,14.625,14.25,14.625,3.189833164215088,981500,ETR
1986-08-20,14.625,15.0,14.5,14.875,3.2443621158599854,2210000,ETR
1986-08-21,14.875,15.0,14.0,14.75,3.2170989513397217,1140000,ETR
1986-08-22,14.625,14.75,14.375,14.75,3.2170989513397217,684000,ETR
1986-08-25,14.625,14.625,14.375,14.375,3.135305643081665,354600,ETR
1986-08-26,14.375,14.75,14.25,14.25,3.1080424785614014,615000,ETR
1986-08-27,14.25,14.625,14.125,14.125,3.080779552459717,338300,ETR
1986-08-28,14.125,14.625,14.125,14.25,3.1080424785614014,498500,ETR
1986-08-29,14.25,14.5,14.25,14.25,3.1080424785614014,678000,ETR
1986-09-02,14.375,14.5,14.125,14.125,3.080779552459717,644300,ETR
1986-09-03,14.125,14.25,13.875,14.25,3.1080424785614014,355000,ETR
1986-09-04,14.125,14.5,14.125,14.5,3.1625709533691406,552300,ETR
1986-09-05,14.375,14.625,14.25,14.25,3.1080424785614014,405000,ETR
1986-09-08,14.125,14.375,14.125,14.25,3.1080424785614014,487600,ETR
1986-09-09,14.25,14.5,14.125,14.375,3.135305643081665,540000,ETR
1986-09-10,14.375,14.5,14.125,14.25,3.1080424785614014,309900,ETR
1986-09-11,14.25,14.25,13.25,13.5,2.9444620609283447,932700,ETR
1986-09-12,13.5,13.75,13.0,13.25,2.8899357318878174,668100,ETR
1986-09-15,13.375,13.375,13.25,13.375,2.917198419570923,383300,ETR
1986-09-16,13.25,13.375,13.125,13.375,2.917198419570923,281900,ETR
1986-09-17,13.25,13.5,12.25,12.25,2.6718251705169678,866800,ETR
1986-09-18,12.125,12.875,12.0,12.5,2.7263543605804443,867900,ETR
1986-09-19,12.625,12.625,12.25,12.625,2.753617286682129,692100,ETR
1986-09-22,12.75,13.0,12.625,13.0,2.8354084491729736,379000,ETR
1986-09-23,13.0,13.0,12.625,12.625,2.753617286682129,218300,ETR
1986-09-24,12.625,13.125,12.625,13.0,2.8354084491729736,429200,ETR
1986-09-25,13.0,13.25,12.875,12.875,2.808145523071289,240300,ETR
1986-09-26,12.75,13.125,12.75,12.875,2.808145523071289,268700,ETR
1986-09-29,12.75,12.875,12.625,12.75,2.78088116645813,227600,ETR
1986-09-30,12.875,13.0,12.75,13.0,2.8354084491729736,316800,ETR
1986-10-01,13.0,13.0,12.75,12.875,2.808145523071289,247200,ETR
1986-10-02,12.875,12.875,12.625,12.875,2.808145523071289,375500,ETR
1986-10-03,12.75,12.75,12.5,12.625,2.753617286682129,129600,ETR
1986-10-06,12.625,12.75,12.375,12.625,2.753617286682129,279100,ETR
1986-10-07,12.5,12.625,12.25,12.375,2.6990890502929688,377000,ETR
1986-10-08,12.375,12.625,12.375,12.5,2.7263543605804443,372600,ETR
1986-10-09,12.5,12.875,12.375,12.625,2.753617286682129,320500,ETR
1986-10-10,12.5,12.75,12.5,12.625,2.753617286682129,261600,ETR
1986-10-13,12.5,12.625,12.375,12.625,2.753617286682129,326100,ETR
1986-10-14,12.5,12.75,12.375,12.5,2.7263543605804443,308200,ETR
1986-10-15,12.5,12.75,12.25,12.625,2.753617286682129,371800,ETR
1986-10-16,13.0,13.125,12.625,12.625,2.753617286682129,799100,ETR
1986-10-17,12.75,13.0,12.5,12.875,2.808145523071289,286100,ETR
1986-10-20,12.75,12.875,12.5,12.5,2.7263543605804443,270600,ETR
1986-10-21,12.5,12.75,12.375,12.5,2.7263543605804443,397300,ETR
1986-10-22,12.375,12.625,12.375,12.5,2.7263543605804443,308300,ETR
1986-10-23,12.625,12.875,12.5,12.875,2.808145523071289,666000,ETR
1986-10-24,12.75,13.0,12.75,12.875,2.808145523071289,340600,ETR
1986-10-27,12.875,13.0,12.625,12.75,2.78088116645813,295900,ETR
1986-10-28,12.75,13.125,12.75,12.875,2.808145523071289,571800,ETR
1986-10-29,12.875,13.25,12.75,13.25,2.8899357318878174,401500,ETR
1986-10-30,13.5,13.625,13.125,13.25,2.8899357318878174,414900,ETR
1986-10-31,13.375,13.625,13.125,13.625,2.971724510192871,657900,ETR
1986-11-03,13.5,13.875,13.375,13.875,3.0262534618377686,455000,ETR
1986-11-04,13.75,14.125,13.5,13.75,2.998988389968872,814100,ETR
1986-11-05,13.625,14.0,13.5,13.875,3.0262534618377686,733100,ETR
1986-11-06,13.875,14.125,13.625,13.75,2.998988389968872,511200,ETR
1986-11-07,13.625,13.875,13.5,13.875,3.0262534618377686,219500,ETR
1986-11-10,13.625,13.625,13.375,13.625,2.971724510192871,160200,ETR
1986-11-11,13.5,13.875,13.375,13.75,2.998988389968872,305800,ETR
1986-11-12,13.75,13.875,13.625,13.625,2.971724510192871,313800,ETR
1986-11-13,13.75,13.875,13.5,13.75,2.998988389968872,388900,ETR
1986-11-14,13.625,13.75,13.625,13.75,2.998988389968872,215100,ETR
1986-11-17,13.5,13.875,13.5,13.625,2.971724510192871,496200,ETR
1986-11-18,13.75,14.0,13.625,13.625,2.971724510192871,542300,ETR
1986-11-19,13.75,13.75,13.5,13.75,2.998988389968872,278900,ETR
1986-11-20,13.625,13.75,13.5,13.75,2.998988389968872,303600,ETR
1986-11-21,13.625,13.75,13.625,13.75,2.998988389968872,339500,ETR
1986-11-24,13.625,13.875,13.625,13.875,3.0262534618377686,255100,ETR
1986-11-25,13.625,13.75,13.5,13.75,2.998988389968872,487700,ETR
1986-11-26,13.625,13.75,13.5,13.75,2.998988389968872,244200,ETR
1986-11-28,13.5,13.875,13.5,13.875,3.0262534618377686,253500,ETR
1986-12-01,13.75,13.75,13.5,13.75,2.998988389968872,379100,ETR
1986-12-02,13.875,13.875,13.625,13.625,2.971724510192871,541700,ETR
1986-12-03,13.75,13.875,13.625,13.75,2.998988389968872,881000,ETR
1986-12-04,13.625,14.0,13.625,13.875,3.0262534618377686,528300,ETR
1986-12-05,13.875,14.0,13.75,13.875,3.0262534618377686,460800,ETR
1986-12-08,13.875,14.0,13.125,14.0,3.0535168647766113,555500,ETR
1986-12-09,14.0,14.0,13.75,13.75,2.998988389968872,391500,ETR
1986-12-10,13.75,13.875,13.625,13.625,2.971724510192871,319800,ETR
1986-12-11,13.625,14.0,13.5,13.75,2.998988389968872,696600,ETR
1986-12-12,13.75,13.875,13.75,13.75,2.998988389968872,375400,ETR
1986-12-15,13.625,13.875,13.625,13.875,3.0262534618377686,351900,ETR
1986-12-16,13.875,14.0,13.75,14.0,3.0535168647766113,378800,ETR
1986-12-17,13.875,13.875,13.625,13.625,2.971724510192871,448800,ETR
1986-12-18,13.625,13.875,13.625,13.625,2.971724510192871,354100,ETR
1986-12-19,13.625,13.875,13.5,13.875,3.0262534618377686,976000,ETR
1986-12-22,13.75,14.0,13.625,13.875,3.0262534618377686,698000,ETR
1986-12-23,13.875,14.0,13.625,13.875,3.0262534618377686,688700,ETR
1986-12-24,13.75,13.875,13.625,13.75,2.998988389968872,198100,ETR
1986-12-26,13.75,13.75,13.625,13.625,2.971724510192871,143700,ETR
1986-12-29,13.625,13.75,13.25,13.5,2.9444620609283447,271300,ETR
1986-12-30,13.375,13.5,13.25,13.375,2.917198419570923,426900,ETR
1986-12-31,13.375,13.5,13.0,13.125,2.8626716136932373,361100,ETR
1987-01-02,13.125,13.75,13.125,13.75,2.998988389968872,430000,ETR
1987-01-05,13.875,14.0,13.75,14.0,3.0535168647766113,846100,ETR
1987-01-06,14.0,14.0,13.625,13.625,2.971724510192871,647800,ETR
1987-01-07,13.625,13.875,13.625,13.875,3.0262534618377686,397100,ETR
1987-01-08,13.875,14.0,13.25,13.875,3.0262534618377686,677000,ETR
1987-01-09,13.75,14.0,13.75,13.875,3.0262534618377686,453300,ETR
1987-01-12,13.75,14.0,13.75,13.875,3.0262534618377686,455900,ETR
1987-01-13,13.75,14.375,13.75,14.125,3.080779552459717,1440000,ETR
1987-01-14,14.25,14.875,14.25,14.625,3.189833164215088,1250000,ETR
1987-01-15,14.75,15.0,14.625,14.625,3.189833164215088,1230000,ETR
1987-01-16,14.75,14.875,14.375,14.625,3.189833164215088,586400,ETR
1987-01-19,14.5,14.625,14.25,14.375,3.135305643081665,337400,ETR
1987-01-20,14.375,14.875,14.375,14.75,3.2170989513397217,1000000,ETR
1987-01-21,14.875,15.0,14.75,14.875,3.2443621158599854,568800,ETR
1987-01-22,14.875,15.25,14.875,15.125,3.29888916015625,1330000,ETR
1987-01-23,15.125,15.375,15.0,15.125,3.29888916015625,1440000,ETR
1987-01-26,15.125,15.25,14.75,15.0,3.2716257572174072,1450000,ETR
1987-01-27,14.875,15.25,14.875,15.125,3.29888916015625,1010000,ETR
1987-01-28,15.125,16.125,15.125,15.875,3.4624695777893066,2200000,ETR
1987-01-29,16.0,16.25,15.75,15.875,3.4624695777893066,1320000,ETR
1987-01-30,15.75,16.0,15.75,15.875,3.4624695777893066,585300,ETR
1987-02-02,15.75,16.0,15.625,15.75,3.4352056980133057,1180000,ETR
1987-02-03,15.75,16.0,15.625,15.75,3.4352056980133057,665500,ETR
1987-02-04,15.75,16.0,15.75,16.0,3.489732027053833,1510000,ETR
1987-02-05,16.0,16.5,15.875,16.0,3.489732027053833,856300,ETR
1987-02-06,15.875,16.0,15.875,15.875,3.4624695777893066,381900,ETR
1987-02-09,16.0,16.0,15.5,15.75,3.4352056980133057,379500,ETR
1987-02-10,15.5,15.5,15.125,15.375,3.35341477394104,738100,ETR
1987-02-11,15.375,15.625,15.25,15.625,3.407942771911621,665200,ETR
1987-02-12,15.625,15.75,15.5,15.625,3.407942771911621,604300,ETR
1987-02-13,15.5,15.875,15.5,15.75,3.4352056980133057,371800,ETR
1987-02-17,15.625,15.875,15.5,15.75,3.4352056980133057,534700,ETR
1987-02-18,15.75,16.0,15.625,15.875,3.4624695777893066,1010000,ETR
1987-02-19,15.875,16.0,15.875,15.875,3.4624695777893066,469900,ETR
1987-02-20,16.0,16.0,15.875,16.0,3.489732027053833,665200,ETR
1987-02-23,15.875,16.0,15.75,15.875,3.4624695777893066,377000,ETR
1987-02-24,15.875,16.125,15.875,16.125,3.5169970989227295,1090000,ETR
1987-02-25,16.0,16.125,15.25,15.375,3.35341477394104,1080000,ETR
1987-02-26,14.75,15.125,14.625,14.625,3.189833164215088,3000000,ETR
1987-02-27,14.625,14.75,14.125,14.25,3.1080424785614014,1790000,ETR
1987-03-02,14.375,15.0,14.25,15.0,3.2716257572174072,1480000,ETR
1987-03-03,14.875,15.0,14.75,15.0,3.2716257572174072,1300000,ETR
1987-03-04,15.0,15.0,14.5,14.875,3.2443621158599854,1060000,ETR
1987-03-05,14.875,15.0,14.625,14.625,3.189833164215088,768700,ETR
1987-03-06,14.5,14.875,14.375,14.5,3.1625709533691406,394200,ETR
1987-03-09,14.375,14.5,14.25,14.5,3.1625709533691406,209300,ETR
1987-03-10,14.5,14.625,14.375,14.625,3.189833164215088,595600,ETR
1987-03-11,14.5,14.625,14.0,14.25,3.1080424785614014,1780000,ETR
1987-03-12,14.125,14.25,13.75,13.875,3.0262534618377686,684100,ETR
1987-03-13,13.875,14.0,13.75,13.875,3.0262534618377686,443200,ETR
1987-03-16,13.875,13.875,13.375,13.625,2.971724510192871,340900,ETR
1987-03-17,13.5,14.0,13.5,14.0,3.0535168647766113,1580000,ETR
1987-03-18,14.125,14.375,13.875,14.125,3.080779552459717,408800,ETR
1987-03-19,14.125,14.125,13.875,14.125,3.080779552459717,324700,ETR
1987-03-20,14.125,14.125,13.75,14.0,3.0535168647766113,945300,ETR
1987-03-23,13.875,13.875,13.5,13.875,3.0262534618377686,423100,ETR
1987-03-24,13.75,14.0,13.375,14.0,3.0535168647766113,1140000,ETR
1987-03-25,14.0,14.375,13.75,13.75,2.998988389968872,1700000,ETR
1987-03-26,13.875,14.0,13.5,13.5,2.9444620609283447,594100,ETR
1987-03-27,13.5,13.625,13.375,13.5,2.9444620609283447,514200,ETR
1987-03-30,13.25,13.625,13.0,13.375,2.917198419570923,319000,ETR
1987-03-31,13.5,13.75,13.5,13.625,2.971724510192871,452300,ETR
1987-04-01,13.5,13.75,13.5,13.5,2.9444620609283447,329700,ETR
1987-04-02,13.5,14.625,13.5,13.875,3.0262534618377686,1200000,ETR
1987-04-03,13.75,13.75,13.625,13.625,2.971724510192871,1370000,ETR
1987-04-06,13.375,13.375,12.5,12.75,2.78088116645813,1230000,ETR
1987-04-07,12.625,12.75,12.375,12.625,2.753617286682129,890900,ETR
1987-04-08,12.625,12.625,12.25,12.375,2.6990890502929688,726900,ETR
1987-04-09,12.125,12.25,11.875,12.125,2.6445627212524414,496700,ETR
1987-04-10,12.0,12.125,11.875,12.125,2.6445627212524414,317000,ETR
1987-04-13,12.125,12.625,12.125,12.625,2.753617286682129,643600,ETR
1987-04-14,12.5,12.5,11.5,12.125,2.6445627212524414,420000,ETR
1987-04-15,12.25,12.25,11.625,11.875,2.5900354385375977,400700,ETR
1987-04-16,12.0,12.25,11.875,12.0,2.6172993183135986,288100,ETR
1987-04-20,12.0,12.0,11.375,11.375,2.4809823036193848,462100,ETR
1987-04-21,11.25,11.875,10.75,11.875,2.5900354385375977,1130000,ETR
1987-04-22,11.875,12.125,11.5,11.625,2.535510540008545,713700,ETR
1987-04-23,11.5,11.75,11.5,11.75,2.562774181365967,334400,ETR
1987-04-24,11.625,11.875,11.375,11.5,2.5082454681396484,417200,ETR
1987-04-27,11.5,11.5,10.875,11.25,2.453718662261963,465800,ETR
1987-04-28,11.375,11.625,10.0,10.125,2.2083473205566406,1270000,ETR
1987-04-29,10.875,11.25,10.625,11.0,2.39919114112854,1040000,ETR
1987-04-30,11.0,11.625,11.0,11.5,2.5082454681396484,678600,ETR
1987-05-01,11.625,11.625,10.875,11.0,2.39919114112854,890100,ETR
1987-05-04,11.0,11.0,10.75,10.875,2.3719277381896973,565900,ETR
1987-05-05,11.0,11.75,10.875,11.625,2.535510540008545,441000,ETR
1987-05-06,11.625,11.625,11.0,11.125,2.4264543056488037,406000,ETR
1987-05-07,11.0,11.25,10.875,11.125,2.4264543056488037,613900,ETR
1987-05-08,11.125,11.25,10.875,11.125,2.4264543056488037,355000,ETR
1987-05-11,11.125,11.375,11.125,11.125,2.4264543056488037,278600,ETR
1987-05-12,11.125,11.375,11.125,11.25,2.453718662261963,170000,ETR
1987-05-13,11.375,11.375,11.0,11.125,2.4264543056488037,377700,ETR
1987-05-14,11.125,11.375,11.0,11.375,2.4809823036193848,490500,ETR
1987-05-15,11.25,11.75,11.125,11.375,2.4809823036193848,500100,ETR
1987-05-18,11.25,11.375,11.0,11.25,2.453718662261963,338800,ETR
1987-05-19,11.375,11.375,10.875,11.0,2.39919114112854,1300000,ETR
1987-05-20,11.0,11.0,10.75,10.75,2.3446645736694336,466200,ETR
1987-05-21,10.875,11.125,10.875,11.0,2.39919114112854,201100,ETR
1987-05-22,11.125,11.125,10.875,11.0,2.39919114112854,527500,ETR
1987-05-26,11.0,11.125,10.75,11.0,2.39919114112854,370700,ETR
1987-05-27,11.0,11.0,10.375,10.5,2.290137767791748,1230000,ETR
1987-05-28,10.375,10.625,10.0,10.625,2.317399501800537,1180000,ETR
1987-05-29,10.625,10.75,10.375,10.5,2.290137767791748,600900,ETR
1987-06-01,10.625,11.25,10.5,11.125,2.4264543056488037,3510000,ETR
1987-06-02,11.25,11.5,11.125,11.25,2.453718662261963,1720000,ETR
1987-06-03,11.375,11.625,11.375,11.625,2.535510540008545,514300,ETR
1987-06-04,11.5,11.625,11.375,11.625,2.535510540008545,288100,ETR
1987-06-05,11.5,11.625,11.375,11.375,2.4809823036193848,371700,ETR
1987-06-08,11.375,11.5,11.25,11.5,2.5082454681396484,190100,ETR
1987-06-09,11.375,11.5,11.25,11.25,2.453718662261963,203800,ETR
1987-06-10,11.375,11.375,11.0,11.0,2.39919114112854,297800,ETR
1987-06-11,11.0,11.25,10.125,11.125,2.4264543056488037,352600,ETR
1987-06-12,11.25,11.375,11.25,11.25,2.453718662261963,308600,ETR
1987-06-15,11.25,11.375,11.125,11.375,2.4809823036193848,405100,ETR
1987-06-16,11.25,11.375,11.125,11.375,2.4809823036193848,248000,ETR
1987-06-17,11.25,11.375,11.25,11.25,2.453718662261963,221200,ETR
1987-06-18,11.375,11.375,11.125,11.25,2.453718662261963,285800,ETR
1987-06-19,11.25,11.75,10.875,11.125,2.4264543056488037,753900,ETR
1987-06-22,11.125,11.125,10.875,11.0,2.39919114112854,302500,ETR
1987-06-23,11.0,11.125,10.75,10.875,2.3719277381896973,658000,ETR
1987-06-24,10.75,10.875,10.625,10.875,2.3719277381896973,324400,ETR
1987-06-25,10.875,11.25,10.875,11.25,2.453718662261963,473000,ETR
1987-06-26,11.25,11.25,11.0,11.125,2.4264543056488037,251500,ETR
1987-06-29,11.125,11.125,10.75,10.75,2.3446645736694336,325400,ETR
1987-06-30,10.875,10.875,10.5,10.625,2.317399501800537,334200,ETR
1987-07-01,10.625,10.75,10.5,10.625,2.317399501800537,307500,ETR
1987-07-02,10.75,10.75,10.375,10.375,2.262873888015747,278200,ETR
1987-07-06,10.5,10.5,10.125,10.25,2.2356109619140625,383800,ETR
1987-07-07,10.25,11.0,10.125,10.875,2.3719277381896973,435300,ETR
1987-07-08,11.0,11.125,10.75,10.875,2.3719277381896973,419000,ETR
1987-07-09,10.875,11.0,10.75,10.875,2.3719277381896973,654200,ETR
1987-07-10,10.875,11.0,10.875,10.875,2.3719277381896973,160200,ETR
1987-07-13,10.75,10.875,10.375,10.5,2.290137767791748,471200,ETR
1987-07-14,10.5,10.625,10.5,10.625,2.317399501800537,432500,ETR
1987-07-15,10.5,10.625,10.375,10.625,2.317399501800537,983100,ETR
1987-07-16,10.625,10.625,10.5,10.5,2.290137767791748,255800,ETR
1987-07-17,10.5,10.625,10.25,10.5,2.290137767791748,708900,ETR
1987-07-20,10.25,10.5,10.125,10.25,2.2356109619140625,621500,ETR
1987-07-21,10.125,10.5,10.0,10.0,2.1810829639434814,726800,ETR
1987-07-22,10.0,10.0,9.75,10.0,2.1810829639434814,1130000,ETR
1987-07-23,9.875,10.0,9.75,9.875,2.1538197994232178,407500,ETR
1987-07-24,9.875,10.0,9.75,9.875,2.1538197994232178,1080000,ETR
1987-07-27,9.875,10.0,9.75,9.75,2.1265554428100586,264500,ETR
1987-07-28,9.875,10.0,9.75,10.0,2.1810829639434814,1110000,ETR
1987-07-29,9.875,10.125,9.875,10.125,2.2083473205566406,635600,ETR
1987-07-30,10.0,10.125,9.875,10.125,2.2083473205566406,603100,ETR
1987-07-31,10.125,10.125,9.875,10.0,2.1810829639434814,295800,ETR
1987-08-03,9.875,10.125,9.75,9.875,2.1538197994232178,1210000,ETR
1987-08-04,9.875,9.875,9.75,9.875,2.1538197994232178,1170000,ETR
1987-08-05,9.875,10.125,9.75,10.0,2.1810829639434814,732300,ETR
1987-08-06,10.0,10.0,9.75,9.75,2.1265554428100586,538900,ETR
1987-08-07,9.75,9.875,9.375,9.5,2.0720303058624268,2590000,ETR
1987-08-10,9.5,9.5,9.25,9.5,2.0720303058624268,1090000,ETR
1987-08-11,9.5,9.875,9.375,9.875,2.1538197994232178,1270000,ETR
1987-08-12,9.875,10.25,9.75,10.25,2.2356109619140625,1190000,ETR
1987-08-13,10.25,10.375,10.25,10.375,2.262873888015747,476300,ETR
1987-08-14,10.25,10.375,10.25,10.375,2.262873888015747,535800,ETR
1987-08-17,10.375,10.5,10.25,10.5,2.290137767791748,378800,ETR
1987-08-18,10.5,10.5,10.25,10.375,2.262873888015747,331300,ETR
1987-08-19,10.25,10.375,10.25,10.25,2.2356109619140625,613200,ETR
1987-08-20,10.25,10.375,10.25,10.375,2.262873888015747,692200,ETR
1987-08-21,10.375,10.375,10.25,10.375,2.262873888015747,266800,ETR
1987-08-24,10.25,10.375,10.125,10.25,2.2356109619140625,265200,ETR
1987-08-25,10.125,10.375,10.125,10.375,2.262873888015747,492900,ETR
1987-08-26,10.375,10.375,10.125,10.25,2.2356109619140625,187400,ETR
1987-08-27,10.125,10.25,10.125,10.25,2.2356109619140625,565300,ETR
1987-08-28,10.125,10.25,9.875,10.0,2.1810829639434814,534400,ETR
1987-08-31,9.875,10.125,9.875,10.125,2.2083473205566406,540600,ETR
1987-09-01,10.0,10.125,9.75,9.875,2.1538197994232178,532700,ETR
1987-09-02,9.875,10.0,9.75,9.875,2.1538197994232178,390500,ETR
1987-09-03,9.875,10.0,9.25,10.0,2.1810829639434814,174200,ETR
1987-09-04,9.875,10.0,9.75,9.875,2.1538197994232178,314100,ETR
1987-09-08,9.875,9.875,9.75,9.75,2.1265554428100586,343000,ETR
1987-09-09,9.75,9.875,9.625,9.625,2.099292039871216,326200,ETR
1987-09-10,9.625,9.875,9.625,9.875,2.1538197994232178,302100,ETR
1987-09-11,9.75,10.125,9.625,10.0,2.1810829639434814,586800,ETR
1987-09-14,10.0,10.125,10.0,10.125,2.2083473205566406,341000,ETR
1987-09-15,10.125,10.125,9.875,9.875,2.1538197994232178,362100,ETR
1987-09-16,10.0,10.0,9.875,10.0,2.1810829639434814,262800,ETR
1987-09-17,9.875,10.0,9.875,10.0,2.1810829639434814,399100,ETR
1987-09-18,9.875,10.125,9.875,10.125,2.2083473205566406,757600,ETR
1987-09-21,9.875,10.0,9.75,9.875,2.1538197994232178,244400,ETR
1987-09-22,9.875,10.25,9.75,10.25,2.2356109619140625,506800,ETR
1987-09-23,10.125,10.375,10.125,10.375,2.262873888015747,470200,ETR
1987-09-24,10.25,10.375,10.125,10.375,2.262873888015747,753400,ETR
1987-09-25,10.5,10.625,10.375,10.5,2.290137767791748,542300,ETR
1987-09-28,10.5,10.5,10.25,10.5,2.290137767791748,359200,ETR
1987-09-29,10.5,10.625,10.375,10.5,2.290137767791748,543700,ETR
1987-09-30,10.375,10.5,10.375,10.5,2.290137767791748,427400,ETR
1987-10-01,10.625,10.75,10.375,10.75,2.3446645736694336,489100,ETR
1987-10-02,10.75,11.375,10.625,11.25,2.453718662261963,531100,ETR
1987-10-05,11.25,11.625,10.875,11.375,2.4809823036193848,899200,ETR
1987-10-06,11.5,11.5,10.875,10.875,2.3719277381896973,602400,ETR
1987-10-07,10.875,10.875,10.625,10.75,2.3446645736694336,332100,ETR
1987-10-08,10.75,10.875,10.625,10.75,2.3446645736694336,478000,ETR
1987-10-09,10.625,10.75,10.5,10.625,2.317399501800537,275600,ETR
1987-10-12,10.5,10.625,10.25,10.5,2.290137767791748,273900,ETR
1987-10-13,10.625,10.875,10.5,10.875,2.3719277381896973,278600,ETR
1987-10-14,10.75,10.75,10.375,10.625,2.317399501800537,404000,ETR
1987-10-15,10.5,10.5,10.25,10.375,2.262873888015747,370700,ETR
1987-10-16,10.375,10.375,10.125,10.25,2.2356109619140625,1220000,ETR
1987-10-19,9.625,9.75,8.75,8.75,1.9084482192993164,3210000,ETR
1987-10-20,9.375,9.375,8.125,8.625,1.881183385848999,1010000,ETR
1987-10-21,8.75,9.375,8.75,9.25,2.01750111579895,860600,ETR
1987-10-22,9.125,9.125,8.625,9.0,1.9629743099212646,604900,ETR
1987-10-23,8.75,9.25,8.75,9.125,1.9902386665344238,579700,ETR
1987-10-26,8.75,9.0,8.5,8.5,1.8539215326309204,396700,ETR
1987-10-27,8.875,9.0,8.5,8.625,1.881183385848999,373000,ETR
1987-10-28,8.5,8.75,8.5,8.5,1.8539215326309204,546900,ETR
1987-10-29,8.5,8.875,8.5,8.875,1.9357110261917114,658800,ETR
1987-10-30,9.0,9.25,8.75,9.25,2.01750111579895,723900,ETR
1987-11-02,9.25,9.375,9.0,9.125,1.9902386665344238,268100,ETR
1987-11-03,9.0,9.125,8.75,9.0,1.9629743099212646,526600,ETR
1987-11-04,8.75,9.0,8.75,9.0,1.9629743099212646,414100,ETR
1987-11-05,8.625,9.0,8.625,9.0,1.9629743099212646,356900,ETR
1987-11-06,9.0,9.0,8.625,8.75,1.9084482192993164,351900,ETR
1987-11-09,8.625,8.75,8.5,8.5,1.8539215326309204,1390000,ETR
1987-11-10,8.5,8.5,8.375,8.375,1.8266584873199463,329800,ETR
1987-11-11,8.5,8.5,8.25,8.375,1.8266584873199463,492300,ETR
1987-11-12,8.5,8.5,8.25,8.375,1.8266584873199463,769600,ETR
1987-11-13,8.25,8.625,8.25,8.5,1.8539215326309204,320300,ETR
1987-11-16,8.5,8.625,8.375,8.5,1.8539215326309204,257700,ETR
1987-11-17,8.5,8.5,8.25,8.375,1.8266584873199463,568300,ETR
1987-11-18,8.375,8.375,8.125,8.125,1.7721302509307861,572200,ETR
1987-11-19,8.25,8.25,8.125,8.125,1.7721302509307861,513700,ETR
1987-11-20,8.125,8.375,8.0,8.125,1.7721302509307861,805400,ETR
1987-11-23,8.25,8.5,8.125,8.25,1.799393892288208,444200,ETR
1987-11-24,8.25,8.375,8.125,8.25,1.799393892288208,469600,ETR
1987-11-25,8.125,8.25,8.125,8.125,1.7721302509307861,318200,ETR
1987-11-27,8.25,8.25,8.125,8.125,1.7721302509307861,115300,ETR
1987-11-30,8.0,8.125,7.875,8.0,1.7448660135269165,458500,ETR
1987-12-01,7.875,8.0,7.75,7.875,1.7176028490066528,262400,ETR
1987-12-02,7.875,8.375,7.875,8.25,1.799393892288208,386800,ETR
1987-12-03,8.375,8.375,8.125,8.25,1.799393892288208,502500,ETR
1987-12-04,8.125,8.375,8.125,8.375,1.8266584873199463,403600,ETR
1987-12-07,8.125,8.25,8.125,8.25,1.799393892288208,462300,ETR
1987-12-08,8.25,8.375,8.0,8.25,1.799393892288208,290300,ETR
1987-12-09,8.125,8.375,8.125,8.375,1.8266584873199463,348100,ETR
1987-12-10,8.25,8.375,8.125,8.125,1.7721302509307861,365100,ETR
1987-12-11,8.125,8.25,8.0,8.25,1.799393892288208,236600,ETR
1987-12-14,8.125,8.75,8.0,8.75,1.9084482192993164,737400,ETR
1987-12-15,8.625,8.75,8.25,8.5,1.8539215326309204,689600,ETR
1987-12-16,8.5,8.5,8.25,8.5,1.8539215326309204,480000,ETR
1987-12-17,8.5,8.625,8.375,8.375,1.8266584873199463,694200,ETR
1987-12-18,8.625,8.625,8.375,8.5,1.8539215326309204,672800,ETR
1987-12-21,8.5,8.75,8.5,8.625,1.881183385848999,437500,ETR
1987-12-22,8.625,8.875,8.625,8.875,1.9357110261917114,510900,ETR
1987-12-23,8.875,9.0,8.625,8.875,1.9357110261917114,455700,ETR
1987-12-24,9.0,9.0,8.75,8.75,1.9084482192993164,133100,ETR
1987-12-28,8.625,8.75,8.375,8.625,1.881183385848999,480800,ETR
1987-12-29,8.375,8.625,8.25,8.5,1.8539215326309204,437800,ETR
1987-12-30,8.375,8.5,8.25,8.375,1.8266584873199463,469000,ETR
1987-12-31,8.25,8.375,8.125,8.25,1.799393892288208,674800,ETR
1988-01-04,8.5,8.875,8.5,8.875,1.9357110261917114,302600,ETR
1988-01-05,9.0,9.25,8.75,8.875,1.9357110261917114,264400,ETR
1988-01-06,8.875,8.875,8.625,8.75,1.9084482192993164,262000,ETR
1988-01-07,8.75,9.125,8.625,9.125,1.9902386665344238,266100,ETR
1988-01-08,9.125,9.125,8.625,8.625,1.881183385848999,344300,ETR
1988-01-11,8.625,8.875,8.625,8.875,1.9357110261917114,204100,ETR
1988-01-12,9.0,9.0,8.75,8.875,1.9357110261917114,171000,ETR
1988-01-13,8.875,9.25,8.75,9.125,1.9902386665344238,275600,ETR
1988-01-14,9.125,9.25,9.0,9.25,2.01750111579895,344300,ETR
1988-01-15,9.375,9.875,9.25,9.625,2.099292039871216,232500,ETR
1988-01-18,9.5,9.625,9.5,9.5,2.0720303058624268,264400,ETR
1988-01-19,9.5,9.625,9.375,9.625,2.099292039871216,129200,ETR
1988-01-20,9.5,9.75,8.375,9.5,2.0720303058624268,173700,ETR
1988-01-21,9.5,9.5,9.125,9.25,2.01750111579895,232700,ETR
1988-01-22,9.375,9.75,9.375,9.75,2.1265554428100586,282700,ETR
1988-01-25,9.75,9.875,9.625,9.75,2.1265554428100586,223000,ETR
1988-01-26,9.75,9.875,9.625,9.625,2.099292039871216,184700,ETR
1988-01-27,9.625,9.75,9.5,9.625,2.099292039871216,462900,ETR
1988-01-28,9.625,9.875,9.625,9.875,2.1538197994232178,317700,ETR
1988-01-29,9.75,10.0,9.625,10.0,2.1810829639434814,331300,ETR
1988-02-01,10.0,10.0,9.625,9.75,2.1265554428100586,320100,ETR
1988-02-02,9.75,9.875,9.75,9.75,2.1265554428100586,236500,ETR
1988-02-03,9.875,9.875,9.625,9.75,2.1265554428100586,338700,ETR
1988-02-04,9.75,9.875,9.75,9.75,2.1265554428100586,177500,ETR
1988-02-05,9.875,9.875,9.625,9.625,2.099292039871216,287100,ETR
1988-02-08,9.625,9.75,9.625,9.75,2.1265554428100586,125700,ETR
1988-02-09,9.625,9.75,9.5,9.5,2.0720303058624268,245800,ETR
1988-02-10,9.5,9.5,9.25,9.25,2.01750111579895,146800,ETR
1988-02-11,9.25,9.375,9.125,9.25,2.01750111579895,120900,ETR
1988-02-12,9.375,9.375,9.25,9.375,2.0447659492492676,125600,ETR
1988-02-16,9.375,9.5,9.25,9.5,2.0720303058624268,176400,ETR
1988-02-17,9.375,9.375,9.25,9.25,2.01750111579895,159100,ETR
1988-02-18,9.25,9.5,9.25,9.375,2.0447659492492676,299000,ETR
1988-02-19,9.25,9.5,9.25,9.5,2.0720303058624268,367500,ETR
1988-02-22,9.375,9.625,9.375,9.625,2.099292039871216,291700,ETR
1988-02-23,9.5,9.75,9.5,9.625,2.099292039871216,102400,ETR
1988-02-24,9.75,9.75,9.625,9.75,2.1265554428100586,127400,ETR
1988-02-25,9.75,9.75,9.5,9.5,2.0720303058624268,156700,ETR
1988-02-26,9.5,9.625,9.25,9.5,2.0720303058624268,444600,ETR
1988-02-29,9.375,9.625,9.25,9.625,2.099292039871216,511900,ETR
1988-03-01,9.5,9.625,9.25,9.5,2.0720303058624268,413200,ETR
1988-03-02,9.5,9.5,9.25,9.375,2.0447659492492676,453600,ETR
1988-03-03,9.25,9.5,9.25,9.5,2.0720303058624268,111200,ETR
1988-03-04,9.375,9.625,9.375,9.625,2.099292039871216,498900,ETR
1988-03-07,9.5,9.75,9.5,9.625,2.099292039871216,250000,ETR
1988-03-08,9.625,9.625,9.5,9.5,2.0720303058624268,121800,ETR
1988-03-09,9.625,9.625,8.625,9.375,2.0447659492492676,993700,ETR
1988-03-10,9.375,9.375,9.125,9.25,2.01750111579895,452900,ETR
1988-03-11,9.125,9.5,9.125,9.5,2.0720303058624268,246600,ETR
1988-03-14,9.375,9.5,9.25,9.375,2.0447659492492676,398700,ETR
1988-03-15,9.375,9.5,9.375,9.5,2.0720303058624268,176400,ETR
1988-03-16,9.375,9.625,9.375,9.5,2.0720303058624268,436700,ETR
1988-03-17,9.5,9.875,9.375,9.875,2.1538197994232178,682600,ETR
1988-03-18,10.0,10.125,9.875,10.125,2.2083473205566406,861800,ETR
1988-03-21,10.125,10.125,9.875,10.0,2.1810829639434814,140600,ETR
1988-03-22,9.875,10.0,9.75,9.875,2.1538197994232178,268700,ETR
1988-03-23,9.875,9.875,9.5,9.75,2.1265554428100586,287100,ETR
1988-03-24,9.625,9.75,9.375,9.5,2.0720303058624268,218900,ETR
1988-03-25,9.5,9.5,9.25,9.375,2.0447659492492676,265600,ETR
1988-03-28,9.375,9.5,9.25,9.5,2.0720303058624268,253400,ETR
1988-03-29,9.5,9.5,9.375,9.5,2.0720303058624268,307600,ETR
1988-03-30,9.625,9.75,9.5,9.625,2.099292039871216,746400,ETR
1988-03-31,9.75,9.75,9.625,9.75,2.1265554428100586,318700,ETR
1988-04-04,9.625,9.75,9.5,9.75,2.1265554428100586,274900,ETR
1988-04-05,9.75,9.875,9.625,9.875,2.1538197994232178,531100,ETR
1988-04-06,9.875,10.25,9.75,10.25,2.2356109619140625,618900,ETR
1988-04-07,10.0,10.125,9.875,10.0,2.1810829639434814,579700,ETR
1988-04-08,9.875,10.125,9.875,10.0,2.1810829639434814,629800,ETR
1988-04-11,10.0,10.125,10.0,10.125,2.2083473205566406,178900,ETR
1988-04-12,10.125,10.375,10.0,10.125,2.2083473205566406,1349200,ETR
1988-04-13,10.0,10.0,9.75,9.875,2.1538197994232178,500100,ETR
1988-04-14,9.75,9.75,9.25,9.375,2.0447659492492676,507500,ETR
1988-04-15,9.375,9.5,9.25,9.375,2.0447659492492676,342200,ETR
1988-04-18,9.5,9.5,9.25,9.375,2.0447659492492676,210100,ETR
1988-04-19,9.25,9.5,9.25,9.375,2.0447659492492676,321100,ETR
1988-04-20,9.25,9.5,9.25,9.375,2.0447659492492676,170900,ETR
1988-04-21,9.375,9.625,9.25,9.375,2.0447659492492676,407100,ETR
1988-04-22,9.375,9.5,9.25,9.25,2.01750111579895,566100,ETR
1988-04-25,9.375,9.625,9.125,9.25,2.01750111579895,1474800,ETR
1988-04-26,9.25,9.375,9.125,9.375,2.0447659492492676,596600,ETR
1988-04-27,9.25,9.375,9.125,9.25,2.01750111579895,1020000,ETR
1988-04-28,9.25,9.25,9.125,9.25,2.01750111579895,377600,ETR
1988-04-29,9.125,9.25,9.0,9.125,1.9902386665344238,575500,ETR
1988-05-02,9.0,9.125,8.875,9.125,1.9902386665344238,249200,ETR
1988-05-03,9.125,9.125,8.625,8.875,1.9357110261917114,870600,ETR
1988-05-04,8.875,9.0,8.75,9.0,1.9629743099212646,1085100,ETR
1988-05-05,8.75,9.0,8.75,8.875,1.9357110261917114,1918500,ETR
1988-05-06,8.75,8.875,8.75,8.875,1.9357110261917114,317400,ETR
1988-05-09,8.75,8.875,8.75,8.75,1.9084482192993164,171100,ETR
1988-05-10,8.875,9.0,8.75,8.875,1.9357110261917114,194400,ETR
1988-05-11,8.875,9.0,8.75,9.0,1.9629743099212646,214000,ETR
1988-05-12,9.0,9.25,9.0,9.25,2.01750111579895,861200,ETR
1988-05-13,9.375,9.5,9.25,9.375,2.0447659492492676,396700,ETR
1988-05-16,9.375,9.75,9.375,9.75,2.1265554428100586,505500,ETR
1988-05-17,9.75,9.75,9.5,9.5,2.0720303058624268,289400,ETR
1988-05-18,9.5,9.625,9.5,9.5,2.0720303058624268,406900,ETR
1988-05-19,9.375,9.5,9.25,9.375,2.0447659492492676,341100,ETR
1988-05-20,9.25,9.625,9.25,9.625,2.099292039871216,358500,ETR
1988-05-23,9.5,9.625,9.375,9.625,2.099292039871216,212600,ETR
1988-05-24,9.625,9.625,9.375,9.5,2.0720303058624268,710800,ETR
1988-05-25,9.5,9.5,9.375,9.375,2.0447659492492676,249600,ETR
1988-05-26,9.5,9.75,9.375,9.75,2.1265554428100586,400600,ETR
1988-05-27,9.75,9.75,9.5,9.75,2.1265554428100586,135200,ETR
1988-05-31,9.75,9.875,9.75,9.875,2.1538197994232178,441100,ETR
1988-06-01,9.75,10.0,9.75,10.0,2.1810829639434814,477300,ETR
1988-06-02,9.875,10.25,9.875,10.25,2.2356109619140625,289800,ETR
1988-06-03,10.25,10.25,10.0,10.125,2.2083473205566406,242800,ETR
1988-06-06,10.0,10.125,10.0,10.125,2.2083473205566406,484100,ETR
1988-06-07,10.0,10.375,10.0,10.0,2.1810829639434814,262500,ETR
1988-06-08,10.0,10.5,10.0,10.375,2.262873888015747,362400,ETR
1988-06-09,10.25,10.375,10.25,10.25,2.2356109619140625,210500,ETR
1988-06-10,10.25,10.375,10.125,10.375,2.262873888015747,280800,ETR
1988-06-13,10.25,10.5,10.25,10.5,2.290137767791748,225600,ETR
1988-06-14,10.625,10.875,10.5,10.75,2.3446645736694336,663700,ETR
1988-06-15,10.625,10.875,10.5,10.875,2.3719277381896973,537900,ETR
1988-06-16,10.75,10.875,10.625,10.75,2.3446645736694336,279200,ETR
1988-06-17,10.625,10.875,10.625,10.75,2.3446645736694336,686200,ETR
1988-06-20,10.625,10.75,10.5,10.75,2.3446645736694336,587300,ETR
1988-06-21,10.625,10.875,10.625,10.875,2.3719277381896973,534200,ETR
1988-06-22,11.0,11.125,10.875,11.0,2.39919114112854,703400,ETR
1988-06-23,11.0,11.25,11.0,11.125,2.4264543056488037,435600,ETR
1988-06-24,11.125,13.25,11.125,13.25,2.8899357318878174,9286200,ETR
1988-06-27,13.375,14.125,13.0,13.625,2.971724510192871,4960500,ETR
1988-06-28,13.5,13.875,13.375,13.625,2.971724510192871,1604100,ETR
1988-06-29,13.625,13.75,13.5,13.75,2.998988389968872,958100,ETR
1988-06-30,13.75,13.75,13.625,13.75,2.998988389968872,491300,ETR
1988-07-01,13.625,13.75,13.375,13.5,2.9444620609283447,680800,ETR
1988-07-05,13.5,13.75,13.5,13.625,2.971724510192871,844700,ETR
1988-07-06,13.625,13.75,13.5,13.625,2.971724510192871,832700,ETR
1988-07-07,13.5,13.625,13.25,13.375,2.917198419570923,516100,ETR
1988-07-08,13.375,13.375,13.25,13.375,2.917198419570923,335200,ETR
1988-07-11,13.375,13.5,13.25,13.375,2.917198419570923,270400,ETR
1988-07-12,13.375,13.5,13.25,13.375,2.917198419570923,287600,ETR
1988-07-13,13.375,13.5,13.25,13.5,2.9444620609283447,537500,ETR
1988-07-14,13.5,13.625,13.5,13.5,2.9444620609283447,206600,ETR
1988-07-15,13.5,13.625,13.375,13.5,2.9444620609283447,219200,ETR
1988-07-18,13.375,13.5,13.375,13.5,2.9444620609283447,207400,ETR
1988-07-19,13.375,13.5,13.25,13.375,2.917198419570923,179900,ETR
1988-07-20,13.375,13.5,13.25,13.5,2.9444620609283447,225300,ETR
1988-07-21,13.5,13.75,13.375,13.375,2.917198419570923,378900,ETR
1988-07-22,13.375,13.5,13.125,13.25,2.8899357318878174,427100,ETR
1988-07-25,13.25,13.25,12.75,12.875,2.808145523071289,519300,ETR
1988-07-26,13.0,13.375,13.0,13.125,2.8626716136932373,521300,ETR
1988-07-27,13.25,13.375,13.0,13.0,2.8354084491729736,503100,ETR
1988-07-28,13.0,13.125,12.875,13.125,2.8626716136932373,316400,ETR
1988-07-29,13.125,13.5,13.125,13.375,2.917198419570923,557100,ETR
1988-08-01,13.375,13.5,13.375,13.5,2.9444620609283447,203200,ETR
1988-08-02,13.375,13.5,13.125,13.25,2.8899357318878174,289700,ETR
1988-08-03,13.25,13.375,13.125,13.25,2.8899357318878174,487500,ETR
1988-08-04,13.375,13.375,13.0,13.25,2.8899357318878174,378000,ETR
1988-08-05,13.0,13.25,13.0,13.125,2.8626716136932373,293500,ETR
1988-08-08,13.125,13.375,13.125,13.125,2.8626716136932373,215500,ETR
1988-08-09,13.25,13.25,13.0,13.125,2.8626716136932373,621600,ETR
1988-08-10,13.0,13.125,13.0,13.0,2.8354084491729736,364400,ETR
1988-08-11,13.125,13.125,13.0,13.125,2.8626716136932373,1486500,ETR
1988-08-12,13.0,13.0,12.875,13.0,2.8354084491729736,297700,ETR
1988-08-15,13.0,13.0,12.875,12.875,2.808145523071289,190900,ETR
1988-08-16,12.75,13.0,12.75,13.0,2.8354084491729736,145200,ETR
1988-08-17,12.875,13.0,12.875,13.0,2.8354084491729736,196200,ETR
1988-08-18,12.875,12.875,12.75,12.75,2.78088116645813,268700,ETR
1988-08-19,12.75,12.875,12.625,12.75,2.78088116645813,134300,ETR
1988-08-22,12.75,12.875,12.75,12.875,2.808145523071289,255400,ETR
1988-08-23,12.75,12.875,12.75,12.875,2.808145523071289,359500,ETR
1988-08-24,12.75,12.875,12.625,12.875,2.808145523071289,437100,ETR
1988-08-25,12.75,12.875,12.625,12.875,2.808145523071289,611100,ETR
1988-08-26,13.0,13.25,13.0,13.25,2.8899357318878174,608600,ETR
1988-08-29,13.25,13.375,13.0,13.25,2.8899357318878174,279100,ETR
1988-08-30,13.25,13.625,13.125,13.625,2.971724510192871,2050100,ETR
1988-08-31,13.625,13.75,13.5,13.625,2.971724510192871,748000,ETR
1988-09-01,13.75,13.75,13.5,13.625,2.971724510192871,444100,ETR
1988-09-02,13.625,13.75,13.5,13.75,2.998988389968872,259600,ETR
1988-09-06,13.625,13.625,13.5,13.625,2.971724510192871,117600,ETR
1988-09-07,13.75,13.75,13.5,13.75,2.998988389968872,232900,ETR
1988-09-08,13.625,13.875,12.625,13.875,3.0262534618377686,276300,ETR
1988-09-09,13.75,13.875,13.625,13.75,2.998988389968872,584800,ETR
1988-09-12,13.875,14.0,13.75,14.0,3.0535168647766113,494000,ETR
1988-09-13,13.875,14.0,13.875,14.0,3.0535168647766113,642100,ETR
1988-09-14,14.0,14.0,13.75,13.875,3.0262534618377686,375200,ETR
1988-09-15,13.875,13.875,13.75,13.75,2.998988389968872,228200,ETR
1988-09-16,13.75,13.875,13.75,13.875,3.0262534618377686,718000,ETR
1988-09-19,13.875,13.875,13.75,13.875,3.0262534618377686,214000,ETR
1988-09-20,13.75,13.875,13.75,13.875,3.0262534618377686,498300,ETR
1988-09-21,13.875,14.0,13.875,13.875,3.0262534618377686,1179900,ETR
1988-09-22,14.0,14.25,13.875,14.25,3.1080424785614014,1297300,ETR
1988-09-23,14.125,14.625,14.125,14.5,3.1625709533691406,1251700,ETR
1988-09-26,14.5,14.5,14.25,14.375,3.135305643081665,123300,ETR
1988-09-27,14.375,14.375,14.125,14.375,3.135305643081665,583900,ETR
1988-09-28,14.375,14.375,14.25,14.25,3.1080424785614014,231400,ETR
1988-09-29,14.375,14.5,14.25,14.5,3.1625709533691406,642600,ETR
1988-09-30,14.5,15.125,14.375,15.0,3.2716257572174072,3271400,ETR
1988-10-03,15.0,15.25,15.0,15.125,3.29888916015625,1805100,ETR
1988-10-04,15.125,15.25,15.0,15.125,3.29888916015625,1203000,ETR
1988-10-05,15.125,15.375,15.0,15.25,3.3261518478393555,921100,ETR
1988-10-06,15.375,15.625,15.375,15.5,3.3806779384613037,1114600,ETR
1988-10-07,15.5,15.75,15.5,15.75,3.4352056980133057,1384700,ETR
1988-10-10,15.625,15.75,15.25,15.375,3.35341477394104,568300,ETR
1988-10-11,15.25,15.375,15.125,15.25,3.3261518478393555,270200,ETR
1988-10-12,15.125,15.25,15.0,15.125,3.29888916015625,584600,ETR
1988-10-13,15.25,15.375,15.125,15.375,3.35341477394104,611700,ETR
1988-10-14,15.375,15.625,15.375,15.5,3.3806779384613037,448700,ETR
1988-10-17,15.5,15.625,15.375,15.5,3.3806779384613037,468600,ETR
1988-10-18,15.5,15.5,15.375,15.375,3.35341477394104,170200,ETR
1988-10-19,15.5,15.75,15.375,15.75,3.4352056980133057,2185000,ETR
1988-10-20,15.625,15.75,15.625,15.75,3.4352056980133057,243600,ETR
1988-10-21,15.75,16.0,15.625,16.0,3.489732027053833,372600,ETR
1988-10-24,15.875,16.0,15.75,15.75,3.4352056980133057,144800,ETR
1988-10-25,15.75,15.875,15.625,15.875,3.4624695777893066,262700,ETR
1988-10-26,15.75,15.75,15.625,15.75,3.4352056980133057,158900,ETR
1988-10-27,15.625,15.625,15.25,15.375,3.35341477394104,324000,ETR
1988-10-28,15.5,15.5,15.375,15.5,3.3806779384613037,231300,ETR
1988-10-31,15.375,15.5,15.25,15.5,3.3806779384613037,309500,ETR
1988-11-01,15.5,15.625,15.375,15.625,3.407942771911621,291100,ETR
1988-11-02,15.625,15.875,15.375,15.875,3.4624695777893066,530800,ETR
1988-11-03,15.625,15.625,15.5,15.5,3.423813819885254,341200,ETR
1988-11-04,15.5,15.75,15.375,15.5,3.423813819885254,251600,ETR
1988-11-07,15.5,15.625,15.375,15.375,3.3962020874023438,167700,ETR
1988-11-08,15.375,15.625,15.375,15.375,3.3962020874023438,202500,ETR
1988-11-09,15.375,15.5,15.25,15.375,3.3962020874023438,197800,ETR
1988-11-10,15.375,15.625,15.375,15.625,3.451425075531006,346400,ETR
1988-11-11,15.5,15.625,15.375,15.5,3.423813819885254,294400,ETR
1988-11-14,15.375,15.5,15.375,15.375,3.3962020874023438,215400,ETR
1988-11-15,15.375,15.625,15.375,15.5,3.423813819885254,482000,ETR
1988-11-16,15.375,15.625,15.375,15.5,3.423813819885254,340500,ETR
1988-11-17,15.5,15.5,15.375,15.375,3.3962020874023438,227800,ETR
1988-11-18,15.5,15.625,15.5,15.625,3.451425075531006,362600,ETR
1988-11-21,15.5,15.5,15.375,15.5,3.423813819885254,135600,ETR
1988-11-22,15.375,15.625,15.375,15.625,3.451425075531006,1747800,ETR
1988-11-23,15.625,15.75,15.625,15.625,3.451425075531006,190000,ETR
1988-11-25,15.75,15.75,15.625,15.75,3.479036569595337,273600,ETR
1988-11-28,15.625,15.875,15.625,15.75,3.479036569595337,255600,ETR
1988-11-29,15.75,15.875,15.75,15.875,3.5066487789154053,231200,ETR
1988-11-30,15.875,16.0,15.75,15.875,3.5066487789154053,476600,ETR
1988-12-01,15.875,16.0,15.75,16.0,3.5342607498168945,194400,ETR
1988-12-02,15.875,16.0,15.875,15.875,3.5066487789154053,404600,ETR
1988-12-05,16.0,16.0,15.875,16.0,3.5342607498168945,210800,ETR
1988-12-06,15.875,16.0,15.875,16.0,3.5342607498168945,348300,ETR
1988-12-07,16.0,16.0,15.875,16.0,3.5342607498168945,589300,ETR
1988-12-08,16.0,16.0,15.875,15.875,3.5066487789154053,234700,ETR
1988-12-09,15.25,15.375,15.125,15.25,3.368591785430908,845700,ETR
1988-12-12,15.25,15.375,15.25,15.25,3.368591785430908,295700,ETR
1988-12-13,15.25,15.25,14.875,15.125,3.3409783840179443,378700,ETR
1988-12-14,15.0,15.25,15.0,15.25,3.368591785430908,361700,ETR
1988-12-15,15.125,15.25,15.125,15.25,3.368591785430908,150100,ETR
1988-12-16,15.25,15.5,15.125,15.5,3.423813819885254,505000,ETR
1988-12-19,15.375,15.625,15.375,15.5,3.423813819885254,516800,ETR
1988-12-20,15.5,16.0,15.5,15.875,3.5066487789154053,585500,ETR
1988-12-21,15.875,16.0,15.75,16.0,3.5342607498168945,439700,ETR
1988-12-22,16.0,16.125,15.875,16.0,3.5342607498168945,492800,ETR
1988-12-23,16.125,16.125,16.0,16.0,3.5342607498168945,552300,ETR
1988-12-27,16.125,16.125,15.875,16.0,3.5342607498168945,263900,ETR
1988-12-28,16.0,16.125,15.875,16.0,3.5342607498168945,221600,ETR
1988-12-29,16.0,16.0,15.875,16.0,3.5342607498168945,249000,ETR
1988-12-30,16.125,16.125,15.625,16.0,3.5342607498168945,391200,ETR
1989-01-03,15.875,15.875,15.625,15.75,3.479036569595337,277300,ETR
1989-01-04,15.875,15.875,15.625,15.75,3.479036569595337,473300,ETR
1989-01-05,15.75,15.875,15.625,15.75,3.479036569595337,620500,ETR
1989-01-06,15.75,15.875,15.625,15.75,3.479036569595337,251500,ETR
1989-01-09,15.625,15.75,15.625,15.625,3.451425075531006,152200,ETR
1989-01-10,15.75,15.75,15.5,15.625,3.451425075531006,197700,ETR
1989-01-11,15.625,15.625,15.5,15.625,3.451425075531006,246900,ETR
1989-01-12,15.5,15.75,15.5,15.625,3.451425075531006,367300,ETR
1989-01-13,15.625,15.75,15.5,15.75,3.479036569595337,315300,ETR
1989-01-16,15.75,15.75,15.5,15.5,3.423813819885254,84600,ETR
1989-01-17,15.625,15.75,15.5,15.625,3.451425075531006,119600,ETR
1989-01-18,15.625,15.75,15.5,15.75,3.479036569595337,301200,ETR
1989-01-19,15.625,15.875,15.625,15.875,3.5066487789154053,465400,ETR
1989-01-20,15.875,16.0,15.75,16.0,3.5342607498168945,627700,ETR
1989-01-23,16.0,16.0,15.875,15.875,3.5066487789154053,188000,ETR
1989-01-24,15.875,16.125,15.75,16.0,3.5342607498168945,354700,ETR
1989-01-25,16.0,16.0,15.75,15.875,3.5066487789154053,433200,ETR
1989-01-26,15.875,15.875,15.75,15.875,3.5066487789154053,427900,ETR
1989-01-27,16.0,16.0,15.875,16.0,3.5342607498168945,471100,ETR
1989-01-30,16.0,16.5,16.0,16.5,3.6447055339813232,442300,ETR
1989-01-31,16.5,16.5,16.25,16.375,3.6170945167541504,530900,ETR
1989-02-01,16.375,16.625,16.25,16.5,3.6447055339813232,401200,ETR
1989-02-02,16.5,16.625,16.375,16.375,3.6170945167541504,248900,ETR
1989-02-03,16.5,16.625,16.375,16.5,3.6447055339813232,305300,ETR
1989-02-06,16.25,16.375,16.125,16.25,3.63352632522583,203500,ETR
1989-02-07,16.125,16.375,16.125,16.375,3.661475658416748,421400,ETR
1989-02-08,16.375,16.625,16.25,16.375,3.661475658416748,615800,ETR
1989-02-09,16.5,16.5,16.375,16.375,3.661475658416748,249000,ETR
1989-02-10,16.375,16.5,16.25,16.375,3.661475658416748,383900,ETR
1989-02-13,16.375,16.375,16.25,16.25,3.63352632522583,138800,ETR
1989-02-14,16.375,16.375,15.875,16.0,3.5776236057281494,340800,ETR
1989-02-15,16.0,16.375,16.0,16.25,3.63352632522583,231800,ETR
1989-02-16,16.25,16.375,16.125,16.25,3.63352632522583,229400,ETR
1989-02-17,16.25,16.375,16.125,16.375,3.661475658416748,355700,ETR
1989-02-21,16.25,16.5,16.25,16.375,3.661475658416748,347400,ETR
1989-02-22,16.375,16.5,16.25,16.375,3.661475658416748,342000,ETR
1989-02-23,16.375,16.5,16.25,16.5,3.689424753189087,394700,ETR
1989-02-24,16.5,16.5,16.125,16.125,3.605574607849121,527800,ETR
1989-02-27,16.125,16.375,16.125,16.375,3.661475658416748,192100,ETR
1989-02-28,16.375,16.5,16.25,16.5,3.689424753189087,339300,ETR
1989-03-01,16.5,16.625,16.5,16.5,3.689424753189087,403600,ETR
1989-03-02,16.625,16.75,16.5,16.625,3.7173752784729004,199100,ETR
1989-03-03,16.625,16.875,16.625,16.875,3.773277759552002,266300,ETR
1989-03-06,16.875,16.875,16.75,16.875,3.773277759552002,172200,ETR
1989-03-07,16.75,16.875,16.75,16.875,3.773277759552002,373900,ETR
1989-03-08,16.875,17.125,16.75,17.0,3.8012259006500244,309500,ETR
1989-03-09,17.0,17.0,16.875,17.0,3.8012259006500244,250000,ETR
1989-03-10,16.875,17.0,16.875,17.0,3.8012259006500244,325200,ETR
1989-03-13,17.0,17.125,17.0,17.125,3.8291773796081543,199100,ETR
1989-03-14,17.0,17.125,16.875,17.0,3.8012259006500244,142200,ETR
1989-03-15,16.875,17.0,16.875,17.0,3.8012259006500244,154700,ETR
1989-03-16,16.875,17.125,16.875,17.0,3.8012259006500244,416800,ETR
1989-03-17,16.75,16.875,16.75,16.75,3.745325803756714,355500,ETR
1989-03-20,16.75,16.75,16.5,16.75,3.745325803756714,188600,ETR
1989-03-21,16.625,16.625,16.375,16.375,3.661475658416748,150100,ETR
1989-03-22,16.375,16.625,16.375,16.625,3.7173752784729004,549700,ETR
1989-03-23,16.625,16.625,16.5,16.5,3.689424753189087,294000,ETR
1989-03-27,16.625,16.625,16.5,16.625,3.7173752784729004,188200,ETR
1989-03-28,16.5,16.625,16.5,16.625,3.7173752784729004,138500,ETR
1989-03-29,16.5,16.625,16.375,16.375,3.661475658416748,236300,ETR
1989-03-30,16.375,16.75,16.375,16.75,3.745325803756714,336800,ETR
1989-03-31,16.75,17.125,16.75,17.125,3.8291773796081543,364100,ETR
1989-04-03,17.125,17.25,16.875,17.125,3.8291773796081543,510100,ETR
1989-04-04,17.125,17.125,17.0,17.125,3.8291773796081543,277100,ETR
1989-04-05,17.125,17.375,17.125,17.375,3.8850789070129395,459800,ETR
1989-04-06,17.25,17.375,17.25,17.375,3.8850789070129395,134400,ETR
1989-04-07,17.25,17.375,17.125,17.375,3.8850789070129395,390300,ETR
1989-04-10,17.25,17.375,17.25,17.25,3.857126474380493,149300,ETR
1989-04-11,17.25,17.375,17.125,17.25,3.857126474380493,83600,ETR
1989-04-12,17.25,17.25,17.125,17.125,3.8291773796081543,117200,ETR
1989-04-13,17.125,17.25,17.125,17.125,3.8291773796081543,311200,ETR
1989-04-14,17.25,17.5,17.25,17.5,3.9130260944366455,302900,ETR
1989-04-17,17.375,17.625,17.375,17.625,3.9409775733947754,449600,ETR
1989-04-18,17.75,18.0,17.625,17.875,3.9968767166137695,488300,ETR
1989-04-19,17.75,17.75,17.625,17.75,3.968928575515747,301100,ETR
1989-04-20,17.75,17.75,17.375,17.5,3.9130260944366455,237900,ETR
1989-04-21,17.5,17.625,17.5,17.625,3.9409775733947754,207700,ETR
1989-04-24,17.625,17.75,17.5,17.75,3.968928575515747,94300,ETR
1989-04-25,17.75,17.75,17.5,17.75,3.968928575515747,481700,ETR
1989-04-26,17.625,17.75,17.625,17.625,3.9409775733947754,174900,ETR
1989-04-27,17.625,17.75,17.5,17.625,3.9409775733947754,172500,ETR
1989-04-28,17.75,17.875,17.75,17.75,3.968928575515747,94600,ETR
1989-05-01,17.875,17.875,17.75,17.875,3.9968767166137695,191000,ETR
1989-05-02,17.875,18.0,17.625,17.625,3.9409775733947754,176400,ETR
1989-05-03,17.625,17.875,17.625,17.875,3.9968767166137695,384300,ETR
1989-05-04,17.875,17.875,17.75,17.875,3.9968767166137695,242700,ETR
1989-05-05,17.75,18.0,17.75,17.875,3.9968767166137695,350600,ETR
1989-05-08,17.625,17.75,17.625,17.75,4.013838768005371,457700,ETR
1989-05-09,17.625,17.75,17.625,17.625,3.9855706691741943,344100,ETR
1989-05-10,17.75,17.75,17.625,17.625,3.9855706691741943,319300,ETR
1989-05-11,17.625,17.75,17.5,17.75,4.013838768005371,245300,ETR
1989-05-12,17.875,18.0,17.625,18.0,4.070369720458984,791300,ETR
1989-05-15,18.0,18.0,17.875,17.875,4.0421037673950195,64000,ETR
1989-05-16,17.875,18.0,17.875,18.0,4.070369720458984,156300,ETR
1989-05-17,18.0,18.375,18.0,18.375,4.1551690101623535,169100,ETR
1989-05-18,18.25,18.375,18.25,18.25,4.126903057098389,174300,ETR
1989-05-19,18.375,18.5,18.25,18.375,4.1551690101623535,382100,ETR
1989-05-22,18.375,18.375,18.125,18.25,4.126903057098389,165600,ETR
1989-05-23,18.25,18.375,18.125,18.125,4.098636627197266,146700,ETR
1989-05-24,18.0,18.125,18.0,18.0,4.070369720458984,377900,ETR
1989-05-25,18.0,18.125,18.0,18.0,4.070369720458984,99900,ETR
1989-05-26,18.0,18.125,18.0,18.125,4.098636627197266,168700,ETR
1989-05-30,18.125,18.125,18.0,18.0,4.070369720458984,379300,ETR
1989-05-31,18.125,18.125,18.0,18.0,4.070369720458984,229000,ETR
1989-06-01,18.0,18.125,18.0,18.125,4.098636627197266,221900,ETR
1989-06-02,18.125,18.625,18.125,18.625,4.211701393127441,261500,ETR
1989-06-05,18.5,18.625,18.5,18.5,4.183435916900635,150200,ETR
1989-06-06,18.5,19.0,18.5,18.875,4.268234729766846,1139600,ETR
1989-06-07,18.75,19.375,18.75,19.375,4.381299018859863,400900,ETR
1989-06-08,19.25,19.375,19.125,19.25,4.353033542633057,406300,ETR
1989-06-09,19.125,19.25,18.875,19.0,4.2965006828308105,224100,ETR
1989-06-12,18.875,19.0,18.75,19.0,4.2965006828308105,131800,ETR
1989-06-13,18.875,18.875,18.625,18.875,4.268234729766846,228900,ETR
1989-06-14,18.75,18.875,18.625,18.625,4.211701393127441,109800,ETR
1989-06-15,18.75,18.875,18.5,18.625,4.211701393127441,334100,ETR
1989-06-16,18.5,18.625,18.375,18.625,4.211701393127441,502600,ETR
1989-06-19,18.75,18.75,18.5,18.625,4.211701393127441,291300,ETR
1989-06-20,18.625,18.75,18.625,18.625,4.211701393127441,465200,ETR
1989-06-21,18.625,19.0,18.625,18.75,4.239969730377197,460600,ETR
1989-06-22,18.75,19.375,18.75,19.375,4.381299018859863,764300,ETR
1989-06-23,19.375,19.625,19.25,19.5,4.409566402435303,268900,ETR
1989-06-26,19.5,19.5,19.25,19.375,4.381299018859863,517100,ETR
1989-06-27,19.375,19.5,19.125,19.125,4.324769973754883,1151900,ETR
1989-06-28,19.25,19.25,18.875,19.125,4.324769973754883,891900,ETR
1989-06-29,19.125,19.375,19.0,19.125,4.324769973754883,416600,ETR
1989-06-30,19.25,19.25,18.875,19.25,4.353033542633057,352000,ETR
1989-07-03,19.125,19.25,19.125,19.125,4.324769973754883,33100,ETR
1989-07-05,19.375,19.875,19.375,19.75,4.466100215911865,728000,ETR
1989-07-06,19.875,19.875,19.75,19.875,4.494365692138672,135600,ETR
1989-07-07,19.875,20.0,19.875,19.875,4.494365692138672,123400,ETR
1989-07-10,19.875,20.0,19.75,20.0,4.522632122039795,156100,ETR
1989-07-11,20.0,20.25,20.0,20.0,4.522632122039795,454900,ETR
1989-07-12,20.0,20.25,20.0,20.0,4.522632122039795,578400,ETR
1989-07-13,20.125,20.5,20.125,20.375,4.607433319091797,787000,ETR
1989-07-14,20.375,20.5,20.125,20.25,4.579168319702148,425100,ETR
1989-07-17,20.375,20.5,20.25,20.5,4.635696887969971,501800,ETR
1989-07-18,20.375,20.375,20.25,20.25,4.579168319702148,163000,ETR
1989-07-19,20.25,20.375,20.125,20.25,4.579168319702148,598100,ETR
1989-07-20,20.125,20.25,19.75,19.75,4.466100215911865,473200,ETR
1989-07-21,19.75,20.0,19.625,20.0,4.522632122039795,215400,ETR
1989-07-24,19.875,20.0,19.875,19.875,4.494365692138672,117800,ETR
1989-07-25,20.0,20.375,20.0,20.375,4.607433319091797,629100,ETR
1989-07-26,20.375,20.875,20.25,20.75,4.692233085632324,272300,ETR
1989-07-27,20.875,20.875,20.625,20.875,4.720498085021973,518800,ETR
1989-07-28,20.875,21.125,20.75,21.0,4.7487664222717285,331000,ETR
1989-07-31,20.875,20.875,20.0,20.0,4.522632122039795,365000,ETR
1989-08-01,20.875,21.375,20.75,21.375,4.8335652351379395,894800,ETR
1989-08-02,21.25,21.75,21.25,21.75,4.918365001678467,326600,ETR
1989-08-03,21.75,21.875,21.625,21.75,4.918365001678467,271700,ETR
1989-08-04,21.75,21.75,21.5,21.625,4.890100002288818,492500,ETR
1989-08-07,21.25,21.5,21.25,21.5,4.9186930656433105,464200,ETR
1989-08-08,21.375,21.375,21.125,21.25,4.861502170562744,537800,ETR
1989-08-09,21.25,21.375,21.125,21.25,4.861502170562744,183000,ETR
1989-08-10,21.125,21.25,21.0,21.125,4.832904815673828,292800,ETR
1989-08-11,21.375,21.375,21.125,21.125,4.832904815673828,255900,ETR
1989-08-14,21.0,21.375,21.0,21.125,4.832904815673828,208800,ETR
1989-08-15,21.125,21.375,21.125,21.25,4.861502170562744,227200,ETR
1989-08-16,21.25,21.375,21.125,21.25,4.861502170562744,239800,ETR
1989-08-17,21.25,21.375,21.125,21.125,4.832904815673828,154600,ETR
1989-08-18,21.125,21.25,21.0,21.25,4.861502170562744,107300,ETR
1989-08-21,21.125,21.375,21.125,21.25,4.861502170562744,263200,ETR
1989-08-22,21.125,21.25,20.875,21.0,4.804306507110596,275900,ETR
1989-08-23,21.125,21.375,21.0,21.375,4.890100002288818,190000,ETR
1989-08-24,21.375,21.625,21.25,21.625,4.947290420532227,307800,ETR
1989-08-25,21.5,21.625,21.5,21.625,4.947290420532227,238400,ETR
1989-08-28,21.5,21.5,21.375,21.375,4.890100002288818,143700,ETR
1989-08-29,21.5,21.5,21.0,21.0,4.804306507110596,303800,ETR
1989-08-30,21.0,21.25,21.0,21.25,4.861502170562744,349100,ETR
1989-08-31,21.125,21.75,21.0,21.75,4.97588586807251,256000,ETR
1989-09-01,21.25,21.625,21.25,21.625,4.947290420532227,364600,ETR
1989-09-05,21.5,21.875,21.5,21.75,4.97588586807251,160900,ETR
1989-09-06,21.75,21.875,21.625,21.625,4.947290420532227,237900,ETR
1989-09-07,21.5,21.625,21.25,21.375,4.890100002288818,160700,ETR
1989-09-08,21.25,21.5,21.125,21.5,4.9186930656433105,161100,ETR
1989-09-11,21.375,21.5,21.375,21.5,4.9186930656433105,85400,ETR
1989-09-12,21.5,21.75,21.5,21.625,4.947290420532227,279600,ETR
1989-09-13,21.625,21.875,21.625,21.625,4.947290420532227,201400,ETR
1989-09-14,21.625,21.625,21.375,21.5,4.9186930656433105,67000,ETR
1989-09-15,21.375,21.375,21.125,21.25,4.861502170562744,685700,ETR
1989-09-18,21.125,21.625,21.125,21.625,4.947290420532227,312300,ETR
1989-09-19,21.75,21.75,21.625,21.625,4.947290420532227,106200,ETR
1989-09-20,21.5,21.75,21.5,21.5,4.9186930656433105,551200,ETR
1989-09-21,21.625,21.75,21.5,21.5,4.9186930656433105,782600,ETR
1989-09-22,21.625,21.875,21.625,21.875,5.004486083984375,888000,ETR
1989-09-25,21.75,21.875,21.625,21.875,5.004486083984375,439800,ETR
1989-09-26,21.875,22.125,21.875,21.875,5.004486083984375,730400,ETR
1989-09-27,21.875,22.25,21.875,22.0,5.033082485198975,784900,ETR
1989-09-28,22.0,22.25,22.0,22.125,5.0616774559021,577700,ETR
1989-09-29,22.0,23.0,22.0,22.625,5.1760663986206055,819800,ETR
1989-10-02,22.625,22.625,22.375,22.5,5.1474714279174805,189100,ETR
1989-10-03,22.375,22.375,22.125,22.25,5.090277671813965,599500,ETR
1989-10-04,22.375,22.375,22.0,22.25,5.090277671813965,637200,ETR
1989-10-05,22.125,22.125,21.75,21.875,5.004486083984375,969100,ETR
1989-10-06,22.0,22.125,21.875,22.125,5.0616774559021,832100,ETR
1989-10-09,22.125,22.25,22.0,22.125,5.0616774559021,242300,ETR
1989-10-10,22.0,22.125,22.0,22.125,5.0616774559021,189300,ETR
1989-10-11,22.0,22.0,21.625,21.875,5.004486083984375,477900,ETR
1989-10-12,21.875,22.0,21.625,22.0,5.033082485198975,272900,ETR
1989-10-13,21.875,21.875,20.5,21.0,4.804306507110596,362000,ETR
1989-10-16,20.25,21.25,20.125,21.125,4.832904815673828,670000,ETR
1989-10-17,21.0,21.125,20.625,21.125,4.832904815673828,191700,ETR
1989-10-18,21.125,21.375,20.875,21.375,4.890100002288818,205700,ETR
1989-10-19,21.375,21.625,21.375,21.5,4.9186930656433105,521800,ETR
1989-10-20,21.5,21.75,21.5,21.5,4.9186930656433105,521800,ETR
1989-10-23,21.5,21.625,21.5,21.5,4.9186930656433105,229500,ETR
1989-10-24,21.5,21.625,21.25,21.375,4.890100002288818,438900,ETR
1989-10-25,21.375,21.5,21.25,21.375,4.890100002288818,105900,ETR
1989-10-26,21.375,21.375,21.0,21.125,4.832904815673828,614800,ETR
1989-10-27,21.125,21.25,21.0,21.0,4.804306507110596,241200,ETR
1989-10-30,21.0,21.125,20.75,20.875,4.77570915222168,436400,ETR
1989-10-31,21.0,21.25,20.875,21.25,4.861502170562744,439100,ETR
1989-11-01,21.25,21.375,21.0,21.25,4.861502170562744,977600,ETR
1989-11-02,21.25,21.375,21.125,21.375,4.890100002288818,476400,ETR
1989-11-03,21.25,21.375,21.25,21.25,4.861502170562744,74000,ETR
1989-11-06,21.0,21.125,20.875,21.0,4.861503601074219,154300,ETR
1989-11-07,20.875,21.375,20.875,21.25,4.919375896453857,309400,ETR
1989-11-08,21.25,21.5,21.125,21.5,4.9772491455078125,289500,ETR
1989-11-09,21.5,21.5,21.375,21.5,4.9772491455078125,327000,ETR
1989-11-10,21.375,21.5,21.25,21.5,4.9772491455078125,85700,ETR
1989-11-13,21.625,21.625,21.375,21.375,4.948314666748047,128900,ETR
1989-11-14,21.5,21.5,21.25,21.25,4.919375896453857,105100,ETR
1989-11-15,21.25,21.5,21.25,21.5,4.9772491455078125,321800,ETR
1989-11-16,21.5,21.625,21.375,21.625,5.006187438964844,198900,ETR
1989-11-17,21.5,21.75,21.5,21.75,5.035123348236084,180600,ETR
1989-11-20,21.75,21.875,21.625,21.875,5.064061164855957,262500,ETR
1989-11-21,21.75,22.125,21.75,22.0,5.093001365661621,371500,ETR
1989-11-22,22.0,22.25,22.0,22.25,5.150878429412842,186100,ETR
1989-11-24,22.125,22.25,22.125,22.125,5.121936798095703,135600,ETR
1989-11-27,22.125,22.375,22.0,22.125,5.121936798095703,260100,ETR
1989-11-28,22.25,22.25,22.125,22.25,5.150878429412842,207900,ETR
1989-11-29,22.125,22.25,22.125,22.25,5.150878429412842,410800,ETR
1989-11-30,22.25,22.25,22.125,22.25,5.150878429412842,256900,ETR
1989-12-01,22.25,22.5,22.125,22.375,5.179813861846924,671800,ETR
1989-12-04,22.5,22.5,22.375,22.375,5.179813861846924,283700,ETR
1989-12-05,22.375,22.375,22.125,22.125,5.121936798095703,229500,ETR
1989-12-06,22.125,22.5,22.125,22.5,5.208750247955322,319800,ETR
1989-12-07,22.5,22.5,22.25,22.375,5.179813861846924,407800,ETR
1989-12-08,22.375,22.5,22.375,22.5,5.208750247955322,222900,ETR
1989-12-11,22.375,22.625,22.375,22.5,5.208750247955322,140200,ETR
1989-12-12,22.75,22.875,22.625,22.875,5.295562267303467,256700,ETR
1989-12-13,22.875,22.875,22.625,22.75,5.266627311706543,837500,ETR
1989-12-14,22.75,22.75,22.375,22.625,5.237685203552246,171400,ETR
1989-12-15,22.625,22.75,22.5,22.75,5.266627311706543,929100,ETR
1989-12-18,22.75,22.875,22.5,22.625,5.237685203552246,324600,ETR
1989-12-19,22.5,22.75,22.5,22.625,5.237685203552246,406100,ETR
1989-12-20,22.625,22.75,22.375,22.5,5.208750247955322,394300,ETR
1989-12-21,22.625,22.625,22.5,22.625,5.237685203552246,784200,ETR
1989-12-22,22.625,22.625,22.5,22.5,5.208750247955322,97800,ETR
1989-12-26,22.5,22.625,22.5,22.5,5.208750247955322,30600,ETR
1989-12-27,22.625,22.75,22.5,22.75,5.266627311706543,157700,ETR
1989-12-28,22.625,22.875,22.625,22.875,5.295562267303467,587200,ETR
1989-12-29,22.875,23.25,22.75,23.25,5.382375240325928,354700,ETR
1990-01-02,23.125,23.625,23.0,23.625,5.469185829162598,496000,ETR
1990-01-03,23.625,23.625,23.0,23.0,5.324501037597656,331000,ETR
1990-01-04,23.25,23.25,22.875,23.0,5.324501037597656,520300,ETR
1990-01-05,22.875,23.0,22.5,22.625,5.237685203552246,722800,ETR
1990-01-08,22.5,22.5,22.375,22.5,5.208750247955322,118300,ETR
1990-01-09,22.5,22.5,22.125,22.125,5.121936798095703,508200,ETR
1990-01-10,22.125,22.375,22.125,22.25,5.150878429412842,145800,ETR
1990-01-11,22.375,22.5,22.375,22.375,5.179813861846924,159600,ETR
1990-01-12,22.25,22.375,22.0,22.125,5.121936798095703,263500,ETR
1990-01-15,22.0,22.125,21.875,22.0,5.093001365661621,325500,ETR
1990-01-16,21.875,22.25,21.875,22.25,5.150878429412842,221100,ETR
1990-01-17,22.25,22.375,22.0,22.125,5.121936798095703,106800,ETR
1990-01-18,22.0,22.375,22.0,22.375,5.179813861846924,220800,ETR
1990-01-19,22.25,22.5,22.25,22.375,5.179813861846924,434500,ETR
1990-01-22,22.375,22.875,22.0,22.0,5.093001365661621,368000,ETR
1990-01-23,22.0,22.0,21.75,21.875,5.064061164855957,476500,ETR
1990-01-24,21.5,21.625,21.25,21.5,4.9772491455078125,242000,ETR
1990-01-25,21.625,21.625,21.375,21.375,4.948314666748047,525600,ETR
1990-01-26,21.375,21.875,21.375,21.625,5.006187438964844,339700,ETR
1990-01-29,21.75,21.75,21.25,21.25,4.919375896453857,498500,ETR
1990-01-30,21.25,21.375,21.125,21.25,4.919375896453857,173900,ETR
1990-01-31,21.25,21.75,21.25,21.625,5.006187438964844,674000,ETR
1990-02-01,21.625,21.875,21.625,21.875,5.064061164855957,390300,ETR
1990-02-02,21.75,21.875,21.75,21.75,5.035123348236084,753400,ETR
1990-02-05,21.5,21.5,21.125,21.25,4.9765753746032715,662000,ETR
1990-02-06,21.25,21.375,21.125,21.125,4.947303771972656,689100,ETR
1990-02-07,21.125,21.25,20.75,21.125,4.947303771972656,311400,ETR
1990-02-08,21.0,21.125,20.875,21.0,4.918032169342041,483200,ETR
1990-02-09,21.0,21.0,20.625,21.0,4.918032169342041,479600,ETR
1990-02-12,20.875,21.0,20.75,20.75,4.859482765197754,194500,ETR
1990-02-13,20.75,20.875,20.5,20.875,4.888755798339844,435600,ETR
1990-02-14,20.875,21.0,20.625,20.875,4.888755798339844,806100,ETR
1990-02-15,20.875,21.0,20.75,20.875,4.888755798339844,209500,ETR
1990-02-16,20.875,20.875,20.5,20.625,4.830207347869873,549700,ETR
1990-02-20,20.625,20.625,20.25,20.5,4.800931453704834,496600,ETR
1990-02-21,20.375,20.5,20.25,20.25,4.742385387420654,286600,ETR
1990-02-22,20.25,20.25,19.75,19.875,4.654565811157227,1695400,ETR
1990-02-23,19.875,20.0,19.625,19.75,4.6252899169921875,769900,ETR
1990-02-26,19.5,20.125,19.5,20.125,4.713111877441406,633200,ETR
1990-02-27,20.125,20.75,20.0,20.625,4.830207347869873,1035300,ETR
1990-02-28,20.625,21.0,20.625,20.75,4.859482765197754,413300,ETR
1990-03-01,20.875,21.0,20.625,20.75,4.859482765197754,345300,ETR
1990-03-02,20.875,20.875,20.75,20.75,4.859482765197754,252700,ETR
1990-03-05,20.75,20.75,20.625,20.625,4.830207347869873,155400,ETR
1990-03-06,20.625,20.875,20.625,20.875,4.888755798339844,312300,ETR
1990-03-07,20.875,20.875,20.625,20.875,4.888755798339844,185800,ETR
1990-03-08,20.75,20.75,20.625,20.75,4.859482765197754,250800,ETR
1990-03-09,20.625,20.75,20.625,20.75,4.859482765197754,173400,ETR
1990-03-12,20.625,20.75,20.5,20.75,4.859482765197754,218400,ETR
1990-03-13,20.625,20.75,20.25,20.5,4.800931453704834,238600,ETR
1990-03-14,20.375,20.5,20.125,20.25,4.742385387420654,640900,ETR
1990-03-15,20.25,20.5,20.125,20.5,4.800931453704834,497400,ETR
1990-03-16,20.625,20.75,20.375,20.625,4.830207347869873,436200,ETR
1990-03-19,20.5,20.625,20.5,20.5,4.800931453704834,205500,ETR
1990-03-20,20.5,20.625,20.375,20.5,4.800931453704834,549500,ETR
1990-03-21,20.625,20.625,20.375,20.375,4.771659851074219,186200,ETR
1990-03-22,20.25,20.375,20.0,20.125,4.713111877441406,192900,ETR
1990-03-23,20.0,20.125,20.0,20.0,4.683833599090576,270300,ETR
1990-03-26,20.0,20.25,20.0,20.0,4.683833599090576,197600,ETR
1990-03-27,20.0,20.125,20.0,20.125,4.713111877441406,539800,ETR
1990-03-28,20.0,20.375,20.0,20.375,4.771659851074219,464600,ETR
1990-03-29,20.25,20.625,20.25,20.5,4.800931453704834,269300,ETR
1990-03-30,20.5,20.875,20.375,20.75,4.859482765197754,857500,ETR
1990-04-02,20.5,20.75,20.375,20.75,4.859482765197754,303500,ETR
1990-04-03,20.625,20.875,20.5,20.625,4.830207347869873,1063200,ETR
1990-04-04,20.75,20.75,20.5,20.5,4.800931453704834,368600,ETR
1990-04-05,20.625,20.625,20.5,20.625,4.830207347869873,249400,ETR
1990-04-06,20.5,20.625,20.375,20.625,4.830207347869873,274500,ETR
1990-04-09,20.5,20.625,20.375,20.5,4.800931453704834,305900,ETR
1990-04-10,20.5,20.625,20.25,20.375,4.771659851074219,307900,ETR
1990-04-11,20.375,20.5,20.25,20.375,4.771659851074219,436800,ETR
1990-04-12,20.375,20.75,20.375,20.625,4.830207347869873,345600,ETR
1990-04-16,20.75,21.125,20.625,21.0,4.918032169342041,442400,ETR
1990-04-17,20.875,20.875,20.75,20.75,4.859482765197754,326400,ETR
1990-04-18,20.875,20.875,20.375,20.5,4.800931453704834,399200,ETR
1990-04-19,20.5,20.5,20.125,20.375,4.771659851074219,267800,ETR
1990-04-20,20.25,20.375,20.0,20.0,4.683833599090576,694100,ETR
1990-04-23,20.125,20.125,19.875,20.0,4.683833599090576,322900,ETR
1990-04-24,19.875,20.0,19.5,19.625,4.59601354598999,534900,ETR
1990-04-25,19.75,19.875,19.625,19.75,4.6252899169921875,224300,ETR
1990-04-26,19.75,19.75,19.5,19.625,4.59601354598999,215800,ETR
1990-04-27,19.75,19.75,19.125,19.125,4.478920936584473,262700,ETR
1990-04-30,19.125,19.25,18.75,19.125,4.478920936584473,435000,ETR
1990-05-01,19.125,19.375,19.0,19.125,4.478920936584473,373100,ETR
1990-05-02,19.125,19.125,18.75,19.0,4.449647903442383,603000,ETR
1990-05-03,19.0,19.25,19.0,19.125,4.478920936584473,309100,ETR
1990-05-04,19.25,19.375,19.125,19.25,4.508193492889404,611400,ETR
1990-05-07,19.375,19.625,19.375,19.5,4.626830577850342,594100,ETR
1990-05-08,19.5,19.75,19.5,19.75,4.686148166656494,488400,ETR
1990-05-09,19.625,19.75,19.5,19.75,4.686148166656494,271500,ETR
1990-05-10,19.75,20.0,19.75,20.0,4.745467662811279,683100,ETR
1990-05-11,20.125,20.375,20.125,20.375,4.834443092346191,422700,ETR
1990-05-14,20.375,20.625,20.25,20.375,4.834443092346191,217200,ETR
1990-05-15,20.375,20.5,20.375,20.375,4.834443092346191,109600,ETR
1990-05-16,20.375,20.375,20.0,20.125,4.775126934051514,109600,ETR
1990-05-17,20.25,20.25,19.875,20.0,4.745467662811279,95100,ETR
1990-05-18,19.875,20.125,19.5,20.0,4.745467662811279,351100,ETR
1990-05-21,19.875,19.875,19.625,19.875,4.715808868408203,237400,ETR
1990-05-22,19.875,20.0,19.75,19.875,4.715808868408203,398400,ETR
1990-05-23,19.875,20.0,19.5,19.75,4.686148166656494,536500,ETR
1990-05-24,19.625,19.875,19.625,19.75,4.686148166656494,359500,ETR
1990-05-25,19.625,19.75,19.625,19.625,4.656488418579102,109600,ETR
1990-05-29,19.625,20.0,19.625,19.75,4.686148166656494,446300,ETR
1990-05-30,19.75,19.875,19.625,19.625,4.656488418579102,308500,ETR
1990-05-31,19.625,20.0,19.625,20.0,4.745467662811279,225200,ETR
1990-06-01,20.0,20.375,19.75,20.375,4.834443092346191,359000,ETR
1990-06-04,20.375,20.625,20.125,20.5,4.864102840423584,259600,ETR
1990-06-05,20.75,20.875,20.625,20.75,4.923422336578369,186600,ETR
1990-06-06,20.75,20.75,20.5,20.625,4.893762588500977,113900,ETR
1990-06-07,20.75,20.75,20.375,20.5,4.864102840423584,98000,ETR
1990-06-08,20.375,20.5,20.0,20.125,4.775126934051514,233700,ETR
1990-06-11,20.125,20.125,19.75,19.875,4.715808868408203,721900,ETR
1990-06-12,19.875,20.0,19.75,20.0,4.745467662811279,639200,ETR
1990-06-13,19.875,20.0,19.75,19.875,4.715808868408203,371400,ETR
1990-06-14,19.75,19.875,19.625,19.625,4.656488418579102,249700,ETR
1990-06-15,19.5,19.625,19.5,19.625,4.656488418579102,480800,ETR
1990-06-18,19.625,19.625,19.125,19.125,4.537853717803955,367700,ETR
1990-06-19,19.125,19.5,19.125,19.375,4.597171306610107,225200,ETR
1990-06-20,19.375,19.5,19.375,19.375,4.597171306610107,145600,ETR
1990-06-21,19.5,19.625,19.25,19.5,4.626830577850342,378100,ETR
1990-06-22,19.5,19.5,19.125,19.125,4.537853717803955,276300,ETR
1990-06-25,19.25,19.25,18.875,19.0,4.508193492889404,235400,ETR
1990-06-26,19.25,19.25,19.0,19.0,4.508193492889404,286100,ETR
1990-06-27,19.0,19.625,19.0,19.625,4.656488418579102,707500,ETR
1990-06-28,19.625,19.75,19.625,19.625,4.656488418579102,1201500,ETR
1990-06-29,19.625,19.875,19.5,19.875,4.715808868408203,167300,ETR
1990-07-02,19.875,19.875,19.75,19.875,4.715808868408203,513600,ETR
1990-07-03,19.875,20.125,19.875,20.0,4.745467662811279,1964900,ETR
1990-07-05,20.0,20.0,19.75,19.875,4.715808868408203,253100,ETR
1990-07-06,19.875,19.875,19.75,19.875,4.715808868408203,199400,ETR
1990-07-09,19.875,20.0,19.875,19.875,4.715808868408203,373000,ETR
1990-07-10,19.875,20.0,19.875,20.0,4.745467662811279,176600,ETR
1990-07-11,20.0,20.0,19.875,20.0,4.745467662811279,276100,ETR
1990-07-12,19.875,20.125,19.875,20.125,4.775126934051514,149700,ETR
1990-07-13,20.0,20.125,19.75,19.75,4.686148166656494,415900,ETR
1990-07-16,19.875,19.875,19.625,19.75,4.686148166656494,286400,ETR
1990-07-17,19.75,19.75,19.25,19.5,4.626830577850342,1252900,ETR
1990-07-18,19.5,19.625,19.375,19.625,4.656488418579102,76500,ETR
1990-07-19,19.5,19.75,19.5,19.75,4.686148166656494,173300,ETR
1990-07-20,19.75,19.875,19.5,19.5,4.626830577850342,364200,ETR
1990-07-23,19.375,19.5,19.0,19.125,4.537853717803955,245200,ETR
1990-07-24,19.25,19.375,19.125,19.25,4.567511081695557,290100,ETR
1990-07-25,19.5,19.75,19.5,19.625,4.656488418579102,302900,ETR
1990-07-26,19.5,19.75,19.5,19.625,4.656488418579102,186800,ETR
1990-07-27,19.625,19.875,19.5,19.75,4.686148166656494,227500,ETR
1990-07-30,19.625,19.625,19.0,19.5,4.626830577850342,1427200,ETR
1990-07-31,19.5,19.625,19.375,19.5,4.626830577850342,577100,ETR
1990-08-01,19.5,19.5,19.375,19.5,4.626830577850342,563300,ETR
1990-08-02,19.375,19.375,19.125,19.25,4.567511081695557,419000,ETR
1990-08-03,19.0,19.0,18.375,18.75,4.448873043060303,1411200,ETR
1990-08-06,18.25,18.625,18.0,18.25,4.388755798339844,537200,ETR
1990-08-07,18.375,18.625,18.25,18.375,4.418811798095703,1301700,ETR
1990-08-08,18.375,19.0,18.375,19.0,4.5691142082214355,1295200,ETR
1990-08-09,19.0,19.25,19.0,19.125,4.599173069000244,405500,ETR
1990-08-10,19.125,19.5,19.125,19.25,4.629233360290527,724500,ETR
1990-08-13,19.125,19.125,18.875,19.125,4.599173069000244,204300,ETR
1990-08-14,19.125,19.5,19.0,19.375,4.659295082092285,273700,ETR
1990-08-15,19.375,19.5,19.25,19.375,4.659295082092285,549600,ETR
1990-08-16,19.375,19.375,19.25,19.25,4.629233360290527,598700,ETR
1990-08-17,19.125,19.375,18.875,19.0,4.5691142082214355,1514900,ETR
1990-08-20,19.125,19.375,19.125,19.375,4.659295082092285,1195600,ETR
1990-08-21,19.25,19.25,19.0,19.25,4.629233360290527,657800,ETR
1990-08-22,19.25,19.375,19.125,19.25,4.629233360290527,1152100,ETR
1990-08-23,19.125,19.125,18.875,18.875,4.539056777954102,486200,ETR
1990-08-24,18.875,18.875,18.5,18.5,4.4488725662231445,323100,ETR
1990-08-27,18.625,18.875,18.25,18.25,4.388755798339844,394900,ETR
1990-08-28,18.375,18.375,18.25,18.25,4.388755798339844,286600,ETR
1990-08-29,18.25,18.5,18.25,18.5,4.4488725662231445,215400,ETR
1990-08-30,18.375,18.375,18.25,18.25,4.388755798339844,158200,ETR
1990-08-31,18.25,18.375,18.25,18.375,4.418811798095703,104000,ETR
1990-09-04,18.25,19.125,18.25,19.125,4.599173069000244,227200,ETR
1990-09-05,19.25,19.25,18.75,19.0,4.5691142082214355,506400,ETR
1990-09-06,19.0,19.0,18.875,18.875,4.539056777954102,608900,ETR
1990-09-07,18.875,19.125,18.875,18.875,4.539056777954102,116800,ETR
1990-09-10,19.0,19.0,18.625,18.625,4.4789347648620605,252200,ETR
1990-09-11,18.75,18.75,18.625,18.625,4.4789347648620605,84800,ETR
1990-09-12,18.75,19.25,18.625,19.25,4.629233360290527,160500,ETR
1990-09-13,19.25,19.25,19.0,19.0,4.5691142082214355,243800,ETR
1990-09-14,18.875,19.0,18.75,18.75,4.50899600982666,473900,ETR
1990-09-17,18.75,19.125,18.75,19.0,4.5691142082214355,186800,ETR
1990-09-18,19.0,19.25,19.0,19.25,4.629233360290527,500000,ETR
1990-09-19,19.25,19.5,19.25,19.25,4.629233360290527,313200,ETR
1990-09-20,19.125,19.25,19.125,19.125,4.599173069000244,824900,ETR
1990-09-21,19.25,19.25,19.125,19.25,4.629233360290527,1143500,ETR
1990-09-24,19.125,19.25,18.875,18.875,4.539056777954102,632900,ETR
1990-09-25,19.0,19.0,18.875,19.0,4.5691142082214355,172300,ETR
1990-09-26,18.875,19.0,18.875,18.875,4.539056777954102,134800,ETR
1990-09-27,19.0,19.375,19.0,19.375,4.659295082092285,400700,ETR
1990-09-28,19.125,19.25,19.0,19.25,4.629233360290527,182300,ETR
1990-10-01,19.125,19.375,19.0,19.375,4.659295082092285,396400,ETR
1990-10-02,19.5,19.5,19.25,19.375,4.659295082092285,307300,ETR
1990-10-03,19.375,19.625,19.375,19.5,4.689354419708252,537100,ETR
1990-10-04,19.375,19.875,19.375,19.875,4.779533863067627,179600,ETR
1990-10-05,19.75,19.75,19.25,19.75,4.7494730949401855,424800,ETR
1990-10-08,19.625,19.875,19.625,19.875,4.779533863067627,62900,ETR
1990-10-09,19.875,19.875,19.625,19.625,4.719413757324219,374500,ETR
1990-10-10,19.625,19.625,19.375,19.5,4.689354419708252,437200,ETR
1990-10-11,19.625,19.625,19.375,19.375,4.659295082092285,423200,ETR
1990-10-12,19.375,19.75,19.375,19.625,4.719413757324219,167100,ETR
1990-10-15,19.625,20.0,19.625,19.875,4.779533863067627,390500,ETR
1990-10-16,20.0,20.0,19.75,19.75,4.7494730949401855,425100,ETR
1990-10-17,19.75,20.125,19.75,20.0,4.809593677520752,177400,ETR
1990-10-18,20.0,20.375,20.0,20.25,4.869715213775635,212100,ETR
1990-10-19,20.375,21.0,20.375,21.0,5.050075531005859,313600,ETR
1990-10-22,21.0,21.0,20.75,20.875,5.020015239715576,157300,ETR
1990-10-23,20.875,20.875,20.25,20.25,4.869715213775635,643700,ETR
1990-10-24,20.125,20.125,20.0,20.125,4.839653015136719,137800,ETR
1990-10-25,20.125,20.125,19.875,20.0,4.809593677520752,68500,ETR
1990-10-26,20.0,20.0,19.875,20.0,4.809593677520752,302300,ETR
1990-10-29,20.125,20.25,20.0,20.125,4.839653015136719,563100,ETR
1990-10-30,20.125,20.75,20.125,20.625,4.959894180297852,311100,ETR
1990-10-31,20.75,21.0,20.625,20.75,4.989954471588135,333400,ETR
1990-11-01,20.875,21.125,20.625,21.125,5.080138206481934,383200,ETR
1990-11-02,21.0,21.125,20.875,21.125,5.080138206481934,256200,ETR
1990-11-05,21.0,21.125,20.75,20.875,5.020015239715576,172600,ETR
1990-11-06,20.75,21.0,20.75,21.0,5.050075531005859,302400,ETR
1990-11-07,21.0,21.125,21.0,21.0,5.050075531005859,204800,ETR
1990-11-08,21.125,21.375,21.0,21.25,5.110193729400635,300600,ETR
1990-11-09,21.0,21.375,20.875,21.25,5.183370113372803,880200,ETR
1990-11-12,21.25,21.5,21.25,21.375,5.213862419128418,787800,ETR
1990-11-13,21.5,22.0,21.5,22.0,5.366313457489014,442900,ETR
1990-11-14,21.875,22.0,21.75,21.875,5.3358235359191895,175300,ETR
1990-11-15,21.875,22.0,21.875,22.0,5.366313457489014,158100,ETR
1990-11-16,22.0,22.125,21.875,22.125,5.396805763244629,332200,ETR
1990-11-19,22.125,22.125,21.75,22.0,5.366313457489014,171200,ETR
1990-11-20,22.0,22.0,21.875,21.875,5.3358235359191895,902800,ETR
1990-11-21,22.0,22.0,21.75,22.0,5.366313457489014,459700,ETR
1990-11-23,22.0,22.0,21.625,21.75,5.305331707000732,297800,ETR
1990-11-26,21.625,21.625,21.5,21.625,5.274842739105225,166500,ETR
1990-11-27,21.75,22.0,21.625,22.0,5.366313457489014,366400,ETR
1990-11-28,22.0,22.125,22.0,22.125,5.396805763244629,165400,ETR
1990-11-29,22.125,22.125,22.0,22.0,5.366313457489014,274000,ETR
1990-11-30,22.0,22.25,21.875,22.125,5.396805763244629,420200,ETR
1990-12-03,22.125,22.75,22.125,22.625,5.518766403198242,392700,ETR
1990-12-04,22.5,22.75,22.375,22.75,5.549254417419434,215000,ETR
1990-12-05,22.75,23.125,22.625,23.125,5.640730381011963,258800,ETR
1990-12-06,23.25,23.375,22.75,22.75,5.549254417419434,402800,ETR
1990-12-07,22.875,22.875,22.25,22.25,5.427297115325928,296100,ETR
1990-12-10,22.375,22.625,21.875,22.625,5.518766403198242,145400,ETR
1990-12-11,22.625,22.75,22.5,22.75,5.549254417419434,264300,ETR
1990-12-12,22.75,23.0,22.625,23.0,5.610239028930664,156000,ETR
1990-12-13,22.875,23.125,22.875,23.125,5.640730381011963,100000,ETR
1990-12-14,23.0,23.0,22.375,22.75,5.549254417419434,163500,ETR
1990-12-17,22.75,22.75,22.375,22.5,5.488274574279785,730800,ETR
1990-12-18,22.375,22.75,22.375,22.75,5.549254417419434,243800,ETR
1990-12-19,22.75,22.75,22.625,22.75,5.549254417419434,339300,ETR
1990-12-20,22.625,23.0,22.625,22.875,5.57974910736084,361900,ETR
1990-12-21,22.625,22.75,22.5,22.625,5.518766403198242,593800,ETR
1990-12-24,22.75,22.875,22.625,22.75,5.549254417419434,209300,ETR
1990-12-26,22.875,23.0,22.75,22.875,5.57974910736084,39200,ETR
1990-12-27,23.0,23.0,22.5,22.5,5.488274574279785,423300,ETR
1990-12-28,22.625,22.625,22.375,22.5,5.488274574279785,74800,ETR
1990-12-31,22.625,22.625,22.25,22.375,5.457783222198486,242200,ETR
1991-01-02,22.375,22.5,22.25,22.25,5.427297115325928,198600,ETR
1991-01-03,22.125,22.25,22.0,22.0,5.366313457489014,550100,ETR
1991-01-04,22.125,22.25,22.0,22.25,5.427297115325928,338500,ETR
1991-01-07,22.125,22.25,22.125,22.125,5.396805763244629,268200,ETR
1991-01-08,22.125,22.125,21.875,22.0,5.366313457489014,315800,ETR
1991-01-09,22.125,22.375,22.0,22.0,5.366313457489014,524000,ETR
1991-01-10,22.125,22.25,22.0,22.25,5.427297115325928,448900,ETR
1991-01-11,22.25,22.25,22.125,22.25,5.427297115325928,82400,ETR
1991-01-14,22.125,22.25,22.0,22.25,5.427297115325928,104600,ETR
1991-01-15,22.25,22.625,22.25,22.625,5.518766403198242,338100,ETR
1991-01-16,22.625,22.625,22.25,22.5,5.488274574279785,118500,ETR
1991-01-17,22.625,22.875,22.625,22.75,5.549254417419434,498000,ETR
1991-01-18,22.75,23.25,22.625,23.125,5.640730381011963,379900,ETR
1991-01-21,23.0,23.125,22.75,23.125,5.640730381011963,150600,ETR
1991-01-22,23.125,23.5,23.0,23.5,5.7321977615356445,469800,ETR
1991-01-23,23.5,23.5,22.875,23.0,5.610239028930664,432000,ETR
1991-01-24,23.0,23.25,22.875,23.125,5.640730381011963,349500,ETR
1991-01-25,23.25,23.5,23.125,23.5,5.7321977615356445,337700,ETR
1991-01-28,23.5,23.5,23.25,23.375,5.701710224151611,209900,ETR
1991-01-29,23.25,23.375,23.125,23.125,5.640730381011963,276200,ETR
1991-01-30,23.25,23.25,22.875,23.0,5.610239028930664,544600,ETR
1991-01-31,22.875,23.0,22.75,23.0,5.610239028930664,204800,ETR
1991-02-01,22.75,22.875,22.5,22.75,5.549254417419434,1093700,ETR
1991-02-04,22.375,22.5,22.375,22.375,5.530716419219971,875500,ETR
1991-02-05,22.5,22.625,22.375,22.625,5.5925140380859375,863900,ETR
1991-02-06,22.5,22.875,22.5,22.75,5.623409271240234,1121700,ETR
1991-02-07,22.875,23.375,22.75,23.375,5.7779011726379395,783600,ETR
1991-02-08,23.375,23.875,23.375,23.875,5.901491641998291,398100,ETR
1991-02-11,23.875,24.375,23.875,24.25,5.9941864013671875,277600,ETR
1991-02-12,24.25,24.25,23.875,23.875,5.901491641998291,281500,ETR
1991-02-13,24.0,24.25,23.625,24.25,5.9941864013671875,240100,ETR
1991-02-14,24.125,24.25,23.75,24.0,5.932392120361328,252700,ETR
1991-02-15,23.75,24.0,23.5,23.625,5.839695453643799,600400,ETR
1991-02-19,23.625,23.75,23.5,23.625,5.839695453643799,249300,ETR
1991-02-20,23.625,23.625,23.5,23.5,5.808797836303711,384000,ETR
1991-02-21,23.5,23.625,23.375,23.5,5.808797836303711,340900,ETR
1991-02-22,23.625,23.75,23.5,23.75,5.870598316192627,283200,ETR
1991-02-25,23.75,24.0,23.75,23.875,5.901491641998291,285600,ETR
1991-02-26,23.875,24.0,23.75,23.875,5.901491641998291,278200,ETR
1991-02-27,23.875,24.0,23.75,23.75,5.870598316192627,289400,ETR
1991-02-28,23.75,23.875,23.375,23.5,5.808797836303711,336000,ETR
1991-03-01,23.25,23.625,23.125,23.625,5.839695453643799,347700,ETR
1991-03-04,23.625,23.75,23.375,23.375,5.7779011726379395,216500,ETR
1991-03-05,23.375,23.875,23.375,23.75,5.870598316192627,308000,ETR
1991-03-06,23.875,23.875,23.375,23.5,5.808797836303711,333500,ETR
1991-03-07,23.5,23.75,23.5,23.75,5.870598316192627,291400,ETR
1991-03-08,23.875,24.0,23.625,23.875,5.901491641998291,414800,ETR
1991-03-11,23.75,23.875,23.75,23.875,5.901491641998291,163400,ETR
1991-03-12,23.875,24.0,23.75,23.75,5.870598316192627,169800,ETR
1991-03-13,23.75,24.0,23.75,24.0,5.932392120361328,296100,ETR
1991-03-14,23.875,24.125,23.875,24.0,5.932392120361328,185000,ETR
1991-03-15,23.875,24.0,23.75,24.0,5.932392120361328,389800,ETR
1991-03-18,24.0,24.0,23.75,24.0,5.932392120361328,142700,ETR
1991-03-19,23.875,23.875,23.625,23.625,5.839695453643799,131800,ETR
1991-03-20,23.625,23.625,23.375,23.625,5.839695453643799,330700,ETR
1991-03-21,23.625,23.75,23.5,23.625,5.839695453643799,165200,ETR
1991-03-22,23.75,24.125,23.625,24.0,5.932392120361328,143600,ETR
1991-03-25,24.25,24.5,24.25,24.5,6.0559821128845215,429200,ETR
1991-03-26,24.5,24.5,24.375,24.5,6.0559821128845215,328500,ETR
1991-03-27,24.625,24.625,24.375,24.5,6.0559821128845215,384000,ETR
1991-03-28,24.5,24.5,24.375,24.5,6.0559821128845215,277900,ETR
1991-04-01,24.375,24.375,23.625,23.875,5.901491641998291,499400,ETR
1991-04-02,24.0,24.25,24.0,24.25,5.9941864013671875,387000,ETR
1991-04-03,24.25,24.375,24.125,24.375,6.025084972381592,385600,ETR
1991-04-04,24.375,24.5,24.125,24.5,6.0559821128845215,250400,ETR
1991-04-05,24.25,24.375,23.375,23.75,5.870598316192627,317400,ETR
1991-04-08,23.875,23.875,23.625,23.875,5.901491641998291,171500,ETR
1991-04-09,23.875,23.875,23.375,23.5,5.808797836303711,236200,ETR
1991-04-10,23.5,23.75,23.375,23.625,5.839695453643799,175600,ETR
1991-04-11,23.625,24.375,23.625,24.25,5.9941864013671875,743900,ETR
1991-04-12,24.375,24.375,24.25,24.25,5.9941864013671875,340400,ETR
1991-04-15,24.375,24.375,24.125,24.25,5.9941864013671875,245600,ETR
1991-04-16,24.125,24.25,24.0,24.25,5.9941864013671875,419000,ETR
1991-04-17,24.5,24.625,24.375,24.375,6.025084972381592,350500,ETR
1991-04-18,24.5,24.5,24.25,24.375,6.025084972381592,194600,ETR
1991-04-19,24.375,24.375,24.125,24.25,5.9941864013671875,315700,ETR
1991-04-22,24.25,24.25,23.5,23.5,5.808797836303711,485700,ETR
1991-04-23,23.75,24.125,23.75,24.0,5.932392120361328,453400,ETR
1991-04-24,24.25,24.75,24.25,24.75,6.117778301239014,262100,ETR
1991-04-25,24.75,24.875,24.625,24.75,6.117778301239014,332700,ETR
1991-04-26,24.875,24.875,24.375,24.625,6.0868754386901855,477000,ETR
1991-04-29,24.75,24.875,24.625,24.875,6.1486735343933105,433500,ETR
1991-04-30,24.875,25.0,24.75,24.875,6.1486735343933105,490200,ETR
1991-05-01,24.875,25.0,24.75,24.875,6.1486735343933105,207000,ETR
1991-05-02,25.0,25.0,24.875,25.0,6.179571628570557,154400,ETR
1991-05-03,24.875,25.0,24.75,25.0,6.179571628570557,380900,ETR
1991-05-06,24.5,24.625,24.25,24.625,6.160809516906738,206900,ETR
1991-05-07,24.75,25.0,24.625,24.75,6.192081451416016,490800,ETR
1991-05-08,24.875,24.875,24.625,24.875,6.223355293273926,485300,ETR
1991-05-09,25.0,25.0,24.75,24.875,6.223355293273926,225200,ETR
1991-05-10,24.875,24.875,24.125,24.25,6.066988468170166,182400,ETR
1991-05-13,24.375,24.5,24.25,24.5,6.129539489746094,84900,ETR
1991-05-14,24.375,24.375,24.25,24.375,6.098262786865234,250700,ETR
1991-05-15,24.125,24.25,23.875,24.25,6.066988468170166,700500,ETR
1991-05-16,24.25,24.25,24.125,24.125,6.03571891784668,187300,ETR
1991-05-17,24.125,24.375,24.0,24.375,6.098262786865234,277700,ETR
1991-05-20,24.375,24.375,24.25,24.375,6.098262786865234,112200,ETR
1991-05-21,24.375,24.75,24.375,24.75,6.192081451416016,214500,ETR
1991-05-22,24.75,24.875,24.625,24.875,6.223355293273926,132000,ETR
1991-05-23,24.75,24.875,24.375,24.375,6.098262786865234,204700,ETR
1991-05-24,24.375,24.375,24.25,24.375,6.098262786865234,440700,ETR
1991-05-28,24.25,24.25,24.125,24.125,6.03571891784668,1391400,ETR
1991-05-29,24.125,24.125,23.875,24.0,6.004445552825928,392300,ETR
1991-05-30,24.0,24.125,23.875,24.125,6.03571891784668,492700,ETR
1991-05-31,24.125,24.25,23.875,24.0,6.004445552825928,383400,ETR
1991-06-03,24.0,24.0,23.875,24.0,6.004445552825928,411000,ETR
1991-06-04,24.0,24.0,23.875,24.0,6.004445552825928,163500,ETR
1991-06-05,24.0,24.0,23.875,23.875,5.973170280456543,121800,ETR
1991-06-06,24.0,24.125,23.875,24.0,6.004445552825928,180400,ETR
1991-06-07,23.875,24.0,23.875,23.875,5.973170280456543,309400,ETR
1991-06-10,24.0,24.0,23.75,23.75,5.941901206970215,225900,ETR
1991-06-11,23.875,24.125,23.75,23.875,5.973170280456543,223500,ETR
1991-06-12,23.75,23.875,23.625,23.625,5.910622596740723,274500,ETR
1991-06-13,23.625,23.625,23.5,23.625,5.910622596740723,253100,ETR
1991-06-14,23.625,23.75,23.625,23.75,5.941901206970215,252400,ETR
1991-06-17,23.75,23.75,23.625,23.625,5.910622596740723,436400,ETR
1991-06-18,23.5,23.625,23.5,23.5,5.879349231719971,354400,ETR
1991-06-19,23.5,23.625,23.125,23.25,5.8168044090271,547200,ETR
1991-06-20,23.375,23.5,23.25,23.5,5.879349231719971,209800,ETR
1991-06-21,23.5,23.875,23.5,23.875,5.973170280456543,666400,ETR
1991-06-24,23.75,23.875,23.625,23.75,5.941901206970215,213600,ETR
1991-06-25,23.75,23.75,23.5,23.625,5.910622596740723,191900,ETR
1991-06-26,23.625,23.625,23.375,23.375,5.848076343536377,235600,ETR
1991-06-27,23.5,23.5,23.375,23.5,5.879349231719971,263400,ETR
1991-06-28,23.375,23.5,23.125,23.25,5.8168044090271,178200,ETR
1991-07-01,23.375,23.625,23.25,23.625,5.910622596740723,372100,ETR
1991-07-02,23.625,23.625,23.375,23.5,5.879349231719971,225300,ETR
1991-07-03,23.375,23.5,23.25,23.5,5.879349231719971,290700,ETR
1991-07-05,23.5,23.5,23.375,23.375,5.848076343536377,58400,ETR
1991-07-08,23.375,23.75,23.375,23.75,5.941901206970215,185700,ETR
1991-07-09,23.75,23.75,23.5,23.5,5.879349231719971,168800,ETR
1991-07-10,23.625,23.875,23.5,23.75,5.941901206970215,222100,ETR
1991-07-11,23.75,23.875,23.625,23.625,5.910622596740723,135300,ETR
1991-07-12,23.75,24.125,23.625,24.0,6.004445552825928,287800,ETR
1991-07-15,24.125,24.125,23.75,23.75,5.941901206970215,221500,ETR
1991-07-16,23.75,23.875,23.75,23.875,5.973170280456543,296000,ETR
1991-07-17,23.875,24.0,23.875,23.875,5.973170280456543,187000,ETR
1991-07-18,24.0,24.0,23.875,24.0,6.004445552825928,179900,ETR
1991-07-19,24.0,24.125,23.875,24.125,6.03571891784668,435100,ETR
1991-07-22,24.0,24.125,23.875,24.0,6.004445552825928,117400,ETR
1991-07-23,24.125,24.125,23.875,23.875,5.973170280456543,243900,ETR
1991-07-24,24.0,24.0,23.875,24.0,6.004445552825928,516500,ETR
1991-07-25,24.125,24.25,24.0,24.125,6.03571891784668,162600,ETR
1991-07-26,24.25,24.5,24.125,24.5,6.129539489746094,316400,ETR
1991-07-29,24.25,24.375,24.125,24.375,6.098262786865234,167900,ETR
1991-07-30,24.375,24.625,24.25,24.5,6.129539489746094,343300,ETR
1991-07-31,24.5,24.625,24.375,24.5,6.129539489746094,224000,ETR
1991-08-01,24.5,24.625,24.25,24.25,6.066988468170166,204100,ETR
1991-08-02,24.375,24.5,24.25,24.5,6.129539489746094,330000,ETR
1991-08-05,24.125,24.25,24.0,24.125,6.110540390014648,685100,ETR
1991-08-06,24.125,24.25,24.0,24.25,6.142200469970703,719200,ETR
1991-08-07,24.125,24.5,24.0,24.375,6.173863410949707,360500,ETR
1991-08-08,24.375,24.5,24.375,24.5,6.205520153045654,293900,ETR
1991-08-09,24.5,24.5,24.125,24.125,6.110540390014648,177000,ETR
1991-08-12,24.0,24.25,23.75,24.25,6.142200469970703,428800,ETR
1991-08-13,24.125,24.375,24.0,24.125,6.110540390014648,296000,ETR
1991-08-14,24.125,24.375,24.0,24.375,6.173863410949707,620800,ETR
1991-08-15,24.375,24.625,24.25,24.625,6.237185478210449,876100,ETR
1991-08-16,24.625,24.625,24.125,24.125,6.110540390014648,375800,ETR
1991-08-19,23.625,24.125,23.5,24.0,6.078879356384277,556100,ETR
1991-08-20,24.25,24.25,23.875,24.0,6.078879356384277,360900,ETR
1991-08-21,24.25,24.75,24.125,24.75,6.268840312957764,511700,ETR
1991-08-22,24.625,24.75,24.5,24.625,6.237185478210449,199700,ETR
1991-08-23,24.75,24.75,24.375,24.5,6.205520153045654,314000,ETR
1991-08-26,24.375,24.5,24.125,24.25,6.142200469970703,315600,ETR
1991-08-27,24.375,24.375,24.125,24.25,6.142200469970703,156100,ETR
1991-08-28,24.25,24.375,24.125,24.375,6.173863410949707,981100,ETR
1991-08-29,24.375,24.625,24.25,24.625,6.237185478210449,494200,ETR
1991-08-30,24.625,24.625,24.5,24.625,6.237185478210449,183100,ETR
1991-09-03,24.5,24.625,24.375,24.5,6.205520153045654,226900,ETR
1991-09-04,24.625,24.875,24.5,24.75,6.268840312957764,346300,ETR
1991-09-05,24.75,24.875,24.5,24.625,6.237185478210449,587800,ETR
1991-09-06,24.75,24.75,24.5,24.625,6.237185478210449,851400,ETR
1991-09-09,24.625,24.75,24.5,24.75,6.268840312957764,144100,ETR
1991-09-10,24.75,24.875,24.5,24.875,6.300504207611084,251400,ETR
1991-09-11,24.875,25.125,24.75,25.0,6.3321661949157715,246000,ETR
1991-09-12,24.875,25.0,24.875,24.875,6.300504207611084,267200,ETR
1991-09-13,24.875,24.875,24.75,24.875,6.300504207611084,158600,ETR
1991-09-16,24.75,25.125,24.625,25.0,6.3321661949157715,445100,ETR
1991-09-17,24.875,25.0,24.875,24.875,6.300504207611084,858800,ETR
1991-09-18,24.875,25.125,24.75,24.875,6.300504207611084,648000,ETR
1991-09-19,25.0,25.25,24.875,25.0,6.3321661949157715,916400,ETR
1991-09-20,25.0,25.25,24.875,25.125,6.363827705383301,588000,ETR
1991-09-23,25.125,25.125,25.0,25.125,6.363827705383301,194500,ETR
1991-09-24,25.25,25.25,25.125,25.25,6.395485877990723,289800,ETR
1991-09-25,25.125,25.375,25.125,25.375,6.427148342132568,791800,ETR
1991-09-26,25.375,25.375,25.25,25.375,6.427148342132568,597600,ETR
1991-09-27,25.375,25.75,25.375,25.75,6.522128105163574,407600,ETR
1991-09-30,25.75,26.125,25.625,26.0,6.585451602935791,239300,ETR
1991-10-01,26.0,26.5,26.0,26.5,6.712096691131592,595200,ETR
1991-10-02,26.375,26.375,26.125,26.25,6.64877462387085,369900,ETR
1991-10-03,26.125,26.375,26.125,26.25,6.64877462387085,366000,ETR
1991-10-04,26.25,26.25,26.125,26.125,6.617110252380371,203000,ETR
1991-10-07,26.125,26.125,26.0,26.125,6.617110252380371,472400,ETR
1991-10-08,26.125,26.25,26.0,26.125,6.617110252380371,263900,ETR
1991-10-09,26.0,26.375,26.0,26.25,6.64877462387085,343900,ETR
1991-10-10,26.125,26.25,26.125,26.125,6.617110252380371,172400,ETR
1991-10-11,26.25,26.5,26.125,26.5,6.712096691131592,362500,ETR
1991-10-14,26.5,26.5,26.125,26.5,6.712096691131592,472400,ETR
1991-10-15,26.375,26.5,26.125,26.375,6.68043327331543,483200,ETR
1991-10-16,26.375,26.75,26.375,26.625,6.7437567710876465,548000,ETR
1991-10-17,26.5,26.5,26.25,26.375,6.68043327331543,310800,ETR
1991-10-18,26.375,26.875,26.25,26.875,6.807073593139648,847400,ETR
1991-10-21,26.75,26.75,26.5,26.625,6.7437567710876465,221400,ETR
1991-10-22,26.5,26.875,26.375,26.375,6.68043327331543,812100,ETR
1991-10-23,26.375,26.5,26.125,26.25,6.64877462387085,362200,ETR
1991-10-24,26.25,26.875,26.25,26.875,6.807073593139648,506300,ETR
1991-10-25,26.875,27.25,26.875,27.25,6.902062892913818,308500,ETR
1991-10-28,27.375,27.5,27.25,27.5,6.965380668640137,284800,ETR
1991-10-29,27.5,27.625,27.25,27.5,6.965380668640137,198800,ETR
1991-10-30,27.5,27.75,27.5,27.75,7.02870512008667,165500,ETR
1991-10-31,27.625,27.75,27.5,27.625,6.997039794921875,155600,ETR
1991-11-01,27.625,28.0,27.5,27.875,7.060365676879883,930700,ETR
1991-11-04,27.375,27.5,27.25,27.5,7.053950309753418,620800,ETR
1991-11-05,27.5,27.875,27.5,27.875,7.150142669677734,994000,ETR
1991-11-06,27.875,28.125,27.75,28.125,7.214271545410156,266800,ETR
1991-11-07,28.25,28.875,28.125,28.75,7.3745880126953125,479500,ETR
1991-11-08,28.75,28.875,28.625,28.75,7.3745880126953125,212600,ETR
1991-11-11,28.75,28.75,28.5,28.5,7.310459136962891,169700,ETR
1991-11-12,28.625,28.625,28.375,28.625,7.34252405166626,167300,ETR
1991-11-13,28.5,28.75,28.375,28.75,7.3745880126953125,211800,ETR
1991-11-14,28.75,29.0,28.625,28.625,7.34252405166626,508100,ETR
1991-11-15,28.625,28.625,28.25,28.25,7.24633264541626,286000,ETR
1991-11-18,28.375,28.375,27.75,27.875,7.150142669677734,577600,ETR
1991-11-19,27.75,27.75,27.375,27.625,7.086013317108154,376900,ETR
1991-11-20,27.875,28.25,27.75,28.0,7.182206153869629,765600,ETR
1991-11-21,27.875,28.125,27.625,27.625,7.086013317108154,356600,ETR
1991-11-22,27.5,27.75,27.375,27.5,7.053950309753418,506100,ETR
1991-11-25,27.5,27.75,27.5,27.625,7.086013317108154,373500,ETR
1991-11-26,27.75,28.0,27.5,27.875,7.150142669677734,417000,ETR
1991-11-27,27.875,28.0,27.75,27.875,7.150142669677734,527000,ETR
1991-11-29,27.75,27.875,27.75,27.875,7.150142669677734,49900,ETR
1991-12-02,27.75,28.75,27.75,28.75,7.3745880126953125,541300,ETR
1991-12-03,28.625,28.75,28.125,28.25,7.24633264541626,250800,ETR
1991-12-04,28.125,28.125,27.625,27.75,7.1180806159973145,431800,ETR
1991-12-05,27.75,28.0,27.75,27.75,7.1180806159973145,777600,ETR
1991-12-06,27.75,28.25,27.75,28.25,7.24633264541626,360800,ETR
1991-12-09,28.0,28.5,28.0,28.5,7.310459136962891,377400,ETR
1991-12-10,28.375,28.5,28.25,28.375,7.278398513793945,433300,ETR
1991-12-11,28.25,28.375,28.125,28.125,7.214271545410156,227400,ETR
1991-12-12,28.125,28.375,28.125,28.375,7.278398513793945,290700,ETR
1991-12-13,28.25,28.375,28.0,28.0,7.182206153869629,156700,ETR
1991-12-16,28.125,28.75,28.0,28.375,7.278398513793945,373000,ETR
1991-12-17,28.375,28.375,27.875,28.0,7.182206153869629,654800,ETR
1991-12-18,28.0,28.25,27.875,28.25,7.24633264541626,598700,ETR
1991-12-19,28.25,28.25,27.875,28.0,7.182206153869629,735700,ETR
1991-12-20,28.375,28.875,28.25,28.875,7.4066481590271,630800,ETR
1991-12-23,28.875,29.75,28.75,29.625,7.599029064178467,354800,ETR
1991-12-24,29.75,29.875,29.625,29.75,7.6310930252075195,302200,ETR
1991-12-26,29.75,29.75,29.375,29.625,7.599029064178467,280700,ETR
1991-12-27,29.625,29.625,29.375,29.625,7.599029064178467,216400,ETR
1991-12-30,29.625,29.625,29.25,29.5,7.566967964172363,350300,ETR
1991-12-31,29.375,29.75,29.375,29.625,7.599029064178467,217600,ETR
1992-01-02,29.5,29.625,28.875,29.0,7.438714504241943,259900,ETR
1992-01-03,28.75,29.25,28.375,29.25,7.502837657928467,420900,ETR
1992-01-06,29.25,29.625,29.25,29.375,7.534902572631836,730700,ETR
1992-01-07,29.375,29.5,29.25,29.5,7.566967964172363,152600,ETR
1992-01-08,29.375,29.5,29.25,29.375,7.534902572631836,283600,ETR
1992-01-09,29.5,29.5,29.0,29.125,7.470774173736572,206700,ETR
1992-01-10,29.125,29.125,28.5,28.75,7.3745880126953125,303600,ETR
1992-01-13,28.875,29.25,28.25,28.375,7.278398513793945,400800,ETR
1992-01-14,28.5,28.625,28.25,28.625,7.34252405166626,437800,ETR
1992-01-15,28.625,28.625,28.125,28.375,7.278398513793945,378900,ETR
1992-01-16,28.125,28.125,27.5,27.5,7.053950309753418,592200,ETR
1992-01-17,27.5,27.75,27.25,27.75,7.1180806159973145,1060700,ETR
1992-01-20,27.75,27.75,27.5,27.5,7.053950309753418,550000,ETR
1992-01-21,27.5,27.625,27.5,27.5,7.053950309753418,608800,ETR
1992-01-22,27.625,27.75,27.5,27.75,7.1180806159973145,562700,ETR
1992-01-23,27.75,27.75,27.5,27.75,7.1180806159973145,760600,ETR
1992-01-24,27.875,28.125,27.875,28.0,7.182206153869629,464100,ETR
1992-01-27,28.125,28.25,27.875,28.25,7.24633264541626,603800,ETR
1992-01-28,28.0,28.125,27.875,28.0,7.182206153869629,257700,ETR
1992-01-29,28.0,28.375,27.75,27.875,7.150142669677734,219100,ETR
1992-01-30,27.875,28.25,27.75,28.0,7.182206153869629,273800,ETR
1992-01-31,28.125,28.375,27.875,27.875,7.150142669677734,150200,ETR
1992-02-03,28.0,28.125,27.875,27.875,7.150142669677734,87300,ETR
1992-02-04,28.0,28.125,27.875,28.0,7.182206153869629,241700,ETR
1992-02-05,28.125,28.125,28.0,28.125,7.214271545410156,199500,ETR
1992-02-06,28.125,28.125,27.875,28.0,7.182206153869629,576200,ETR
1992-02-07,28.0,28.0,27.875,28.0,7.182206153869629,1395100,ETR
1992-02-10,27.75,27.75,27.5,27.625,7.1757097244262695,736400,ETR
1992-02-11,27.625,27.875,27.625,27.875,7.240650653839111,434900,ETR
1992-02-12,27.875,27.875,27.625,27.625,7.1757097244262695,306900,ETR
1992-02-13,27.625,27.75,27.375,27.5,7.1432414054870605,393800,ETR
1992-02-14,27.375,27.625,27.375,27.5,7.1432414054870605,76500,ETR
1992-02-18,27.75,27.875,27.625,27.875,7.240650653839111,342100,ETR
1992-02-19,27.875,27.875,27.25,27.5,7.1432414054870605,572700,ETR
1992-02-20,27.5,28.0,27.5,27.875,7.240650653839111,404200,ETR
1992-02-21,27.75,27.875,27.75,27.875,7.240650653839111,519000,ETR
1992-02-24,27.75,27.875,27.75,27.875,7.240650653839111,241700,ETR
1992-02-25,27.75,28.0,27.75,27.875,7.240650653839111,639900,ETR
1992-02-26,27.875,27.875,27.625,27.75,7.208181858062744,591900,ETR
1992-02-27,27.875,27.875,27.625,27.75,7.208181858062744,296000,ETR
1992-02-28,27.875,27.875,27.75,27.875,7.240650653839111,305500,ETR
1992-03-02,27.875,27.875,27.75,27.75,7.208181858062744,242300,ETR
1992-03-03,27.875,27.875,27.625,27.875,7.240650653839111,942300,ETR
1992-03-04,27.625,27.875,27.625,27.75,7.208181858062744,197500,ETR
1992-03-05,27.625,27.75,27.625,27.75,7.208181858062744,597900,ETR
1992-03-06,27.75,27.75,27.5,27.625,7.1757097244262695,298900,ETR
1992-03-09,27.75,27.75,27.625,27.75,7.208181858062744,247400,ETR
1992-03-10,27.75,28.25,27.75,28.125,7.305591583251953,216400,ETR
1992-03-11,28.0,28.125,27.875,28.125,7.305591583251953,264100,ETR
1992-03-12,28.0,28.125,27.875,28.125,7.305591583251953,266900,ETR
1992-03-13,28.125,28.125,27.875,27.875,7.240650653839111,171800,ETR
1992-03-16,28.0,28.125,27.875,28.0,7.273119926452637,141700,ETR
1992-03-17,28.125,28.25,28.0,28.125,7.305591583251953,214600,ETR
1992-03-18,28.125,28.125,27.875,28.0,7.273119926452637,286600,ETR
1992-03-19,28.125,28.125,27.875,28.125,7.305591583251953,195300,ETR
1992-03-20,28.0,28.125,27.875,28.125,7.305591583251953,390400,ETR
1992-03-23,28.125,28.375,28.0,28.25,7.3380584716796875,571200,ETR
1992-03-24,28.375,28.5,28.25,28.375,7.370529651641846,235600,ETR
1992-03-25,28.375,28.5,28.25,28.25,7.3380584716796875,297500,ETR
1992-03-26,28.125,28.25,27.875,28.0,7.273119926452637,638300,ETR
1992-03-27,28.0,28.0,27.5,27.625,7.1757097244262695,639900,ETR
1992-03-30,27.625,27.625,27.25,27.375,7.110772609710693,611800,ETR
1992-03-31,27.375,27.375,27.125,27.375,7.110772609710693,326500,ETR
1992-04-01,27.125,27.125,26.75,26.875,6.980892181396484,634000,ETR
1992-04-02,26.875,27.0,26.625,26.875,6.980892181396484,692300,ETR
1992-04-03,26.75,26.875,26.625,26.75,6.948423862457275,314600,ETR
1992-04-06,26.75,26.875,26.625,26.875,6.980892181396484,427600,ETR
1992-04-07,26.875,26.875,26.625,26.625,6.915958404541016,314000,ETR
1992-04-08,26.625,26.75,26.375,26.5,6.88348913192749,642900,ETR
1992-04-09,26.375,26.375,26.125,26.125,6.7860798835754395,626300,ETR
1992-04-10,26.375,26.5,26.25,26.25,6.818552017211914,485800,ETR
1992-04-13,26.375,26.5,26.125,26.5,6.88348913192749,594700,ETR
1992-04-14,26.5,27.0,26.5,26.875,6.980892181396484,1194000,ETR
1992-04-15,27.0,27.5,27.0,27.5,7.1432414054870605,840600,ETR
1992-04-16,27.5,28.0,27.375,28.0,7.273119926452637,698500,ETR
1992-04-20,27.875,28.0,27.375,27.5,7.1432414054870605,288100,ETR
1992-04-21,27.625,27.75,27.5,27.75,7.208181858062744,356000,ETR
1992-04-22,27.625,27.75,27.375,27.375,7.110772609710693,206500,ETR
1992-04-23,27.5,27.625,27.375,27.5,7.1432414054870605,278700,ETR
1992-04-24,27.625,27.625,27.25,27.25,7.078301906585693,150300,ETR
1992-04-27,27.375,27.375,27.25,27.375,7.110772609710693,266100,ETR
1992-04-28,27.375,27.5,27.25,27.25,7.078301906585693,1155900,ETR
1992-04-29,27.25,27.25,26.625,26.875,6.980892181396484,408100,ETR
1992-04-30,26.875,26.875,26.625,26.75,6.948423862457275,706700,ETR
1992-05-01,26.875,26.875,26.75,26.875,6.980892181396484,328300,ETR
1992-05-04,26.75,26.875,26.625,26.75,7.040109634399414,744500,ETR
1992-05-05,26.875,27.125,26.75,27.125,7.138804912567139,955900,ETR
1992-05-06,27.125,27.125,26.875,27.0,7.105905532836914,233300,ETR
1992-05-07,27.0,27.125,26.875,27.0,7.105905532836914,333800,ETR
1992-05-08,27.0,27.25,26.875,27.25,7.171700954437256,323300,ETR
1992-05-11,27.25,27.5,27.25,27.25,7.171700954437256,344800,ETR
1992-05-12,27.375,27.375,26.875,27.0,7.105905532836914,467800,ETR
1992-05-13,27.0,27.125,26.875,27.0,7.105905532836914,484100,ETR
1992-05-14,27.0,27.125,26.75,26.875,7.073005199432373,659700,ETR
1992-05-15,26.75,26.875,26.625,26.75,7.040109634399414,626800,ETR
1992-05-18,27.0,27.25,26.875,27.125,7.138804912567139,262200,ETR
1992-05-19,27.125,27.375,27.0,27.375,7.204599857330322,319500,ETR
1992-05-20,27.5,27.625,27.375,27.375,7.204599857330322,300800,ETR
1992-05-21,27.25,27.5,27.0,27.5,7.237496852874756,320300,ETR
1992-05-22,27.5,27.5,27.25,27.5,7.237496852874756,94600,ETR
1992-05-26,27.5,27.5,27.375,27.5,7.237496852874756,216300,ETR
1992-05-27,27.625,27.75,27.5,27.625,7.270394325256348,164600,ETR
1992-05-28,27.75,27.75,27.25,27.5,7.237496852874756,624900,ETR
1992-05-29,27.5,27.5,27.125,27.375,7.204599857330322,195000,ETR
1992-06-01,27.375,27.625,27.25,27.5,7.237496852874756,415000,ETR
1992-06-02,27.625,27.625,27.375,27.5,7.237496852874756,238900,ETR
1992-06-03,27.625,27.625,27.125,27.25,7.171700954437256,292800,ETR
1992-06-04,27.25,27.375,27.125,27.125,7.138804912567139,347000,ETR
1992-06-05,27.25,27.375,27.125,27.125,7.138804912567139,632200,ETR
1992-06-08,26.875,27.25,26.875,27.0,7.105905532836914,719300,ETR
1992-06-09,27.125,27.375,27.0,27.25,7.171700954437256,564700,ETR
1992-06-10,27.125,27.625,27.125,27.625,7.270394325256348,573400,ETR
1992-06-11,27.75,28.0,27.625,27.875,7.336192607879639,395000,ETR
1992-06-12,28.125,28.375,28.125,28.25,7.434883117675781,354800,ETR
1992-06-15,28.25,28.375,28.125,28.125,7.401989936828613,242300,ETR
1992-06-16,28.25,28.5,28.25,28.375,7.467783451080322,339700,ETR
1992-06-17,28.25,28.375,28.125,28.25,7.434883117675781,497500,ETR
1992-06-18,28.125,28.125,27.875,28.0,7.369089126586914,387200,ETR
1992-06-19,28.0,28.125,27.875,28.0,7.369089126586914,514800,ETR
1992-06-22,28.0,28.0,27.625,27.875,7.336192607879639,365800,ETR
1992-06-23,27.875,28.0,27.75,27.875,7.336192607879639,395600,ETR
1992-06-24,27.875,28.0,27.75,27.875,7.336192607879639,244300,ETR
1992-06-25,27.875,27.875,27.625,27.625,7.270394325256348,279600,ETR
1992-06-26,27.5,27.75,27.5,27.75,7.303294658660889,1245400,ETR
1992-06-29,27.875,28.125,27.875,27.875,7.336192607879639,425900,ETR
1992-06-30,28.0,28.25,27.875,28.25,7.434883117675781,324400,ETR
1992-07-01,28.25,28.875,28.25,28.875,7.599371910095215,806100,ETR
1992-07-02,28.875,29.375,28.875,29.25,7.698065280914307,578000,ETR
1992-07-06,29.25,29.375,29.0,29.25,7.698065280914307,301800,ETR
1992-07-07,29.5,29.875,29.5,29.5,7.763863563537598,581100,ETR
1992-07-08,29.375,29.875,29.375,29.875,7.862552165985107,441400,ETR
1992-07-09,29.875,30.125,29.875,30.0,7.895452499389648,354400,ETR
1992-07-10,30.0,30.0,29.4375,29.875,7.862552165985107,322800,ETR
1992-07-13,29.75,29.875,29.5,29.75,7.829657554626465,418300,ETR
1992-07-14,29.75,30.0,29.625,29.875,7.862552165985107,290400,ETR
1992-07-15,29.875,30.0,29.75,29.875,7.862552165985107,209000,ETR
1992-07-16,29.75,30.0,29.75,30.0,7.895452499389648,259700,ETR
1992-07-17,30.0,30.0,29.875,30.0,7.895452499389648,232500,ETR
1992-07-20,29.875,30.0,29.75,29.875,7.862552165985107,202100,ETR
1992-07-21,30.0,30.0,29.75,29.875,7.862552165985107,208900,ETR
1992-07-22,29.75,29.875,29.625,29.75,7.829657554626465,351100,ETR
1992-07-23,29.875,30.0,29.75,30.0,7.895452499389648,115200,ETR
1992-07-24,29.875,30.25,29.875,30.25,7.961248874664307,73000,ETR
1992-07-27,30.25,30.375,30.125,30.25,7.961248874664307,197900,ETR
1992-07-28,30.375,30.75,30.25,30.75,8.092838287353516,124400,ETR
1992-07-29,30.75,30.875,30.625,30.75,8.092838287353516,153000,ETR
1992-07-30,30.75,30.875,30.625,30.625,8.059934616088867,395200,ETR
1992-07-31,30.75,31.25,30.625,31.125,8.191530227661133,222600,ETR
1992-08-03,31.125,31.125,30.875,31.0,8.158635139465332,176500,ETR
1992-08-04,31.0,31.0,30.75,30.75,8.092838287353516,350700,ETR
1992-08-05,30.625,31.0,30.625,30.875,8.12573528289795,392800,ETR
1992-08-06,30.875,30.875,30.75,30.75,8.092838287353516,325400,ETR
1992-08-07,30.75,31.0,30.625,30.875,8.12573528289795,224500,ETR
1992-08-10,30.375,30.75,30.375,30.75,8.18563461303711,484600,ETR
1992-08-11,30.75,30.875,30.625,30.75,8.18563461303711,400400,ETR
1992-08-12,30.75,31.0,30.75,31.0,8.252181053161621,454700,ETR
1992-08-13,30.875,31.25,30.875,31.125,8.285456657409668,1013400,ETR
1992-08-14,31.0,31.125,30.875,30.875,8.218901634216309,723100,ETR
1992-08-17,31.0,31.25,30.875,31.25,8.318730354309082,310000,ETR
1992-08-18,31.25,31.5,31.125,31.125,8.285456657409668,203800,ETR
1992-08-19,31.125,31.375,31.125,31.375,8.352005958557129,185600,ETR
1992-08-20,31.25,31.375,31.125,31.25,8.318730354309082,121300,ETR
1992-08-21,31.375,31.5,31.25,31.375,8.352005958557129,273000,ETR
1992-08-24,31.25,31.375,30.625,30.75,8.18563461303711,251800,ETR
1992-08-25,30.75,31.0,30.75,31.0,8.252181053161621,224400,ETR
1992-08-26,31.0,31.375,30.875,31.375,8.352005958557129,135600,ETR
1992-08-27,31.25,31.375,30.875,31.125,8.285456657409668,247300,ETR
1992-08-28,31.125,31.25,30.875,31.125,8.285456657409668,214700,ETR
1992-08-31,31.0,31.25,30.75,31.25,8.318730354309082,668800,ETR
1992-09-01,31.125,31.5,31.125,31.5,8.385278701782227,389700,ETR
1992-09-02,31.625,31.625,31.375,31.5,8.385278701782227,244000,ETR
1992-09-03,31.5,31.5,31.125,31.25,8.318730354309082,193900,ETR
1992-09-04,31.25,31.375,31.125,31.125,8.285456657409668,313100,ETR
1992-09-08,31.125,31.125,30.5,30.625,8.152350425720215,1974900,ETR
1992-09-09,30.625,30.75,30.5,30.5,8.119080543518066,441800,ETR
1992-09-10,30.5,30.75,30.25,30.75,8.18563461303711,691500,ETR
1992-09-11,30.625,30.75,30.5,30.625,8.152350425720215,136400,ETR
1992-09-14,30.75,30.75,30.25,30.625,8.152350425720215,420100,ETR
1992-09-15,30.75,30.75,30.25,30.375,8.085806846618652,310000,ETR
1992-09-16,30.25,30.625,30.25,30.375,8.085806846618652,303100,ETR
1992-09-17,30.375,30.5,30.125,30.25,8.052531242370605,217800,ETR
1992-09-18,30.25,30.5,30.125,30.375,8.085806846618652,304100,ETR
1992-09-21,30.375,30.5,30.25,30.375,8.085806846618652,322900,ETR
1992-09-22,30.375,30.5,30.25,30.375,8.085806846618652,363200,ETR
1992-09-23,30.375,30.75,30.375,30.75,8.18563461303711,526100,ETR
1992-09-24,30.75,31.25,30.625,31.125,8.285456657409668,442200,ETR
1992-09-25,31.0,31.125,31.0,31.125,8.285456657409668,113000,ETR
1992-09-28,31.125,31.25,31.0,31.125,8.285456657409668,296800,ETR
1992-09-29,31.125,31.5,31.125,31.5,8.385278701782227,437100,ETR
1992-09-30,31.375,31.875,31.375,31.875,8.485103607177734,322100,ETR
1992-10-01,31.875,31.875,31.375,31.625,8.418556213378906,540400,ETR
1992-10-02,31.625,31.625,31.25,31.375,8.352005958557129,225800,ETR
1992-10-05,31.375,31.375,30.875,31.25,8.318730354309082,334400,ETR
1992-10-06,31.375,31.375,30.875,30.875,8.218901634216309,368000,ETR
1992-10-07,30.875,31.0,30.5,30.5,8.119080543518066,243800,ETR
1992-10-08,30.625,31.125,30.625,31.125,8.285456657409668,156700,ETR
1992-10-09,30.875,31.125,30.75,30.875,8.218901634216309,144300,ETR
1992-10-12,31.0,31.25,31.0,31.25,8.318730354309082,126900,ETR
1992-10-13,31.125,31.375,31.125,31.25,8.318730354309082,178700,ETR
1992-10-14,31.375,31.375,31.0,31.125,8.285456657409668,190400,ETR
1992-10-15,31.0,31.375,31.0,31.125,8.285456657409668,168200,ETR
1992-10-16,31.25,31.5,31.25,31.5,8.385278701782227,386300,ETR
1992-10-19,31.5,31.875,31.5,31.75,8.451831817626953,213600,ETR
1992-10-20,31.875,31.875,31.5,31.5,8.385278701782227,377300,ETR
1992-10-21,31.625,31.75,31.5,31.625,8.418556213378906,259700,ETR
1992-10-22,31.5,31.875,31.5,31.75,8.451831817626953,322100,ETR
1992-10-23,31.625,31.875,31.625,31.875,8.485103607177734,79200,ETR
1992-10-26,31.875,31.875,31.625,31.875,8.485103607177734,118000,ETR
1992-10-27,31.875,31.875,31.625,31.75,8.451831817626953,227400,ETR
1992-10-28,31.625,31.75,31.625,31.75,8.451831817626953,98100,ETR
1992-10-29,31.75,32.25,31.625,32.25,8.584932327270508,352600,ETR
1992-10-30,32.25,32.25,32.0,32.125,8.551654815673828,459500,ETR
1992-11-02,31.75,31.75,31.375,31.375,8.457310676574707,898400,ETR
1992-11-03,31.5,31.5,31.125,31.25,8.423616409301758,830600,ETR
1992-11-04,31.125,31.125,30.875,30.875,8.322527885437012,209900,ETR
1992-11-05,30.875,30.875,30.625,30.875,8.322527885437012,209200,ETR
1992-11-06,30.875,31.0,30.75,31.0,8.356226921081543,101400,ETR
1992-11-09,31.0,31.25,30.875,31.0,8.356226921081543,272400,ETR
1992-11-10,31.0,31.0,30.5,30.5,8.22144889831543,229000,ETR
1992-11-11,30.5,31.125,30.5,31.125,8.389922142028809,160600,ETR
1992-11-12,31.125,31.375,31.0,31.375,8.457310676574707,95800,ETR
1992-11-13,31.375,31.375,31.125,31.375,8.457310676574707,139800,ETR
1992-11-16,31.25,31.375,31.125,31.25,8.423616409301758,74400,ETR
1992-11-17,31.25,31.375,31.0,31.25,8.423616409301758,162300,ETR
1992-11-18,31.125,31.625,31.125,31.5,8.49100399017334,143900,ETR
1992-11-19,31.5,31.75,31.5,31.75,8.558395385742188,209100,ETR
1992-11-20,31.875,32.125,31.625,32.125,8.659477233886719,195800,ETR
1992-11-23,32.125,32.125,31.75,32.0,8.625785827636719,202400,ETR
1992-11-24,31.875,32.125,31.75,32.0,8.625785827636719,206700,ETR
1992-11-25,32.0,32.25,32.0,32.25,8.693174362182617,294000,ETR
1992-11-27,32.25,32.25,32.125,32.25,8.693174362182617,89200,ETR
1992-11-30,32.25,32.25,32.0,32.25,8.693174362182617,215400,ETR
1992-12-01,32.125,32.25,32.125,32.25,8.693174362182617,327300,ETR
1992-12-02,32.375,32.375,32.0,32.0,8.625785827636719,298100,ETR
1992-12-03,32.125,32.125,31.75,31.75,8.558395385742188,142500,ETR
1992-12-04,31.75,31.875,31.625,31.75,8.558395385742188,447700,ETR
1992-12-07,31.875,31.875,31.625,31.75,8.558395385742188,239400,ETR
1992-12-08,31.75,31.75,31.625,31.75,8.558395385742188,310700,ETR
1992-12-09,31.75,31.75,31.5,31.625,8.524700164794922,204400,ETR
1992-12-10,31.625,31.625,31.5,31.625,8.524700164794922,403000,ETR
1992-12-11,31.625,32.25,31.625,32.25,8.693174362182617,266600,ETR
1992-12-14,32.125,32.375,32.0,32.25,8.693174362182617,371200,ETR
1992-12-15,32.25,32.25,31.75,31.875,8.592085838317871,274000,ETR
1992-12-16,32.0,32.125,31.875,32.125,8.659477233886719,330100,ETR
1992-12-17,32.125,32.625,32.0,32.375,8.72686767578125,304800,ETR
1992-12-18,32.5,32.875,32.375,32.875,8.861644744873047,924900,ETR
1992-12-21,32.875,33.125,32.75,33.0,8.895337104797363,242400,ETR
1992-12-22,32.875,32.875,32.625,32.875,8.861644744873047,480300,ETR
1992-12-23,32.875,33.0,32.875,32.875,8.861644744873047,284000,ETR
1992-12-24,32.75,32.875,32.625,32.875,8.861644744873047,185500,ETR
1992-12-28,32.875,33.0,32.75,32.875,8.861644744873047,156500,ETR
1992-12-29,32.875,33.625,32.875,33.375,8.99642276763916,475000,ETR
1992-12-30,33.25,33.25,33.0,33.125,8.92902946472168,166300,ETR
1992-12-31,33.0,33.125,32.875,33.0,8.895337104797363,187800,ETR
1993-01-04,33.0,33.125,32.625,33.0,8.895337104797363,420200,ETR
1993-01-05,33.0,33.0,32.875,33.0,8.895337104797363,157100,ETR
1993-01-06,32.875,33.0,32.75,33.0,8.895337104797363,511500,ETR
1993-01-07,33.0,33.0,32.5,32.625,8.794256210327148,434900,ETR
1993-01-08,32.625,32.625,32.5,32.5,8.760558128356934,159600,ETR
1993-01-11,32.625,33.125,32.625,33.125,8.92902946472168,357000,ETR
1993-01-12,33.125,33.375,33.125,33.25,8.962727546691895,342900,ETR
1993-01-13,33.125,33.625,33.125,33.625,9.063815116882324,201000,ETR
1993-01-14,33.625,34.125,33.5,34.125,9.198585510253906,472500,ETR
1993-01-15,34.125,34.125,33.625,33.875,9.131197929382324,335300,ETR
1993-01-18,33.875,34.0,33.75,34.0,9.16489028930664,178200,ETR
1993-01-19,34.0,34.125,33.75,33.875,9.131197929382324,115100,ETR
1993-01-20,34.0,34.0,33.625,33.625,9.063815116882324,354500,ETR
1993-01-21,33.75,34.0,33.625,34.0,9.16489028930664,535600,ETR
1993-01-22,34.125,34.375,34.125,34.25,9.232284545898438,234000,ETR
1993-01-25,34.125,34.375,34.125,34.25,9.232284545898438,600500,ETR
1993-01-26,34.25,34.25,34.0,34.125,9.198585510253906,250800,ETR
1993-01-27,34.125,34.5,34.125,34.375,9.265974998474121,451200,ETR
1993-01-28,34.25,34.5,34.25,34.375,9.265974998474121,105400,ETR
1993-01-29,34.375,34.75,34.25,34.75,9.367058753967285,207400,ETR
1993-02-01,34.625,34.75,34.5,34.75,9.367058753967285,513800,ETR
1993-02-02,34.625,35.125,34.5,35.125,9.468149185180664,239600,ETR
1993-02-03,35.125,35.625,35.0,35.625,9.602922439575195,412400,ETR
1993-02-04,35.75,36.5,35.75,36.125,9.737703323364258,516600,ETR
1993-02-05,35.5,35.5,35.0,35.25,9.608226776123047,791700,ETR
1993-02-08,35.375,35.5,34.875,34.875,9.506012916564941,632000,ETR
1993-02-09,34.875,35.0,34.5,34.875,9.506012916564941,119900,ETR
1993-02-10,34.75,34.75,34.25,34.5,9.403801918029785,168400,ETR
1993-02-11,34.625,34.75,34.5,34.75,9.471940994262695,134700,ETR
1993-02-12,34.75,34.75,34.375,34.5,9.403801918029785,218600,ETR
1993-02-16,34.5,34.875,34.125,34.125,9.301578521728516,645000,ETR
1993-02-17,34.125,35.125,34.125,34.875,9.506012916564941,255500,ETR
1993-02-18,35.25,35.5,35.0,35.375,9.642298698425293,214900,ETR
1993-02-19,35.375,35.5,34.875,35.5,9.676376342773438,434500,ETR
1993-02-22,35.375,36.25,35.375,36.125,9.846733093261719,202800,ETR
1993-02-23,36.0,36.25,35.75,36.125,9.846733093261719,176500,ETR
1993-02-24,36.0,36.125,35.625,35.75,9.744516372680664,166100,ETR
1993-02-25,35.75,35.75,35.375,35.5,9.676376342773438,237500,ETR
1993-02-26,35.625,36.25,35.5,36.125,9.846733093261719,180500,ETR
1993-03-01,36.125,36.25,35.5,36.0,9.81265640258789,324200,ETR
1993-03-02,36.375,36.375,35.875,36.0,9.81265640258789,218300,ETR
1993-03-03,36.0,36.25,35.875,36.25,9.880806922912598,239800,ETR
1993-03-04,36.25,36.375,36.125,36.125,9.846733093261719,335700,ETR
1993-03-05,36.125,36.25,35.5,35.75,9.744516372680664,302300,ETR
1993-03-08,35.625,35.75,35.375,35.625,9.710442543029785,265200,ETR
1993-03-09,35.5,35.5,35.0,35.125,9.574159622192383,314200,ETR
1993-03-10,35.125,35.375,34.75,35.375,9.642298698425293,416300,ETR
1993-03-11,35.125,35.625,35.125,35.375,9.642298698425293,275200,ETR
1993-03-12,35.125,35.25,35.0,35.0,9.540082931518555,283900,ETR
1993-03-15,35.125,35.125,34.875,35.125,9.574159622192383,183300,ETR
1993-03-16,35.125,35.5,35.125,35.375,9.642298698425293,77400,ETR
1993-03-17,35.25,35.375,35.0,35.125,9.574159622192383,142200,ETR
1993-03-18,35.125,35.125,35.0,35.0,9.540082931518555,160100,ETR
1993-03-19,35.125,35.125,34.875,35.0,9.540082931518555,358200,ETR
1993-03-22,35.0,35.125,34.625,34.625,9.4378662109375,252700,ETR
1993-03-23,34.625,35.5,34.625,35.25,9.608226776123047,309200,ETR
1993-03-24,35.125,35.75,35.125,35.625,9.710442543029785,570900,ETR
1993-03-25,35.5,35.625,35.375,35.5,9.676376342773438,404100,ETR
1993-03-26,35.625,35.875,35.5,35.875,9.778585433959961,208700,ETR
1993-03-29,35.875,35.875,35.75,35.75,9.744516372680664,167700,ETR
1993-03-30,35.75,35.875,35.625,35.75,9.744516372680664,403400,ETR
1993-03-31,35.625,35.75,35.25,35.375,9.642298698425293,321800,ETR
1993-04-01,35.375,35.5,35.25,35.5,9.676376342773438,197000,ETR
1993-04-02,35.5,35.5,35.125,35.375,9.642298698425293,149100,ETR
1993-04-05,35.5,35.5,35.25,35.375,9.642298698425293,163800,ETR
1993-04-06,35.5,35.875,35.5,35.875,9.778585433959961,195800,ETR
1993-04-07,35.875,36.125,35.75,36.0,9.81265640258789,183100,ETR
1993-04-08,36.125,36.5,36.0,36.375,9.91486930847168,113900,ETR
1993-04-12,36.375,37.125,36.375,37.0,10.085226058959961,286200,ETR
1993-04-13,36.75,37.25,36.75,37.0,10.085226058959961,352200,ETR
1993-04-14,37.25,37.5,37.125,37.375,10.18744945526123,168300,ETR
1993-04-15,37.125,37.375,37.0,37.25,10.153375625610352,239300,ETR
1993-04-16,37.375,38.25,37.125,38.0,10.357805252075195,461900,ETR
1993-04-19,38.0,38.0,37.125,37.5,10.221519470214844,319900,ETR
1993-04-20,37.25,37.375,36.25,36.25,9.880806922912598,418300,ETR
1993-04-21,36.25,37.125,36.25,36.625,9.983019828796387,671200,ETR
1993-04-22,36.625,36.75,36.25,36.5,9.948945999145508,272700,ETR
1993-04-23,36.5,36.625,36.25,36.25,9.880806922912598,227100,ETR
1993-04-26,36.375,36.375,35.875,36.25,9.880806922912598,778800,ETR
1993-04-27,36.25,36.375,35.875,36.125,9.846733093261719,237600,ETR
1993-04-28,36.0,36.0,35.625,35.875,9.778585433959961,249600,ETR
1993-04-29,35.75,35.75,35.125,35.5,9.676376342773438,768800,ETR
1993-04-30,35.5,35.625,35.375,35.5,9.676376342773438,170200,ETR
1993-05-03,35.0,35.125,34.5,35.0,9.648802757263184,402600,ETR
1993-05-04,35.125,35.375,34.875,35.375,9.752179145812988,204000,ETR
1993-05-05,35.375,35.5,34.875,35.125,9.683267593383789,536100,ETR
1993-05-06,34.875,34.875,34.5,34.875,9.614341735839844,413000,ETR
1993-05-07,34.875,34.875,34.375,34.5,9.510964393615723,290300,ETR
1993-05-10,34.5,34.625,34.375,34.5,9.510964393615723,276100,ETR
1993-05-11,34.5,34.75,34.5,34.625,9.545425415039062,129800,ETR
1993-05-12,34.625,34.625,34.125,34.375,9.47650146484375,139100,ETR
1993-05-13,34.375,34.375,33.375,33.375,9.200821876525879,271200,ETR
1993-05-14,33.375,33.75,33.375,33.5,9.235289573669434,255800,ETR
1993-05-17,33.625,33.625,33.25,33.625,9.269743919372559,166600,ETR
1993-05-18,33.625,34.0,33.375,33.5,9.235289573669434,418600,ETR
1993-05-19,33.5,34.25,33.25,34.25,9.442045211791992,426200,ETR
1993-05-20,34.375,34.625,34.125,34.5,9.510964393615723,274500,ETR
1993-05-21,34.375,34.625,34.25,34.375,9.47650146484375,337400,ETR
1993-05-24,34.375,34.625,34.25,34.5,9.510964393615723,258800,ETR
1993-05-25,34.625,34.75,34.375,34.5,9.510964393615723,406800,ETR
1993-05-26,34.5,34.875,34.375,34.875,9.614341735839844,677000,ETR
1993-05-27,34.75,34.875,34.5,34.625,9.545425415039062,152400,ETR
1993-05-28,34.625,34.75,34.5,34.625,9.545425415039062,195900,ETR
1993-06-01,34.625,34.875,34.5,34.75,9.579880714416504,1034200,ETR
1993-06-02,34.875,35.0,34.625,35.0,9.648802757263184,547000,ETR
1993-06-03,34.875,35.0,34.75,35.0,9.648802757263184,201600,ETR
1993-06-04,35.0,35.0,34.75,34.875,9.614341735839844,184000,ETR
1993-06-07,34.875,34.875,34.5,34.75,9.579880714416504,149400,ETR
1993-06-08,34.75,34.75,34.5,34.625,9.545425415039062,184100,ETR
1993-06-09,34.625,34.625,34.5,34.625,9.545425415039062,130700,ETR
1993-06-10,34.625,34.75,34.375,34.5,9.510964393615723,513200,ETR
1993-06-11,34.5,34.75,34.5,34.625,9.545425415039062,164600,ETR
1993-06-14,34.625,34.75,34.375,34.5,9.510964393615723,279400,ETR
1993-06-15,34.625,34.625,34.375,34.5,9.510964393615723,120700,ETR
1993-06-16,34.5,34.5,34.375,34.5,9.510964393615723,97700,ETR
1993-06-17,34.5,34.625,34.375,34.5,9.510964393615723,178500,ETR
1993-06-18,34.375,34.625,34.125,34.125,9.407580375671387,488000,ETR
1993-06-21,34.375,34.625,34.375,34.625,9.545425415039062,376500,ETR
1993-06-22,34.625,35.0,34.625,34.875,9.614341735839844,295600,ETR
1993-06-23,35.0,35.25,34.75,35.25,9.717726707458496,380100,ETR
1993-06-24,35.25,36.0,35.25,35.75,9.855565071105957,206600,ETR
1993-06-25,36.0,36.0,35.75,35.875,9.890027046203613,185500,ETR
1993-06-28,35.875,36.375,35.875,36.375,10.027861595153809,214400,ETR
1993-06-29,36.375,36.5,36.25,36.5,10.062320709228516,151400,ETR
1993-06-30,36.625,36.625,36.25,36.25,9.993403434753418,260200,ETR
1993-07-01,36.375,36.625,36.25,36.5,10.062320709228516,443400,ETR
1993-07-02,36.5,36.875,36.375,36.625,10.096785545349121,105400,ETR
1993-07-06,36.5,36.75,36.5,36.5,10.062320709228516,105300,ETR
1993-07-07,36.625,36.75,36.5,36.75,10.131240844726562,116900,ETR
1993-07-08,36.625,37.125,36.5,37.125,10.234621047973633,141100,ETR
1993-07-09,37.0,37.25,36.75,37.25,10.269078254699707,277000,ETR
1993-07-12,37.125,37.625,37.0,37.625,10.372465133666992,130200,ETR
1993-07-13,37.625,37.625,37.375,37.375,10.30354118347168,219600,ETR
1993-07-14,37.5,37.625,37.375,37.5,10.338005065917969,289400,ETR
1993-07-15,37.5,37.5,37.125,37.25,10.269078254699707,186900,ETR
1993-07-16,37.125,37.375,37.125,37.125,10.234621047973633,208700,ETR
1993-07-19,37.125,37.25,37.0,37.0,10.20016098022461,160700,ETR
1993-07-20,37.125,37.125,36.75,36.75,10.131240844726562,123600,ETR
1993-07-21,36.875,37.375,36.875,37.375,10.30354118347168,500400,ETR
1993-07-22,37.375,37.5,37.25,37.375,10.30354118347168,148700,ETR
1993-07-23,37.5,37.5,37.375,37.5,10.338005065917969,146900,ETR
1993-07-26,37.5,37.5,37.25,37.375,10.30354118347168,272600,ETR
1993-07-27,37.25,37.375,37.125,37.125,10.234621047973633,152300,ETR
1993-07-28,37.25,37.25,36.875,37.0,10.20016098022461,164300,ETR
1993-07-29,37.0,37.375,36.875,37.25,10.269078254699707,275400,ETR
1993-07-30,37.375,37.375,37.125,37.125,10.234621047973633,215600,ETR
1993-08-02,37.25,38.25,37.125,38.25,10.54476261138916,294800,ETR
1993-08-03,38.0,38.125,37.625,38.0,10.47584342956543,283300,ETR
1993-08-04,38.0,38.0,37.875,37.875,10.441384315490723,128100,ETR
1993-08-05,37.875,38.5,37.875,38.375,10.579221725463867,154300,ETR
1993-08-06,38.375,38.375,38.0,38.125,10.510309219360352,117200,ETR
1993-08-09,37.5,38.0,37.5,37.875,10.552094459533691,480700,ETR
1993-08-10,37.875,38.0,37.75,38.0,10.586920738220215,117500,ETR
1993-08-11,37.875,38.25,37.875,38.25,10.656571388244629,372200,ETR
1993-08-12,38.375,38.5,38.25,38.25,10.656571388244629,398600,ETR
1993-08-13,38.5,38.5,38.25,38.375,10.691390991210938,101100,ETR
1993-08-16,38.375,38.75,38.375,38.5,10.726216316223145,139700,ETR
1993-08-17,38.5,38.75,38.5,38.5,10.726216316223145,157400,ETR
1993-08-18,38.5,38.5,38.125,38.125,10.621746063232422,94500,ETR
1993-08-19,38.125,38.5,38.0,38.5,10.726216316223145,130400,ETR
1993-08-20,38.5,38.75,38.25,38.75,10.795872688293457,319600,ETR
1993-08-23,38.625,38.75,38.5,38.625,10.761048316955566,134300,ETR
1993-08-24,38.625,38.625,38.5,38.5,10.726216316223145,114600,ETR
1993-08-25,38.625,38.875,38.5,38.75,10.795872688293457,177100,ETR
1993-08-26,38.75,39.0,38.625,38.875,10.830696105957031,199600,ETR
1993-08-27,38.875,39.0,38.75,38.875,10.830696105957031,116400,ETR
1993-08-30,39.0,39.25,38.875,39.25,10.935173034667969,131800,ETR
1993-08-31,39.125,39.625,39.0,39.625,11.039649963378906,132500,ETR
1993-09-01,39.5,39.75,39.25,39.75,11.07447624206543,274400,ETR
1993-09-02,39.75,39.75,39.375,39.5,11.004825592041016,173800,ETR
1993-09-03,39.5,39.5,39.25,39.375,10.969995498657227,142400,ETR
1993-09-07,39.5,39.5,39.25,39.375,10.969995498657227,126600,ETR
1993-09-08,39.375,39.5,39.25,39.5,11.004825592041016,134300,ETR
1993-09-09,39.0,39.25,39.0,39.0,10.865525245666504,200300,ETR
1993-09-10,39.125,39.375,39.0,39.25,10.935173034667969,121100,ETR
1993-09-13,39.375,39.375,39.125,39.375,10.969995498657227,128000,ETR
1993-09-14,39.125,39.25,39.0,39.125,10.900351524353027,172600,ETR
1993-09-15,39.125,39.25,38.875,39.25,10.935173034667969,381300,ETR
1993-09-16,39.125,39.25,39.0,39.125,10.900351524353027,252000,ETR
1993-09-17,39.0,39.875,39.0,39.75,11.07447624206543,756300,ETR
1993-09-20,39.625,39.625,39.125,39.125,10.900351524353027,416800,ETR
1993-09-21,39.0,39.125,38.375,38.5,10.726216316223145,275800,ETR
1993-09-22,38.75,39.125,38.75,39.125,10.900351524353027,195900,ETR
1993-09-23,39.0,39.125,38.875,38.875,10.830696105957031,125200,ETR
1993-09-24,38.875,39.25,38.875,39.0,10.865525245666504,256200,ETR
1993-09-27,39.25,39.375,39.125,39.375,10.969995498657227,395100,ETR
1993-09-28,39.375,39.375,39.125,39.25,10.935173034667969,125500,ETR
1993-09-29,39.25,39.5,38.875,38.875,10.830696105957031,411800,ETR
1993-09-30,38.875,39.0,38.625,38.75,10.795872688293457,171700,ETR
1993-10-01,38.875,39.125,38.75,39.125,10.900351524353027,134200,ETR
1993-10-04,39.125,39.25,38.875,39.0,10.865525245666504,190700,ETR
1993-10-05,39.0,39.0,38.625,38.75,10.795872688293457,226500,ETR
1993-10-06,38.875,39.125,38.625,39.125,10.900351524353027,244200,ETR
1993-10-07,39.125,39.125,38.25,38.5,10.726216316223145,652400,ETR
1993-10-08,38.625,38.625,38.125,38.375,10.691390991210938,313000,ETR
1993-10-11,38.375,38.5,38.25,38.25,10.656571388244629,76100,ETR
1993-10-12,38.5,38.5,38.25,38.375,10.691390991210938,309600,ETR
1993-10-13,38.375,38.75,38.375,38.75,10.795872688293457,342500,ETR
1993-10-14,38.75,39.0,38.625,39.0,10.865525245666504,211200,ETR
1993-10-15,39.0,39.0,38.875,39.0,10.865525245666504,360100,ETR
1993-10-18,39.0,39.0,38.75,38.875,10.830696105957031,382700,ETR
1993-10-19,38.875,38.875,38.5,38.75,10.795872688293457,360200,ETR
1993-10-20,38.625,38.875,38.5,38.5,10.726216316223145,165700,ETR
1993-10-21,38.5,39.0,38.5,39.0,10.865525245666504,278300,ETR
1993-10-22,39.125,39.125,38.625,38.75,10.795872688293457,178200,ETR
1993-10-25,38.625,38.75,38.125,38.375,10.691390991210938,141900,ETR
1993-10-26,38.375,38.625,38.25,38.375,10.691390991210938,277800,ETR
1993-10-27,38.625,38.75,38.5,38.625,10.761048316955566,421200,ETR
1993-10-28,38.625,38.75,38.5,38.5,10.726216316223145,336700,ETR
1993-10-29,38.5,39.125,38.5,39.0,10.865525245666504,189600,ETR
1993-11-01,38.875,39.0,38.375,38.5,10.726216316223145,489600,ETR
1993-11-02,38.5,38.5,37.75,37.75,10.517267227172852,211800,ETR
1993-11-03,37.375,37.375,36.25,36.375,10.256448745727539,408400,ETR
1993-11-04,36.375,36.625,36.0,36.0,10.150713920593262,1147000,ETR
1993-11-05,35.625,36.375,35.25,36.125,10.185958862304688,494700,ETR
1993-11-08,36.25,36.625,36.25,36.5,10.291696548461914,581700,ETR
1993-11-09,36.75,36.75,36.375,36.625,10.326942443847656,368000,ETR
1993-11-10,36.5,36.75,36.375,36.375,10.256448745727539,716800,ETR
1993-11-11,36.5,36.75,36.5,36.75,10.362184524536133,333500,ETR
1993-11-12,36.875,37.125,36.75,36.875,10.397432327270508,609500,ETR
1993-11-15,36.75,36.875,36.25,36.25,10.221202850341797,463200,ETR
1993-11-16,36.375,36.875,36.375,36.75,10.362184524536133,439200,ETR
1993-11-17,36.75,37.125,36.75,36.875,10.397432327270508,427800,ETR
1993-11-18,36.75,37.25,36.75,37.25,10.503172874450684,371200,ETR
1993-11-19,37.25,37.25,37.0,37.125,10.467928886413574,410200,ETR
1993-11-22,37.0,37.375,37.0,37.375,10.538413047790527,336300,ETR
1993-11-23,37.375,37.5,37.375,37.375,10.538413047790527,453500,ETR
1993-11-24,37.5,37.5,37.25,37.25,10.503172874450684,74500,ETR
1993-11-26,37.375,37.375,37.25,37.25,10.503172874450684,32300,ETR
1993-11-29,37.375,37.375,37.0,37.0,10.432680130004883,348600,ETR
1993-11-30,37.0,37.0,36.75,36.875,10.397432327270508,503200,ETR
1993-12-01,37.0,37.125,36.875,37.0,10.432680130004883,607800,ETR
1993-12-02,37.0,37.0,36.875,36.875,10.397432327270508,278700,ETR
1993-12-03,36.875,36.875,36.25,36.375,10.256448745727539,515400,ETR
1993-12-06,36.25,36.375,36.125,36.25,10.221202850341797,502000,ETR
1993-12-07,36.25,36.25,36.0,36.125,10.185958862304688,1809300,ETR
1993-12-08,36.125,36.125,35.875,36.0,10.150713920593262,1819400,ETR
1993-12-09,36.0,36.125,35.875,36.0,10.150713920593262,529100,ETR
1993-12-10,36.0,36.0,35.75,35.875,10.115471839904785,461700,ETR
1993-12-13,35.875,35.875,35.375,35.5,10.009729385375977,556400,ETR
1993-12-14,35.375,35.5,35.375,35.5,10.009729385375977,450500,ETR
1993-12-15,35.375,35.5,35.125,35.125,9.9039945602417,746300,ETR
1993-12-16,35.125,35.875,35.125,35.875,10.115471839904785,1043700,ETR
1993-12-17,35.75,35.875,35.625,35.75,10.080225944519043,613800,ETR
1993-12-20,35.625,35.75,35.5,35.625,10.044977188110352,732900,ETR
1993-12-21,35.625,35.625,35.25,35.375,9.9744873046875,293300,ETR
1993-12-22,35.375,35.375,35.25,35.375,9.9744873046875,753900,ETR
1993-12-23,35.25,35.875,35.25,35.875,10.115471839904785,1591800,ETR
1993-12-27,35.875,36.0,35.75,36.0,10.150713920593262,1020700,ETR
1993-12-28,36.0,36.25,35.875,36.25,10.221202850341797,696900,ETR
1993-12-29,36.25,36.25,36.125,36.25,10.221202850341797,679400,ETR
1993-12-30,36.125,36.125,35.75,35.875,10.115471839904785,847900,ETR
1993-12-31,35.625,36.125,35.625,36.0,10.150713920593262,1605700,ETR
1994-01-03,35.75,35.875,35.625,35.75,10.080225944519043,837400,ETR
1994-01-04,35.75,35.75,35.5,35.625,10.044977188110352,885400,ETR
1994-01-05,35.625,35.625,35.25,35.5,10.009729385375977,476500,ETR
1994-01-06,35.5,35.75,35.5,35.75,10.080225944519043,1102400,ETR
1994-01-07,35.75,36.125,35.75,36.125,10.185958862304688,1607000,ETR
1994-01-10,36.125,36.25,35.875,36.25,10.221202850341797,766600,ETR
1994-01-11,36.25,36.25,36.0,36.25,10.221202850341797,487300,ETR
1994-01-12,36.25,36.375,35.875,36.25,10.221202850341797,512100,ETR
1994-01-13,36.25,36.375,36.125,36.25,10.221202850341797,456400,ETR
1994-01-14,36.25,36.625,36.125,36.625,10.326942443847656,689100,ETR
1994-01-17,36.625,36.875,36.5,36.5,10.291696548461914,439200,ETR
1994-01-18,36.375,36.5,36.125,36.375,10.256448745727539,498200,ETR
1994-01-19,36.375,36.375,35.75,35.875,10.115471839904785,1471500,ETR
1994-01-20,35.875,36.0,35.75,36.0,10.150713920593262,789900,ETR
1994-01-21,36.0,36.25,36.0,36.25,10.221202850341797,618700,ETR
1994-01-24,36.25,36.375,35.875,35.875,10.115471839904785,699200,ETR
1994-01-25,35.875,36.25,35.75,36.125,10.185958862304688,1071100,ETR
1994-01-26,36.25,36.625,36.25,36.625,10.326942443847656,434400,ETR
1994-01-27,36.625,37.25,36.5,37.0,10.432680130004883,634100,ETR
1994-01-28,37.0,37.125,36.75,36.875,10.397432327270508,605800,ETR
1994-01-31,37.0,37.25,37.0,37.25,10.503172874450684,305700,ETR
1994-02-01,37.125,37.25,37.0,37.25,10.503172874450684,654100,ETR
1994-02-02,37.25,37.375,37.125,37.125,10.467928886413574,304700,ETR
1994-02-03,37.125,37.25,36.625,36.625,10.326942443847656,431600,ETR
1994-02-04,36.125,36.125,35.625,35.625,10.16993236541748,824700,ETR
1994-02-07,35.5,35.875,35.375,35.625,10.16993236541748,474800,ETR
1994-02-08,35.625,36.375,35.25,36.0,10.276985168457031,829500,ETR
1994-02-09,36.25,36.25,35.75,36.0,10.276985168457031,1541100,ETR
1994-02-10,35.875,36.0,35.25,35.25,10.062880516052246,698800,ETR
1994-02-11,35.25,35.375,35.125,35.25,10.062880516052246,122100,ETR
1994-02-14,35.25,35.25,34.75,34.875,9.955831527709961,481800,ETR
1994-02-15,35.0,35.125,34.625,34.625,9.88446044921875,489100,ETR
1994-02-16,34.625,34.75,33.375,33.875,9.670355796813965,1250400,ETR
1994-02-17,34.375,34.375,33.75,33.75,9.634669303894043,915300,ETR
1994-02-18,33.875,34.125,33.875,33.875,9.670355796813965,762800,ETR
1994-02-22,33.875,34.375,33.375,33.875,9.670355796813965,723800,ETR
1994-02-23,33.75,34.0,33.625,33.75,9.634669303894043,647100,ETR
1994-02-24,33.875,33.875,33.0,33.125,9.456250190734863,455000,ETR
1994-02-25,33.25,33.25,32.5,33.0,9.42056941986084,508400,ETR
1994-02-28,33.0,33.375,33.0,33.25,9.491933822631836,597100,ETR
1994-03-01,33.125,33.125,32.5,32.75,9.349199295043945,673500,ETR
1994-03-02,32.625,33.125,32.5,32.875,9.384882926940918,595200,ETR
1994-03-03,32.875,33.625,32.625,33.375,9.527620315551758,1181800,ETR
1994-03-04,33.25,33.625,33.0,33.375,9.527620315551758,599500,ETR
1994-03-07,33.625,33.625,33.375,33.5,9.563304901123047,646400,ETR
1994-03-08,33.5,33.625,33.375,33.625,9.598989486694336,618700,ETR
1994-03-09,33.5,33.625,33.375,33.375,9.527620315551758,665000,ETR
1994-03-10,33.375,33.5,33.0,33.125,9.456250190734863,353300,ETR
1994-03-11,33.125,33.375,33.125,33.125,9.456250190734863,251200,ETR
1994-03-14,33.125,33.125,32.5,32.5,9.277833938598633,474600,ETR
1994-03-15,32.625,32.625,31.375,31.875,9.099413871765137,753400,ETR
1994-03-16,31.875,32.375,31.5,32.25,9.206463813781738,595700,ETR
1994-03-17,32.375,32.625,32.25,32.625,9.313515663146973,782100,ETR
1994-03-18,32.625,32.625,32.125,32.25,9.206463813781738,1242300,ETR
1994-03-21,32.125,32.375,31.875,32.375,9.242151260375977,304300,ETR
1994-03-22,32.25,32.875,32.25,32.875,9.384882926940918,329300,ETR
1994-03-23,32.75,32.75,32.125,32.25,9.206463813781738,448500,ETR
1994-03-24,32.0,32.125,31.125,31.5,8.992359161376953,466000,ETR
1994-03-25,31.5,32.375,31.25,32.0,9.135092735290527,430800,ETR
1994-03-28,32.0,32.875,32.0,32.875,9.384882926940918,563900,ETR
1994-03-29,32.625,32.75,32.125,32.125,9.170777320861816,315900,ETR
1994-03-30,31.875,32.0,31.25,31.25,8.920995712280273,411300,ETR
1994-03-31,31.25,31.75,31.125,31.75,9.063729286193848,336600,ETR
1994-04-04,31.25,31.375,30.375,30.5,8.706886291503906,582900,ETR
1994-04-05,31.125,31.125,30.75,31.125,8.885311126708984,556800,ETR
1994-04-06,30.875,31.0,30.5,30.875,8.81393814086914,519600,ETR
1994-04-07,30.75,30.75,30.5,30.75,8.778257369995117,942000,ETR
1994-04-08,30.625,30.625,30.25,30.375,8.6712064743042,314100,ETR
1994-04-11,30.375,30.5,30.0,30.125,8.599839210510254,261200,ETR
1994-04-12,30.125,30.375,30.125,30.25,8.635519027709961,416500,ETR
1994-04-13,30.25,30.625,30.25,30.625,8.742572784423828,598000,ETR
1994-04-14,30.5,31.0,30.5,30.75,8.778257369995117,479100,ETR
1994-04-15,30.75,30.875,30.375,30.375,8.6712064743042,567500,ETR
1994-04-18,30.5,30.625,30.1875,30.375,8.6712064743042,318400,ETR
1994-04-19,30.375,30.75,30.375,30.625,8.742572784423828,504500,ETR
1994-04-20,30.625,31.875,30.625,31.75,9.063729286193848,832600,ETR
1994-04-21,32.0,32.125,31.5,31.875,9.099413871765137,815700,ETR
1994-04-22,31.875,31.875,31.25,31.375,8.95667552947998,565700,ETR
1994-04-25,31.25,31.625,31.25,31.25,8.920995712280273,498300,ETR
1994-04-26,31.5,31.5,30.875,31.25,8.920995712280273,800500,ETR
1994-04-28,31.125,31.125,30.75,30.75,8.778257369995117,908500,ETR
1994-04-29,30.875,31.25,30.375,30.625,8.742572784423828,773200,ETR
1994-05-02,30.0,30.25,29.5,29.875,8.655655860900879,754400,ETR
1994-05-03,30.0,30.0,29.5,29.5,8.547009468078613,1048700,ETR
1994-05-04,29.5,29.75,29.25,29.625,8.583224296569824,663200,ETR
1994-05-05,29.875,30.0,29.25,29.375,8.510786056518555,364800,ETR
1994-05-06,29.125,29.125,28.5,28.625,8.293495178222656,375700,ETR
1994-05-09,28.5,28.625,27.75,27.75,8.03997802734375,577300,ETR
1994-05-10,28.0,28.25,27.625,27.875,8.076196670532227,1758600,ETR
1994-05-11,27.875,28.125,27.25,27.375,7.931332588195801,1116300,ETR
1994-05-12,27.75,27.875,27.375,27.5,7.967549800872803,553600,ETR
1994-05-13,27.625,27.875,27.5,27.875,8.076196670532227,744500,ETR
1994-05-16,27.0,27.375,26.625,26.75,7.7502546310424805,1325900,ETR
1994-05-17,27.0,27.5,26.875,27.375,7.931332588195801,1749900,ETR
1994-05-18,27.5,28.625,27.5,28.5,8.257277488708496,1258200,ETR
1994-05-19,28.625,28.875,28.375,28.5,8.257277488708496,682600,ETR
1994-05-20,28.625,28.75,28.5,28.5,8.257277488708496,737300,ETR
1994-05-23,28.625,28.625,28.375,28.375,8.221061706542969,553800,ETR
1994-05-24,28.5,28.625,28.125,28.125,8.148627281188965,890600,ETR
1994-05-25,28.25,29.0,28.125,28.875,8.365925788879395,777600,ETR
1994-05-26,28.875,28.875,28.5,28.5,8.257277488708496,515300,ETR
1994-05-27,28.5,29.375,28.5,29.375,8.510786056518555,537300,ETR
1994-05-31,29.25,29.25,28.75,28.875,8.365925788879395,492300,ETR
1994-06-01,29.0,29.375,28.8125,29.375,8.510786056518555,832500,ETR
1994-06-02,29.5,29.625,29.375,29.5,8.547009468078613,789100,ETR
1994-06-03,29.5,30.0,29.5,29.875,8.655655860900879,407800,ETR
1994-06-06,30.0,30.25,30.0,30.125,8.728089332580566,373600,ETR
1994-06-07,30.125,30.25,29.875,29.875,8.655655860900879,319200,ETR
1994-06-08,30.125,30.125,29.75,29.875,8.655655860900879,490900,ETR
1994-06-09,30.0,30.0,29.75,29.875,8.655655860900879,205300,ETR
1994-06-10,29.875,30.125,29.875,30.0,8.691872596740723,217100,ETR
1994-06-13,29.875,30.0,29.625,29.75,8.619438171386719,308100,ETR
1994-06-14,29.75,29.875,29.625,29.625,8.583224296569824,261600,ETR
1994-06-15,29.75,29.75,29.125,29.125,8.438362121582031,821400,ETR
1994-06-16,26.75,26.75,26.25,26.375,7.641604900360107,3202900,ETR
1994-06-17,26.25,26.25,25.75,26.0,7.532952785491943,2853700,ETR
1994-06-20,26.0,26.125,25.875,25.875,7.496739387512207,835800,ETR
1994-06-21,26.0,26.0,25.625,25.75,7.460521697998047,967600,ETR
1994-06-22,25.625,25.625,25.125,25.375,7.351876735687256,885900,ETR
1994-06-23,25.25,25.5,24.875,24.875,7.207009792327881,979800,ETR
1994-06-24,24.875,25.25,24.875,24.875,7.207009792327881,643000,ETR
1994-06-27,25.0,25.25,24.875,25.125,7.279440402984619,706800,ETR
1994-06-28,25.125,25.25,24.875,25.0,7.243225574493408,1337200,ETR
1994-06-29,25.0,26.125,25.0,25.125,7.279440402984619,702800,ETR
1994-06-30,25.0,25.125,24.625,24.75,7.1707940101623535,920200,ETR
1994-07-01,24.75,24.875,24.625,24.75,7.1707940101623535,472100,ETR
1994-07-05,24.75,24.75,24.5,24.625,7.134577751159668,883200,ETR
1994-07-06,24.625,24.625,24.375,24.625,7.134577751159668,1204000,ETR
1994-07-07,24.625,24.875,24.5,24.875,7.207009792327881,658500,ETR
1994-07-08,24.75,25.25,24.75,25.125,7.279440402984619,680800,ETR
1994-07-11,25.25,25.25,25.0,25.125,7.279440402984619,367400,ETR
1994-07-12,25.125,25.125,24.5,24.875,7.207009792327881,353200,ETR
1994-07-13,24.875,25.5,24.875,25.5,7.388091564178467,411900,ETR
1994-07-14,25.75,26.125,25.625,25.875,7.496739387512207,402600,ETR
1994-07-15,26.0,26.125,25.75,26.125,7.569172382354736,471900,ETR
1994-07-18,26.0,26.125,25.5,25.875,7.496739387512207,277000,ETR
1994-07-19,25.875,25.875,25.625,25.625,7.424309730529785,188200,ETR
1994-07-20,25.625,25.625,25.25,25.375,7.351876735687256,130500,ETR
1994-07-21,25.375,25.5,25.0,25.125,7.279440402984619,266000,ETR
1994-07-22,25.125,25.5,25.0625,25.5,7.388091564178467,531700,ETR
1994-07-25,25.375,25.5,25.0,25.125,7.279440402984619,426900,ETR
1994-07-26,25.125,25.125,24.875,24.875,7.207009792327881,285700,ETR
1994-07-27,24.75,24.875,24.5,24.75,7.1707940101623535,446700,ETR
1994-07-28,24.625,25.0,24.625,25.0,7.243225574493408,422000,ETR
1994-07-29,25.125,25.75,25.125,25.5,7.388091564178467,533000,ETR
1994-08-01,25.5,26.0,25.5,25.875,7.496739387512207,519700,ETR
1994-08-02,26.0,26.25,25.875,25.875,7.496739387512207,470700,ETR
1994-08-03,25.875,26.125,25.625,26.0,7.532952785491943,430500,ETR
1994-08-04,26.0,26.25,25.875,26.0,7.532952785491943,315200,ETR
1994-08-05,25.625,25.625,25.25,25.375,7.351876735687256,538200,ETR
1994-08-08,24.875,25.0,24.625,24.875,7.337124824523926,1046900,ETR
1994-08-09,24.75,25.25,24.75,25.0,7.373995304107666,1100400,ETR
1994-08-10,25.0,25.125,24.75,25.0,7.373995304107666,489400,ETR
1994-08-11,24.875,25.0,24.5,24.625,7.263388156890869,583600,ETR
1994-08-12,24.625,25.0,24.5,24.625,7.263388156890869,320000,ETR
1994-08-15,24.625,24.75,24.25,24.25,7.1527791023254395,612700,ETR
1994-08-16,24.25,24.75,24.25,24.75,7.300256729125977,401900,ETR
1994-08-17,24.75,24.875,24.5,24.625,7.263388156890869,461100,ETR
1994-08-18,24.625,24.625,24.375,24.5,7.226515293121338,474400,ETR
1994-08-19,24.625,24.75,24.5,24.75,7.300256729125977,691200,ETR
1994-08-22,24.625,24.875,24.5,24.875,7.337124824523926,866300,ETR
1994-08-23,24.875,25.125,24.75,25.0,7.373995304107666,1223600,ETR
1994-08-24,25.0,25.125,24.875,25.0,7.373995304107666,458000,ETR
1994-08-25,25.0,25.0,24.625,24.75,7.300256729125977,527200,ETR
1994-08-26,24.875,25.25,24.75,25.125,7.41086483001709,328200,ETR
1994-08-29,25.25,25.25,24.625,24.75,7.300256729125977,1542500,ETR
1994-08-30,24.75,24.875,24.625,24.875,7.337124824523926,1613800,ETR
1994-08-31,24.875,25.0,24.75,24.875,7.337124824523926,450200,ETR
1994-09-01,24.875,24.875,24.375,24.625,7.263388156890869,720500,ETR
1994-09-02,24.625,24.75,24.375,24.5,7.226515293121338,368000,ETR
1994-09-06,24.5,24.5,24.0,24.125,7.115903377532959,494600,ETR
1994-09-07,24.125,24.25,23.875,24.0,7.079039096832275,431900,ETR
1994-09-08,24.0,24.0,23.625,23.875,7.042165279388428,645300,ETR
1994-09-09,23.625,23.625,23.375,23.5,6.93155574798584,963900,ETR
1994-09-12,23.5,23.625,23.125,23.125,6.820944786071777,518800,ETR
1994-09-13,23.125,23.25,23.0,23.0,6.784075736999512,742400,ETR
1994-09-14,23.0,23.125,22.875,22.875,6.747209072113037,785700,ETR
1994-09-15,23.0,23.25,22.875,23.125,6.820944786071777,619300,ETR
1994-09-16,23.0,23.125,22.875,23.0,6.784075736999512,1006100,ETR
1994-09-19,23.125,23.375,23.0,23.125,6.820944786071777,428800,ETR
1994-09-20,23.0,23.125,22.875,22.875,6.747209072113037,1003100,ETR
1994-09-21,22.875,23.0,22.75,22.875,6.747209072113037,949600,ETR
1994-09-22,22.875,23.25,22.875,23.125,6.820944786071777,873900,ETR
1994-09-23,23.0,23.125,22.625,22.75,6.710336208343506,605000,ETR
1994-09-26,22.875,22.875,22.625,22.75,6.710336208343506,357400,ETR
1994-09-27,22.75,23.0,22.75,23.0,6.784075736999512,605500,ETR
1994-09-28,22.875,23.125,22.875,23.0,6.784075736999512,821800,ETR
1994-09-29,23.0,23.25,22.875,23.125,6.820944786071777,671500,ETR
1994-09-30,23.125,23.5,23.0,23.25,6.857818603515625,670200,ETR
1994-10-03,23.25,23.375,23.0,23.125,6.820944786071777,1287500,ETR
1994-10-04,23.125,23.125,22.625,22.75,6.710336208343506,436100,ETR
1994-10-05,22.625,22.875,22.5625,22.875,6.747209072113037,685600,ETR
1994-10-06,22.75,22.875,22.625,22.75,6.710336208343506,1020000,ETR
1994-10-07,22.75,23.125,22.625,23.0,6.784075736999512,337600,ETR
1994-10-10,23.0,23.0,22.875,23.0,6.784075736999512,193700,ETR
1994-10-11,23.0,23.625,23.0,23.375,6.89468240737915,963500,ETR
1994-10-12,23.375,23.5,23.25,23.375,6.89468240737915,1011600,ETR
1994-10-13,23.5,23.875,23.5,23.75,7.00529670715332,573800,ETR
1994-10-14,23.75,23.75,23.625,23.75,7.00529670715332,162600,ETR
1994-10-17,23.625,24.0,23.5,24.0,7.079039096832275,1022500,ETR
1994-10-18,23.875,24.25,23.875,24.0,7.079039096832275,1378800,ETR
1994-10-19,24.0,24.375,24.0,24.375,7.1896467208862305,442300,ETR
1994-10-20,24.25,24.375,24.0,24.125,7.115903377532959,589100,ETR
1994-10-21,24.0,24.25,24.0,24.125,7.115903377532959,1295200,ETR
1994-10-24,24.0,24.25,24.0,24.0,7.079039096832275,301400,ETR
1994-10-25,24.0,24.125,23.875,24.125,7.115903377532959,483500,ETR
1994-10-26,24.125,24.25,24.0,24.125,7.115903377532959,370100,ETR
1994-10-27,24.125,24.25,24.0,24.125,7.115903377532959,328600,ETR
1994-10-28,24.125,24.75,24.0,24.625,7.263388156890869,603100,ETR
1994-10-31,24.375,24.375,23.375,23.375,6.89468240737915,2137400,ETR
1994-11-01,23.25,23.5,23.125,23.25,6.857818603515625,796700,ETR
1994-11-02,23.125,23.25,23.0,23.125,6.820944786071777,1033600,ETR
1994-11-03,23.125,23.5,23.125,23.125,6.820944786071777,1727000,ETR
1994-11-04,22.875,23.0,22.75,22.875,6.881109237670898,1294700,ETR
1994-11-07,22.75,22.875,22.75,22.875,6.881109237670898,605000,ETR
1994-11-08,22.875,23.0,22.75,22.875,6.881109237670898,658300,ETR
1994-11-09,23.0,23.25,22.875,22.875,6.881109237670898,731300,ETR
1994-11-10,23.0,23.0,22.75,22.875,6.881109237670898,1945600,ETR
1994-11-11,22.875,22.875,22.625,22.75,6.843507766723633,236000,ETR
1994-11-14,22.75,23.0,22.75,22.75,6.843507766723633,261400,ETR
1994-11-15,22.75,22.875,22.5,22.625,6.805906772613525,400700,ETR
1994-11-16,22.5,22.625,22.375,22.5,6.768304824829102,238600,ETR
1994-11-17,22.5,22.625,22.375,22.5,6.768304824829102,648900,ETR
1994-11-18,22.5,22.5,22.25,22.25,6.693100929260254,445900,ETR
1994-11-21,22.5,22.5,22.125,22.125,6.6554975509643555,466300,ETR
1994-11-22,22.0,22.0,21.75,22.0,6.61789608001709,629300,ETR
1994-11-23,22.0,22.75,21.75,22.75,6.843507766723633,583600,ETR
1994-11-25,22.625,23.125,22.625,23.0,6.918710708618164,182200,ETR
1994-11-28,23.0,23.0,22.375,22.625,6.805906772613525,262400,ETR
1994-11-29,22.75,22.875,22.375,22.5,6.768304824829102,587200,ETR
1994-11-30,22.5,22.5,22.125,22.5,6.768304824829102,595000,ETR
1994-12-01,22.5,22.875,22.375,22.875,6.881109237670898,731200,ETR
1994-12-02,22.875,23.0,22.5,22.75,6.843507766723633,765900,ETR
1994-12-05,22.75,22.875,22.5,22.625,6.805906772613525,709400,ETR
1994-12-06,22.625,22.75,22.375,22.625,6.805906772613525,2115700,ETR
1994-12-07,22.5,22.625,22.5,22.625,6.805906772613525,250100,ETR
1994-12-08,22.5,22.625,22.375,22.5,6.768304824829102,316300,ETR
1994-12-09,22.25,22.625,22.125,22.5,6.768304824829102,229900,ETR
1994-12-12,22.375,22.5,22.125,22.375,6.7307000160217285,1514100,ETR
1994-12-13,22.375,22.625,22.375,22.5,6.768304824829102,1451000,ETR
1994-12-14,22.625,22.875,22.5,22.625,6.805906772613525,610600,ETR
1994-12-15,22.5,22.625,22.375,22.375,6.7307000160217285,278600,ETR
1994-12-16,22.5,22.5,22.25,22.5,6.768304824829102,2774100,ETR
1994-12-19,22.375,22.5,22.125,22.125,6.6554975509643555,198600,ETR
1994-12-20,22.125,22.25,22.0,22.125,6.6554975509643555,366600,ETR
1994-12-21,22.125,22.375,22.0,22.125,6.6554975509643555,373200,ETR
1994-12-22,22.0,22.125,21.75,21.75,6.542695045471191,604200,ETR
1994-12-23,21.875,21.875,21.5,21.625,6.505093097686768,400100,ETR
1994-12-27,21.625,22.0,21.625,21.625,6.505093097686768,297000,ETR
1994-12-28,21.625,21.75,21.25,21.375,6.429887294769287,426400,ETR
1994-12-29,21.375,22.125,21.25,21.875,6.580294609069824,758100,ETR
1994-12-30,21.75,22.125,21.625,21.875,6.580294609069824,518700,ETR
1995-01-03,21.875,22.375,21.875,22.375,6.7307000160217285,595500,ETR
1995-01-04,22.5,22.75,22.25,22.5,6.768304824829102,435100,ETR
1995-01-05,22.5,22.5,22.25,22.5,6.768304824829102,255300,ETR
1995-01-06,22.5,22.625,22.375,22.5,6.768304824829102,202900,ETR
1995-01-09,22.5,22.875,22.5,22.625,6.805906772613525,597300,ETR
1995-01-10,22.625,23.0,22.625,22.75,6.843507766723633,614700,ETR
1995-01-11,22.875,23.0,22.625,22.875,6.881109237670898,232400,ETR
1995-01-12,22.875,23.0,22.75,23.0,6.918710708618164,140200,ETR
1995-01-13,23.0,23.125,22.75,22.875,6.881109237670898,347400,ETR
1995-01-16,23.125,23.625,23.125,23.5,7.069121837615967,381900,ETR
1995-01-17,23.375,23.75,23.375,23.75,7.144320487976074,405700,ETR
1995-01-18,23.625,23.75,23.375,23.5,7.069121837615967,376300,ETR
1995-01-19,23.375,23.5,23.125,23.25,6.99391508102417,297400,ETR
1995-01-20,23.25,23.375,23.0,23.125,6.956310749053955,614300,ETR
1995-01-23,22.875,23.0,22.75,23.0,6.918710708618164,583100,ETR
1995-01-24,23.0,23.25,23.0,23.125,6.956310749053955,353300,ETR
1995-01-25,23.25,23.5,23.125,23.5,7.069121837615967,468900,ETR
1995-01-26,23.5,23.625,23.375,23.375,7.031517028808594,1378800,ETR
1995-01-27,23.5,23.625,23.25,23.5,7.069121837615967,704800,ETR
1995-01-30,23.625,24.0,23.625,23.875,7.181922435760498,476500,ETR
1995-01-31,23.875,24.5,23.75,24.375,7.332329750061035,1306300,ETR
1995-02-01,24.375,24.375,24.0,24.0,7.2195258140563965,651200,ETR
1995-02-02,23.875,24.125,23.75,24.125,7.2571258544921875,302300,ETR
1995-02-03,24.0,24.375,23.875,24.375,7.332329750061035,2408600,ETR
1995-02-06,23.875,24.375,23.875,24.25,7.431931018829346,974900,ETR
1995-02-07,24.25,24.25,23.875,24.0,7.3553147315979,653100,ETR
1995-02-08,23.875,24.0,23.125,23.375,7.163772106170654,931100,ETR
1995-02-09,22.75,22.875,22.375,22.625,6.9339165687561035,1352800,ETR
1995-02-10,22.875,22.875,22.5,22.5,6.895607948303223,354700,ETR
1995-02-13,22.625,22.625,22.375,22.5,6.895607948303223,217800,ETR
1995-02-14,22.375,22.375,22.125,22.375,6.857295989990234,386100,ETR
1995-02-15,22.375,22.5,22.25,22.5,6.895607948303223,351200,ETR
1995-02-16,22.375,22.75,22.25,22.75,6.972225189208984,445600,ETR
1995-02-17,22.75,22.75,22.375,22.375,6.857295989990234,385000,ETR
1995-02-21,22.5,22.625,22.375,22.5,6.895607948303223,319800,ETR
1995-02-22,22.625,22.75,22.375,22.5,6.895607948303223,528600,ETR
1995-02-23,22.5,22.625,22.375,22.5,6.895607948303223,404900,ETR
1995-02-24,22.375,22.625,22.25,22.625,6.9339165687561035,654400,ETR
1995-02-27,22.625,22.625,22.375,22.5,6.895607948303223,161000,ETR
1995-02-28,22.5,22.5,22.25,22.375,6.857295989990234,523000,ETR
1995-03-01,22.375,22.5,22.0,22.25,6.818990230560303,438300,ETR
1995-03-02,22.25,22.25,22.0,22.0,6.742369174957275,911400,ETR
1995-03-03,22.0,22.125,21.875,22.0,6.742369174957275,456100,ETR
1995-03-06,22.0,22.0,21.5,21.5,6.589137554168701,396600,ETR
1995-03-07,21.5,21.5,21.125,21.25,6.512515544891357,405500,ETR
1995-03-08,21.125,21.625,21.125,21.5,6.589137554168701,466100,ETR
1995-03-09,21.5,21.5,20.875,21.125,6.474207401275635,775400,ETR
1995-03-10,21.125,21.375,20.625,21.25,6.512515544891357,686000,ETR
1995-03-13,21.125,21.25,20.75,20.75,6.359280586242676,521800,ETR
1995-03-14,20.875,21.125,20.75,20.875,6.397591590881348,903900,ETR
1995-03-15,20.75,20.875,20.625,20.875,6.397591590881348,190300,ETR
1995-03-16,20.75,20.875,20.625,20.875,6.397591590881348,612400,ETR
1995-03-17,20.875,20.875,20.625,20.875,6.397591590881348,661800,ETR
1995-03-20,20.75,20.875,20.625,20.625,6.320973873138428,349300,ETR
1995-03-21,20.625,20.625,20.25,20.375,6.244355201721191,445600,ETR
1995-03-22,20.375,20.375,20.0,20.125,6.167737007141113,510400,ETR
1995-03-23,20.125,20.375,20.0,20.25,6.206044673919678,397500,ETR
1995-03-24,20.5,21.0,20.5,20.875,6.397591590881348,606300,ETR
1995-03-27,20.875,21.0,20.75,20.875,6.397591590881348,361300,ETR
1995-03-28,20.75,20.875,20.375,20.5,6.282665252685547,267200,ETR
1995-03-29,20.5,21.0,20.375,20.875,6.397591590881348,578900,ETR
1995-03-30,21.0,21.125,20.875,21.0,6.435901165008545,657700,ETR
1995-03-31,21.0,21.125,20.875,20.875,6.397591590881348,403100,ETR
1995-04-03,20.875,21.25,20.875,21.125,6.474207401275635,457300,ETR
1995-04-04,21.125,21.875,21.125,21.875,6.704061508178711,733700,ETR
1995-04-05,21.875,21.875,21.375,21.5,6.589137554168701,380800,ETR
1995-04-06,21.5,21.625,21.375,21.5,6.589137554168701,320800,ETR
1995-04-07,21.5,21.75,21.5,21.75,6.665754318237305,231500,ETR
1995-04-10,21.5,21.625,21.25,21.5,6.589137554168701,325200,ETR
1995-04-11,21.5,21.5,21.0,21.0,6.435901165008545,791500,ETR
1995-04-12,21.0,21.25,21.0,21.0,6.435901165008545,282000,ETR
1995-04-13,21.125,21.75,21.0,21.625,6.627447128295898,862700,ETR
1995-04-17,21.75,21.875,21.5,21.5,6.589137554168701,450000,ETR
1995-04-18,21.5,21.75,21.375,21.5,6.589137554168701,381700,ETR
1995-04-19,21.375,21.625,21.25,21.25,6.512515544891357,310200,ETR
1995-04-20,21.25,21.75,21.25,21.625,6.627447128295898,272500,ETR
1995-04-21,21.875,21.875,21.5,21.625,6.627447128295898,488800,ETR
1995-04-24,21.625,21.875,21.5,21.875,6.704061508178711,698600,ETR
1995-04-25,21.75,21.875,21.5,21.625,6.627447128295898,327200,ETR
1995-04-26,21.625,21.75,21.5,21.625,6.627447128295898,240700,ETR
1995-04-27,21.625,21.75,21.5,21.5,6.589137554168701,602800,ETR
1995-04-28,21.625,21.75,21.5,21.75,6.665754318237305,312000,ETR
1995-05-01,21.75,21.875,21.5,21.75,6.665754318237305,361000,ETR
1995-05-02,21.625,21.875,21.625,21.75,6.665754318237305,530600,ETR
1995-05-03,21.75,22.125,21.75,22.0,6.742369174957275,444600,ETR
1995-05-04,22.125,22.375,22.0,22.25,6.818990230560303,429600,ETR
1995-05-05,22.25,22.5,22.25,22.5,6.895607948303223,666900,ETR
1995-05-08,22.0,22.25,22.0,22.25,6.958154678344727,1224400,ETR
1995-05-09,22.25,22.5,22.125,22.5,7.036334991455078,997800,ETR
1995-05-10,22.5,22.75,22.375,22.75,7.114514350891113,396100,ETR
1995-05-11,22.875,23.0,22.5,22.5,7.036334991455078,274500,ETR
1995-05-12,22.5,22.625,22.375,22.625,7.075422763824463,412800,ETR
1995-05-15,22.625,22.875,22.5,22.875,7.153607368469238,357300,ETR
1995-05-16,23.0,23.25,22.875,23.125,7.231786727905273,730900,ETR
1995-05-17,23.0,23.125,22.75,22.875,7.153607368469238,257900,ETR
1995-05-18,22.75,22.875,22.625,22.625,7.075422763824463,349800,ETR
1995-05-19,22.625,22.875,22.375,22.5,7.036334991455078,599800,ETR
1995-05-22,22.5,22.75,22.375,22.625,7.075422763824463,218600,ETR
1995-05-23,22.5,22.625,22.25,22.625,7.075422763824463,451400,ETR
1995-05-24,22.75,22.875,22.5,22.875,7.153607368469238,388700,ETR
1995-05-25,22.875,23.625,22.75,23.5,7.349063396453857,1188100,ETR
1995-05-26,23.5,24.125,23.5,23.875,7.466331481933594,1107900,ETR
1995-05-30,24.0,24.5,24.0,24.375,7.6226935386657715,774700,ETR
1995-05-31,24.5,24.75,24.25,24.75,7.739970684051514,707000,ETR
1995-06-01,24.625,24.75,24.5,24.75,7.739970684051514,844700,ETR
1995-06-02,24.75,24.875,24.75,24.75,7.739970684051514,700400,ETR
1995-06-05,24.875,25.375,24.875,25.375,7.935423851013184,1287800,ETR
1995-06-06,25.375,25.5,25.25,25.375,7.935423851013184,642700,ETR
1995-06-07,25.375,25.375,25.125,25.125,7.857240676879883,495400,ETR
1995-06-08,25.125,25.125,24.75,24.75,7.739970684051514,463800,ETR
1995-06-09,24.625,24.75,24.375,24.375,7.6226935386657715,386500,ETR
1995-06-12,24.5,24.75,24.5,24.625,7.700877666473389,641500,ETR
1995-06-13,24.75,25.125,24.75,25.0,7.818148612976074,729600,ETR
1995-06-14,25.0,25.125,24.875,25.125,7.857240676879883,166000,ETR
1995-06-15,25.0,25.125,24.75,24.75,7.739970684051514,344800,ETR
1995-06-16,24.875,24.875,24.625,24.75,7.739970684051514,1123000,ETR
1995-06-19,24.75,24.875,24.625,24.75,7.739970684051514,243700,ETR
1995-06-20,24.75,24.75,24.5,24.625,7.700877666473389,470600,ETR
1995-06-21,24.625,24.75,24.625,24.625,7.700877666473389,330700,ETR
1995-06-22,24.75,25.25,24.625,25.125,7.857240676879883,509700,ETR
1995-06-23,25.125,25.125,24.625,24.75,7.739970684051514,459700,ETR
1995-06-26,24.625,24.75,24.375,24.5,7.6617889404296875,501100,ETR
1995-06-27,24.375,24.625,24.25,24.375,7.6226935386657715,704600,ETR
1995-06-28,24.375,24.5,24.125,24.5,7.6617889404296875,1035300,ETR
1995-06-29,24.5,24.5,24.375,24.5,7.6617889404296875,213600,ETR
1995-06-30,24.5,24.5,24.125,24.125,7.5445146560668945,878000,ETR
1995-07-03,24.25,24.375,24.125,24.3125,7.603153228759766,144000,ETR
1995-07-05,24.25,24.375,24.125,24.375,7.6226935386657715,506100,ETR
1995-07-06,24.25,24.875,24.0,24.875,7.779060363769531,556500,ETR
1995-07-07,24.875,24.875,24.625,24.75,7.739970684051514,462100,ETR
1995-07-10,24.625,24.75,24.625,24.625,7.700877666473389,321000,ETR
1995-07-11,24.625,24.75,24.375,24.5,7.6617889404296875,350100,ETR
1995-07-12,24.5,24.5,24.125,24.25,7.583603382110596,326300,ETR
1995-07-13,24.25,24.25,24.0,24.125,7.5445146560668945,410400,ETR
1995-07-14,24.0,24.125,23.875,23.875,7.466331481933594,248500,ETR
1995-07-17,23.875,24.25,23.75,24.125,7.5445146560668945,269100,ETR
1995-07-18,24.125,24.375,24.125,24.375,7.6226935386657715,247900,ETR
1995-07-19,24.25,24.5,24.0,24.25,7.583603382110596,388200,ETR
1995-07-20,24.125,24.25,24.0,24.125,7.5445146560668945,247700,ETR
1995-07-21,24.125,24.125,23.75,24.125,7.5445146560668945,462800,ETR
1995-07-24,24.0,24.25,24.0,24.125,7.5445146560668945,444700,ETR
1995-07-25,24.0,24.25,23.75,24.125,7.5445146560668945,348800,ETR
1995-07-26,24.125,24.375,24.125,24.25,7.583603382110596,232300,ETR
1995-07-27,24.375,24.5,24.125,24.5,7.6617889404296875,358900,ETR
1995-07-28,24.625,24.625,24.125,24.125,7.5445146560668945,519200,ETR
1995-07-31,24.25,24.375,23.75,23.75,7.427238464355469,617900,ETR
1995-08-01,23.875,24.75,23.875,24.625,7.700877666473389,1024700,ETR
1995-08-02,24.875,25.0,24.75,24.875,7.779060363769531,432100,ETR
1995-08-03,24.75,24.75,24.5,24.625,7.700877666473389,625200,ETR
1995-08-04,24.75,24.875,24.625,24.875,7.779060363769531,362500,ETR
1995-08-07,24.75,24.875,24.625,24.875,7.779060363769531,494200,ETR
1995-08-08,24.75,24.875,24.75,24.75,7.739970684051514,1417200,ETR
1995-08-09,24.375,24.375,24.0,24.0,7.644412994384766,957100,ETR
1995-08-10,24.0,24.25,24.0,24.125,7.684228420257568,775800,ETR
1995-08-11,24.125,24.125,23.75,23.875,7.6045966148376465,189600,ETR
1995-08-14,23.875,24.25,23.875,24.125,7.684228420257568,318800,ETR
1995-08-15,24.125,24.25,24.0,24.125,7.684228420257568,294000,ETR
1995-08-16,24.125,24.375,24.0,24.375,7.763855934143066,344000,ETR
1995-08-17,24.25,24.25,24.0,24.0,7.644412994384766,282800,ETR
1995-08-18,24.0,24.0,23.75,23.875,7.6045966148376465,427400,ETR
1995-08-21,23.75,24.0,23.75,23.875,7.6045966148376465,604800,ETR
1995-08-22,23.875,24.125,23.875,24.0,7.644412994384766,729500,ETR
1995-08-23,24.125,24.125,23.875,24.125,7.684228420257568,427300,ETR
1995-08-24,24.125,24.25,23.875,24.0,7.644412994384766,2267100,ETR
1995-08-25,24.0,24.125,23.875,24.0,7.644412994384766,436300,ETR
1995-08-28,24.125,24.125,23.875,23.875,7.6045966148376465,598900,ETR
1995-08-29,24.0,24.0,23.75,23.875,7.6045966148376465,244600,ETR
1995-08-30,24.0,24.125,23.875,23.875,7.6045966148376465,396000,ETR
1995-08-31,23.875,24.125,23.875,24.125,7.684228420257568,681900,ETR
1995-09-01,24.0,24.125,23.875,24.125,7.684228420257568,371100,ETR
1995-09-05,24.125,24.125,23.625,24.0,7.644412994384766,520300,ETR
1995-09-06,23.875,24.25,23.875,24.125,7.684228420257568,470700,ETR
1995-09-07,24.125,24.25,24.0,24.125,7.684228420257568,257900,ETR
1995-09-08,24.0,24.25,23.875,24.25,7.724040508270264,333400,ETR
1995-09-11,24.25,24.25,24.0,24.25,7.724040508270264,293000,ETR
1995-09-12,24.25,24.375,24.125,24.375,7.763855934143066,240100,ETR
1995-09-13,24.375,24.625,24.0,24.375,7.763855934143066,561300,ETR
1995-09-14,24.375,24.5,24.25,24.375,7.763855934143066,1213100,ETR
1995-09-15,24.5,24.5,24.375,24.375,7.763855934143066,631200,ETR
1995-09-18,24.375,24.5,24.25,24.25,7.724040508270264,366200,ETR
1995-09-19,24.375,24.625,24.375,24.625,7.843484878540039,190100,ETR
1995-09-20,24.625,25.125,24.5,25.0,7.9629292488098145,489700,ETR
1995-09-21,25.0,25.25,24.875,24.875,7.9231181144714355,723100,ETR
1995-09-22,24.75,24.875,24.625,24.75,7.883302688598633,232600,ETR
1995-09-25,24.75,24.875,24.625,24.75,7.883302688598633,188200,ETR
1995-09-26,24.75,25.25,24.75,24.875,7.9231181144714355,341000,ETR
1995-09-27,24.875,25.375,24.75,25.25,8.04255485534668,534800,ETR
1995-09-28,25.375,25.75,25.125,25.5,8.122187614440918,723800,ETR
1995-09-29,25.5,26.125,25.25,26.125,8.321258544921875,708800,ETR
1995-10-02,26.0,26.375,26.0,26.25,8.361075401306152,229700,ETR
1995-10-03,26.25,27.25,26.25,27.125,8.639779090881348,800600,ETR
1995-10-04,27.0,27.25,26.875,27.25,8.67959213256836,783100,ETR
1995-10-05,27.0,27.125,26.75,26.875,8.560151100158691,1048800,ETR
1995-10-06,26.75,27.875,26.75,26.875,8.560151100158691,656400,ETR
1995-10-09,26.875,27.0,26.75,26.875,8.560151100158691,334700,ETR
1995-10-10,26.75,27.25,26.75,27.0,8.599959373474121,827100,ETR
1995-10-11,27.125,27.25,27.0,27.125,8.639779090881348,693500,ETR
1995-10-12,27.125,27.125,26.875,26.875,8.560151100158691,1365300,ETR
1995-10-13,27.0,27.125,27.0,27.0,8.599959373474121,461400,ETR
1995-10-16,27.125,27.125,27.0,27.125,8.639779090881348,559700,ETR
1995-10-17,27.0,27.375,27.0,27.375,8.719406127929688,439800,ETR
1995-10-18,27.375,27.875,27.25,27.625,8.799036026000977,1373700,ETR
1995-10-19,27.75,27.75,27.5,27.625,8.799036026000977,298400,ETR
1995-10-20,27.625,27.75,27.5,27.5,8.759215354919434,771100,ETR
1995-10-23,27.5,28.5,27.5,28.125,8.958295822143555,1565500,ETR
1995-10-24,28.125,28.25,27.875,28.25,8.998112678527832,414000,ETR
1995-10-25,28.25,28.875,28.125,28.875,9.197185516357422,1157800,ETR
1995-10-26,28.875,28.875,28.5,28.5,9.077737808227539,368700,ETR
1995-10-27,28.25,28.75,28.25,28.625,9.11755657196045,478000,ETR
1995-10-30,28.625,28.75,28.375,28.625,9.11755657196045,524000,ETR
1995-10-31,28.625,28.75,28.5,28.5,9.077737808227539,354100,ETR
1995-11-01,28.5,28.75,28.5,28.75,9.157369613647461,316000,ETR
1995-11-02,28.75,28.75,28.375,28.625,9.11755657196045,789800,ETR
1995-11-03,28.625,28.75,28.5,28.75,9.157369613647461,225100,ETR
1995-11-06,28.75,28.875,28.375,28.625,9.11755657196045,785300,ETR
1995-11-07,28.5,28.625,28.125,28.25,8.998112678527832,2038100,ETR
1995-11-08,27.75,28.0,27.625,27.75,8.981926918029785,928600,ETR
1995-11-09,27.875,27.875,27.375,27.5,8.901007652282715,1028300,ETR
1995-11-10,27.375,27.625,27.25,27.5,8.901007652282715,430300,ETR
1995-11-13,27.375,27.625,27.375,27.625,8.941468238830566,202500,ETR
1995-11-14,27.75,28.0,27.75,27.875,9.022390365600586,554600,ETR
1995-11-15,27.875,28.0,27.625,27.625,8.941468238830566,653900,ETR
1995-11-16,27.75,28.0,27.625,28.0,9.062843322753906,1181600,ETR
1995-11-17,28.0,28.0,27.625,27.875,9.022390365600586,405000,ETR
1995-11-20,27.75,27.875,27.5,27.75,8.981926918029785,429200,ETR
1995-11-21,27.625,27.75,27.375,27.5,8.901007652282715,567600,ETR
1995-11-22,27.625,27.625,27.375,27.5,8.901007652282715,177900,ETR
1995-11-24,27.5,27.5,27.375,27.375,8.86054801940918,35600,ETR
1995-11-27,27.5,27.625,27.25,27.625,8.941468238830566,250600,ETR
1995-11-28,27.5,27.625,27.375,27.5,8.901007652282715,449100,ETR
1995-11-29,27.625,28.0,27.625,28.0,9.062843322753906,742800,ETR
1995-11-30,28.0,28.0,27.75,27.875,9.022390365600586,324400,ETR
1995-12-01,27.875,28.25,27.875,28.0,9.062843322753906,918800,ETR
1995-12-04,27.625,27.875,26.875,27.25,8.820088386535645,2490600,ETR
1995-12-05,27.25,27.25,26.5,26.75,8.658251762390137,1882600,ETR
1995-12-06,26.875,27.25,26.75,26.875,8.698712348937988,1329600,ETR
1995-12-07,26.75,27.0,26.5,26.875,8.698712348937988,1291700,ETR
1995-12-08,26.875,27.0,26.875,27.0,8.739173889160156,666700,ETR
1995-12-11,26.875,27.0,26.75,27.0,8.739173889160156,525100,ETR
1995-12-12,27.0,27.125,26.875,27.125,8.77962875366211,410400,ETR
1995-12-13,27.0,27.25,27.0,27.125,8.77962875366211,470500,ETR
1995-12-14,27.25,27.5,27.125,27.5,8.901007652282715,433800,ETR
1995-12-15,27.625,28.0,27.625,28.0,9.062843322753906,1144800,ETR
1995-12-18,28.0,28.25,27.75,28.25,9.143763542175293,882600,ETR
1995-12-19,28.125,28.625,28.0,28.125,9.103304862976074,1066100,ETR
1995-12-20,28.25,28.75,28.125,28.5,9.224678039550781,680900,ETR
1995-12-21,28.75,29.0,28.75,29.0,9.386515617370605,361900,ETR
1995-12-22,28.875,29.0,28.5,28.625,9.265138626098633,433800,ETR
1995-12-26,28.75,28.875,28.5,28.625,9.265138626098633,288800,ETR
1995-12-27,28.625,28.875,28.5,28.875,9.346059799194336,811100,ETR
1995-12-28,28.875,29.125,28.75,28.875,9.346059799194336,577000,ETR
1995-12-29,29.0,29.25,28.875,29.25,9.467434883117676,718800,ETR
1996-01-02,29.125,29.5,29.0,29.25,9.467434883117676,587200,ETR
1996-01-03,29.125,29.25,28.75,28.875,9.346059799194336,995200,ETR
1996-01-04,28.875,29.125,28.625,28.875,9.346059799194336,1553300,ETR
1996-01-05,28.75,29.375,28.75,29.25,9.467434883117676,728800,ETR
1996-01-08,29.125,29.375,29.125,29.375,9.50790023803711,55900,ETR
1996-01-09,29.375,29.875,29.25,29.625,9.588813781738281,709200,ETR
1996-01-10,29.875,30.375,29.75,30.0,9.710185050964355,1074300,ETR
1996-01-11,30.0,30.125,29.875,30.125,9.750646591186523,828400,ETR
1996-01-12,30.0,30.125,29.5,29.5,9.548356056213379,745600,ETR
1996-01-15,29.5,29.625,29.375,29.5,9.548356056213379,607000,ETR
1996-01-16,29.5,29.875,29.4375,29.875,9.669734001159668,828200,ETR
1996-01-17,29.875,30.25,29.75,30.0,9.710185050964355,1266400,ETR
1996-01-18,29.875,30.125,29.75,30.125,9.750646591186523,893800,ETR
1996-01-19,29.875,30.0,29.625,29.625,9.588813781738281,1647200,ETR
1996-01-22,29.625,29.75,29.625,29.75,9.629274368286133,500800,ETR
1996-01-23,29.5,29.75,29.375,29.625,9.588813781738281,774200,ETR
1996-01-24,29.625,29.75,29.5,29.625,9.588813781738281,558600,ETR
1996-01-25,29.5,29.75,29.375,29.375,9.50790023803711,705400,ETR
1996-01-26,29.5,29.625,29.375,29.625,9.588813781738281,281600,ETR
1996-01-29,29.5,29.75,29.5,29.625,9.588813781738281,588000,ETR
1996-01-30,29.5,29.625,29.5,29.5,9.548356056213379,797000,ETR
1996-01-31,29.5,29.625,29.375,29.625,9.588813781738281,776100,ETR
1996-02-01,29.5,29.625,29.375,29.5,9.548356056213379,1140000,ETR
1996-02-02,29.5,29.875,29.375,29.75,9.629274368286133,819000,ETR
1996-02-05,29.75,29.875,29.625,29.875,9.669734001159668,448500,ETR
1996-02-06,29.875,30.25,29.75,30.25,9.791108131408691,1657900,ETR
1996-02-07,29.875,30.0,29.75,30.0,9.856816291809082,1127700,ETR
1996-02-08,29.875,30.0,29.75,29.875,9.815755844116211,765700,ETR
1996-02-09,29.875,29.875,29.375,29.625,9.733610153198242,4346500,ETR
1996-02-12,29.875,30.125,29.625,30.0,9.856816291809082,474100,ETR
1996-02-13,30.0,30.375,29.875,30.125,9.897886276245117,469600,ETR
1996-02-14,30.0,30.125,29.875,30.0,9.856816291809082,432600,ETR
1996-02-15,30.0,30.125,29.875,29.875,9.815755844116211,322100,ETR
1996-02-16,29.875,30.125,29.75,29.75,9.77468204498291,758100,ETR
1996-02-20,29.625,29.625,28.75,29.0,9.528257369995117,736300,ETR
1996-02-21,29.125,29.25,29.0,29.25,9.610398292541504,543900,ETR
1996-02-22,29.375,29.625,29.25,29.625,9.733610153198242,828000,ETR
1996-02-23,29.75,29.75,29.25,29.25,9.610398292541504,720400,ETR
1996-02-26,29.0,29.0,28.5,28.875,9.487191200256348,661400,ETR
1996-02-27,28.875,29.125,28.75,29.125,9.569328308105469,856500,ETR
1996-02-28,29.25,29.375,28.75,28.75,9.446120262145996,1371400,ETR
1996-02-29,28.5,28.875,28.125,28.375,9.322912216186523,1781800,ETR
1996-03-01,28.5,28.5,27.75,27.875,9.158632278442383,1386900,ETR
1996-03-04,28.125,28.5,28.0,28.25,9.281840324401855,719200,ETR
1996-03-05,28.375,28.75,28.375,28.625,9.405046463012695,751600,ETR
1996-03-06,28.625,28.625,28.125,28.25,9.281840324401855,604000,ETR
1996-03-07,28.125,28.25,27.875,28.25,9.281840324401855,235300,ETR
1996-03-08,27.875,28.125,27.625,27.625,9.076488494873047,308500,ETR
1996-03-11,27.5,27.5,27.0,27.125,8.912208557128906,624600,ETR
1996-03-12,27.0,27.125,26.375,26.75,8.7889986038208,617200,ETR
1996-03-13,27.0,27.375,26.75,27.0,8.871139526367188,295600,ETR
1996-03-14,27.125,27.125,26.875,27.0,8.871139526367188,293300,ETR
1996-03-15,27.125,27.125,26.875,27.125,8.912208557128906,571000,ETR
1996-03-18,27.25,27.875,27.25,27.75,9.117562294006348,416000,ETR
1996-03-19,27.875,28.0,27.375,27.375,8.994348526000977,291100,ETR
1996-03-20,27.5,27.875,27.5,27.875,9.158632278442383,355100,ETR
1996-03-21,28.0,28.25,27.5,27.625,9.076488494873047,458500,ETR
1996-03-22,27.75,27.75,27.5,27.5,9.035416603088379,244600,ETR
1996-03-25,27.75,27.75,27.625,27.75,9.117562294006348,338700,ETR
1996-03-26,27.75,27.875,27.625,27.75,9.117562294006348,396300,ETR
1996-03-27,27.875,28.375,27.75,28.125,9.240769386291504,476500,ETR
1996-03-28,27.75,28.375,27.75,28.25,9.281840324401855,876500,ETR
1996-03-29,28.25,28.25,27.875,28.0,9.199699401855469,834400,ETR
1996-04-01,28.0,28.125,28.0,28.0,9.199699401855469,596200,ETR
1996-04-02,28.0,28.0,27.625,27.625,9.076488494873047,416800,ETR
1996-04-03,27.625,27.625,27.375,27.375,8.994348526000977,602900,ETR
1996-04-04,27.375,27.375,27.1875,27.25,8.953277587890625,656800,ETR
1996-04-08,26.75,26.75,26.375,26.5,8.706854820251465,467500,ETR
1996-04-09,26.5,26.875,26.5,26.75,8.7889986038208,810300,ETR
1996-04-10,26.625,26.75,26.25,26.5,8.706854820251465,595200,ETR
1996-04-11,26.25,26.375,25.875,26.0,8.542577743530273,678900,ETR
1996-04-12,26.125,26.25,25.75,25.875,8.501509666442871,411300,ETR
1996-04-15,26.0,26.25,25.5,25.75,8.460440635681152,318200,ETR
1996-04-16,26.0,26.5,25.75,26.375,8.665788650512695,1201400,ETR
1996-04-17,26.25,26.375,25.75,25.875,8.501509666442871,921600,ETR
1996-04-18,25.75,26.25,25.75,26.125,8.583651542663574,362700,ETR
1996-04-19,26.125,26.375,25.875,26.125,8.583651542663574,787500,ETR
1996-04-22,26.25,26.25,25.75,25.75,8.460440635681152,397000,ETR
1996-04-23,25.625,25.875,25.4375,25.625,8.419365882873535,680900,ETR
1996-04-24,25.75,25.75,25.625,25.625,8.419365882873535,224600,ETR
1996-04-25,25.625,25.75,25.25,25.5,8.378296852111816,431500,ETR
1996-04-26,25.75,26.375,25.75,26.0,8.542577743530273,1626000,ETR
1996-04-29,26.0,26.25,26.0,26.25,8.624720573425293,398600,ETR
1996-04-30,26.125,26.75,26.125,26.375,8.665788650512695,562300,ETR
1996-05-01,26.375,26.625,26.375,26.5,8.706854820251465,946600,ETR
1996-05-02,26.375,26.5,26.125,26.25,8.624720573425293,444200,ETR
1996-05-03,26.125,26.625,26.0,26.125,8.583651542663574,690600,ETR
1996-05-06,26.25,26.5,26.125,26.25,8.624720573425293,269100,ETR
1996-05-07,26.125,26.25,26.0,26.125,8.583651542663574,368000,ETR
1996-05-08,25.625,26.5,25.625,26.375,8.817667961120605,1014200,ETR
1996-05-09,26.375,26.5,26.125,26.375,8.817667961120605,533300,ETR
1996-05-10,26.625,27.375,26.625,27.125,9.068411827087402,1856400,ETR
1996-05-13,27.25,27.625,27.125,27.5,9.193780899047852,627400,ETR
1996-05-14,27.625,28.25,27.625,27.625,9.23556900024414,686800,ETR
1996-05-15,27.625,27.75,27.125,27.625,9.23556900024414,727700,ETR
1996-05-16,27.5,27.75,27.375,27.75,9.277364730834961,393400,ETR
1996-05-17,27.625,27.625,27.375,27.5,9.193780899047852,475000,ETR
1996-05-20,27.5,27.75,27.375,27.625,9.23556900024414,267800,ETR
1996-05-21,27.5,27.625,27.25,27.375,9.151988983154297,416800,ETR
1996-05-22,27.375,27.5,27.125,27.5,9.193780899047852,298700,ETR
1996-05-23,27.5,27.625,27.375,27.5,9.193780899047852,385300,ETR
1996-05-24,27.5,27.625,27.375,27.5,9.193780899047852,333400,ETR
1996-05-28,27.5,27.5,27.0,27.25,9.110196113586426,247400,ETR
1996-05-29,27.25,27.25,26.75,26.75,8.943039894104004,396400,ETR
1996-05-30,26.75,26.875,26.625,26.625,8.901251792907715,493100,ETR
1996-05-31,26.5,26.5,26.0,26.25,8.775884628295898,664100,ETR
1996-06-03,26.0,26.125,25.625,26.125,8.734094619750977,661600,ETR
1996-06-04,26.375,26.625,26.25,26.625,8.901251792907715,356000,ETR
1996-06-05,26.625,27.125,26.5,27.125,9.068411827087402,509900,ETR
1996-06-06,27.5,27.5,27.125,27.125,9.068411827087402,856000,ETR
1996-06-07,26.5,26.75,26.375,26.625,8.901251792907715,425700,ETR
1996-06-10,26.625,26.75,26.375,26.625,8.901251792907715,276200,ETR
1996-06-11,26.75,27.0,26.5,26.75,8.943039894104004,275100,ETR
1996-06-12,26.75,27.0,26.75,26.875,8.984832763671875,443200,ETR
1996-06-13,26.75,26.875,26.5,26.625,8.901251792907715,235300,ETR
1996-06-14,26.625,26.75,26.5,26.75,8.943039894104004,214900,ETR
1996-06-17,26.625,26.875,26.5,26.75,8.943039894104004,233400,ETR
1996-06-18,26.875,27.0,26.75,26.875,8.984832763671875,244900,ETR
1996-06-19,26.75,27.0,26.5,26.875,8.984832763671875,351400,ETR
1996-06-20,26.875,27.125,26.875,27.125,9.068411827087402,321800,ETR
1996-06-21,27.125,27.625,27.125,27.5,9.193780899047852,919100,ETR
1996-06-24,27.625,27.625,27.375,27.375,9.151988983154297,207900,ETR
1996-06-25,27.5,27.5,27.25,27.5,9.193780899047852,330800,ETR
1996-06-26,27.375,27.75,27.375,27.625,9.23556900024414,210000,ETR
1996-06-27,27.5,28.375,27.5,27.875,9.319153785705566,599300,ETR
1996-06-28,27.875,28.5,27.75,28.375,9.486312866210938,1043700,ETR
1996-07-01,28.5,28.625,28.125,28.625,9.569890022277832,190900,ETR
1996-07-02,28.625,28.625,27.875,28.0,9.360942840576172,436700,ETR
1996-07-03,28.125,28.25,27.75,27.875,9.319153785705566,492200,ETR
1996-07-05,27.375,27.375,26.875,26.875,8.984832763671875,412000,ETR
1996-07-08,26.5,26.875,26.375,26.625,8.901251792907715,614800,ETR
1996-07-09,26.625,26.75,26.5,26.625,8.901251792907715,360000,ETR
1996-07-10,26.75,27.125,26.625,27.0,9.026622772216797,297300,ETR
1996-07-11,27.0,27.125,26.625,26.875,8.984832763671875,229500,ETR
1996-07-12,26.75,26.875,26.625,26.875,8.984832763671875,669500,ETR
1996-07-15,26.875,26.875,26.375,26.5,8.859456062316895,375900,ETR
1996-07-16,26.375,26.5,25.25,26.0,8.692299842834473,1245800,ETR
1996-07-17,26.25,26.25,25.75,26.0,8.692299842834473,827400,ETR
1996-07-18,25.875,25.875,25.625,25.875,8.650513648986816,738600,ETR
1996-07-19,25.875,26.0,25.625,25.875,8.650513648986816,974600,ETR
1996-07-22,25.75,25.75,25.5,25.5,8.525141716003418,925800,ETR
1996-07-23,25.625,25.75,25.625,25.75,8.608728408813477,324000,ETR
1996-07-24,25.625,25.75,25.375,25.5,8.525141716003418,404400,ETR
1996-07-25,25.625,25.6875,25.5,25.5,8.525141716003418,413600,ETR
1996-07-26,25.5,25.625,25.5,25.625,8.56693172454834,212600,ETR
1996-07-29,25.5,25.5,25.25,25.25,8.441559791564941,218600,ETR
1996-07-30,25.375,25.375,24.875,25.375,8.483349800109863,308400,ETR
1996-07-31,25.25,25.625,25.25,25.5,8.525141716003418,500000,ETR
1996-08-01,25.5,25.75,25.375,25.75,8.608728408813477,541200,ETR
1996-08-02,25.875,26.25,25.875,26.25,8.775884628295898,370700,ETR
1996-08-05,25.625,25.875,25.625,25.75,8.758879661560059,851800,ETR
1996-08-06,25.75,25.75,25.625,25.625,8.716355323791504,451500,ETR
1996-08-07,25.875,26.0,25.625,25.75,8.758879661560059,763100,ETR
1996-08-08,25.75,25.875,25.75,25.875,8.80139446258545,168000,ETR
1996-08-09,25.875,26.0,25.875,25.875,8.80139446258545,173700,ETR
1996-08-12,25.75,26.0,25.625,25.75,8.758879661560059,216900,ETR
1996-08-13,25.75,26.0,25.75,25.875,8.80139446258545,312400,ETR
1996-08-14,26.0,26.125,25.75,26.125,8.886433601379395,331900,ETR
1996-08-15,26.0,26.375,26.0,26.125,8.886433601379395,549500,ETR
1996-08-16,26.25,26.25,26.125,26.125,8.886433601379395,276000,ETR
1996-08-19,26.125,26.125,25.75,25.875,8.80139446258545,220400,ETR
1996-08-20,25.875,26.25,25.75,26.25,8.928951263427734,555900,ETR
1996-08-21,26.125,26.625,26.125,26.625,9.05650520324707,803500,ETR
1996-08-22,26.5,26.75,26.375,26.75,9.099023818969727,746200,ETR
1996-08-23,26.625,27.0,26.625,26.875,9.141545295715332,902900,ETR
1996-08-26,26.75,26.75,26.625,26.75,9.099023818969727,482900,ETR
1996-08-27,26.625,26.75,26.375,26.5,9.013982772827148,459800,ETR
1996-08-28,26.5,26.5,26.125,26.25,8.928951263427734,175000,ETR
1996-08-29,26.125,26.375,26.0625,26.125,8.886433601379395,315800,ETR
1996-08-30,26.0,26.0,25.25,25.375,8.631316184997559,254900,ETR
1996-09-03,25.375,25.5,24.875,25.5,8.673835754394531,290000,ETR
1996-09-04,25.625,25.75,25.25,25.625,8.716355323791504,356000,ETR
1996-09-05,25.375,25.75,25.375,25.75,8.758879661560059,522700,ETR
1996-09-06,25.625,25.75,25.375,25.75,8.758879661560059,326700,ETR
1996-09-09,25.875,26.0,25.75,26.0,8.84390926361084,345500,ETR
1996-09-10,26.0,26.25,25.875,26.125,8.886433601379395,646800,ETR
1996-09-11,26.0,26.375,26.0,26.375,8.971466064453125,1871500,ETR
1996-09-12,26.375,26.875,26.25,26.75,9.099023818969727,1252000,ETR
1996-09-13,26.75,26.875,26.75,26.875,9.141545295715332,879700,ETR
1996-09-16,27.0,27.3125,26.875,27.125,9.226581573486328,917600,ETR
1996-09-17,27.125,27.375,27.0,27.25,9.269098281860352,721000,ETR
1996-09-18,27.25,27.25,27.0,27.125,9.226581573486328,746000,ETR
1996-09-19,27.125,27.25,26.875,27.0,9.184063911437988,546500,ETR
1996-09-20,27.125,27.1875,27.0,27.125,9.226581573486328,795200,ETR
1996-09-23,26.875,27.25,26.875,27.25,9.269098281860352,371000,ETR
1996-09-24,27.25,27.375,27.125,27.375,9.311616897583008,271900,ETR
1996-09-25,27.375,27.5,27.25,27.25,9.269098281860352,991300,ETR
1996-09-26,27.375,27.375,26.75,26.75,9.099023818969727,628700,ETR
1996-09-27,26.875,26.875,26.625,26.75,9.099023818969727,254000,ETR
1996-09-30,26.875,27.0,26.75,27.0,9.184063911437988,318900,ETR
1996-10-01,26.875,27.0625,26.875,26.875,9.141545295715332,932800,ETR
1996-10-02,26.875,27.0,26.75,26.875,9.141545295715332,455000,ETR
1996-10-03,26.75,27.0,26.75,27.0,9.184063911437988,492900,ETR
1996-10-04,27.0,27.375,26.875,27.375,9.311616897583008,1227200,ETR
1996-10-07,27.5,27.625,27.25,27.5,9.354134559631348,527800,ETR
1996-10-08,27.5,27.75,27.25,27.375,9.311616897583008,437800,ETR
1996-10-09,27.25,27.375,26.875,26.875,9.141545295715332,176000,ETR
1996-10-10,27.0,27.0,26.75,26.75,9.099023818969727,347000,ETR
1996-10-11,26.875,27.125,26.75,27.0,9.184063911437988,438500,ETR
1996-10-14,27.0,27.25,27.0,27.125,9.226581573486328,155300,ETR
1996-10-15,27.25,27.5,27.125,27.5,9.354134559631348,346100,ETR
1996-10-16,27.375,27.75,27.25,27.625,9.39665412902832,487800,ETR
1996-10-17,27.5,27.75,27.375,27.625,9.39665412902832,373600,ETR
1996-10-18,27.625,27.625,27.25,27.375,9.311616897583008,371000,ETR
1996-10-21,27.375,27.5,27.125,27.25,9.269098281860352,287600,ETR
1996-10-22,27.5,27.625,27.125,27.25,9.269098281860352,495600,ETR
1996-10-23,27.125,27.375,27.125,27.375,9.311616897583008,350800,ETR
1996-10-24,27.375,27.75,27.375,27.75,9.439179420471191,357600,ETR
1996-10-25,27.75,27.875,27.5,27.5,9.354134559631348,344900,ETR
1996-10-28,27.625,27.75,27.5,27.75,9.439179420471191,509400,ETR
1996-10-29,27.75,28.125,27.75,28.0,9.524214744567871,661700,ETR
1996-10-30,28.125,28.375,28.125,28.125,9.566733360290527,789800,ETR
1996-10-31,28.0,28.125,27.875,28.0,9.524214744567871,896700,ETR
1996-11-01,28.125,28.75,28.0,28.625,9.73680591583252,1067100,ETR
1996-11-04,28.0,28.125,27.75,27.875,9.633134841918945,1128800,ETR
1996-11-05,28.0,28.25,27.875,28.125,9.719524383544922,1520000,ETR
1996-11-06,28.125,28.625,28.125,28.5,9.84911823272705,832900,ETR
1996-11-07,28.375,28.75,28.375,28.75,9.935518264770508,647500,ETR
1996-11-08,28.75,28.75,28.5,28.625,9.892318725585938,193300,ETR
1996-11-11,28.5,28.75,28.5,28.75,9.935518264770508,167400,ETR
1996-11-12,28.75,29.0,28.75,28.875,9.978718757629395,351600,ETR
1996-11-13,28.875,28.875,28.625,28.75,9.935518264770508,380300,ETR
1996-11-14,28.625,28.75,28.5,28.625,9.892318725585938,758000,ETR
1996-11-15,28.625,28.625,28.25,28.375,9.805929183959961,426400,ETR
1996-11-18,28.375,28.5,27.875,28.125,9.719524383544922,445700,ETR
1996-11-19,28.125,28.75,27.875,28.625,9.892318725585938,2085600,ETR
1996-11-20,28.5,28.5,28.25,28.25,9.762723922729492,356200,ETR
1996-11-21,28.5,28.625,28.5,28.625,9.892318725585938,765800,ETR
1996-11-22,28.75,28.875,28.125,28.375,9.805929183959961,725900,ETR
1996-11-25,28.25,28.25,27.875,28.125,9.719524383544922,1340200,ETR
1996-11-26,28.125,28.25,27.625,27.625,9.546734809875488,845600,ETR
1996-11-27,27.625,27.75,27.375,27.375,9.460335731506348,434900,ETR
1996-11-29,27.375,27.375,27.125,27.125,9.373939514160156,177400,ETR
1996-12-02,27.125,27.5,27.0,27.25,9.417143821716309,567400,ETR
1996-12-03,27.5,28.125,27.25,27.25,9.417143821716309,244200,ETR
1996-12-04,27.125,27.75,27.125,27.625,9.546734809875488,865000,ETR
1996-12-05,27.625,27.75,27.5,27.75,9.58993911743164,491800,ETR
1996-12-06,27.5,27.5,27.0,27.5,9.503538131713867,213200,ETR
1996-12-09,27.625,27.625,27.25,27.5,9.503538131713867,687500,ETR
1996-12-10,27.5,27.75,27.25,27.75,9.58993911743164,1050900,ETR
1996-12-11,27.5,27.625,27.375,27.625,9.546734809875488,365500,ETR
1996-12-12,27.75,27.75,27.375,27.375,9.460335731506348,238700,ETR
1996-12-13,27.125,27.625,27.0,27.625,9.546734809875488,536200,ETR
1996-12-16,27.5,27.5,27.25,27.375,9.460335731506348,418300,ETR
1996-12-17,27.25,27.5,27.125,27.5,9.503538131713867,330000,ETR
1996-12-18,28.5,28.5,27.625,28.0,9.676328659057617,1962800,ETR
1996-12-19,28.0,28.0,27.625,27.625,9.546734809875488,391400,ETR
1996-12-20,28.25,28.25,27.875,28.25,9.762723922729492,1194700,ETR
1996-12-23,28.25,28.75,28.25,28.625,9.892318725585938,854100,ETR
1996-12-24,28.5,28.5,27.875,28.25,9.762723922729492,387700,ETR
1996-12-26,28.125,28.25,27.875,28.125,9.719524383544922,408800,ETR
1996-12-27,28.125,28.125,27.875,28.125,9.719524383544922,334900,ETR
1996-12-30,28.125,28.125,27.875,28.125,9.719524383544922,458600,ETR
1996-12-31,28.0,28.0,27.625,27.625,9.546734809875488,320400,ETR
1997-01-02,27.75,27.75,27.375,27.5,9.503538131713867,417300,ETR
1997-01-03,27.75,28.125,27.625,27.625,9.546734809875488,394500,ETR
1997-01-06,27.75,27.875,27.5,27.875,9.633134841918945,411600,ETR
1997-01-07,27.75,28.0,27.625,27.875,9.633134841918945,666900,ETR
1997-01-08,28.0,28.375,28.0,28.25,9.762723922729492,341300,ETR
1997-01-09,28.375,28.375,28.0,28.0,9.676328659057617,1118200,ETR
1997-01-10,27.75,27.875,27.5,27.625,9.546734809875488,610900,ETR
1997-01-13,27.75,27.9375,27.625,27.75,9.58993911743164,478000,ETR
1997-01-14,27.875,28.125,27.75,27.875,9.633134841918945,257400,ETR
1997-01-15,27.75,28.25,27.75,28.25,9.762723922729492,1035700,ETR
1997-01-16,28.125,28.25,27.75,27.875,9.633134841918945,940500,ETR
1997-01-17,27.75,27.875,27.75,27.875,9.633134841918945,743100,ETR
1997-01-20,27.75,27.75,27.625,27.75,9.58993911743164,275000,ETR
1997-01-21,27.625,27.625,27.375,27.5,9.503538131713867,449800,ETR
1997-01-22,27.75,27.75,27.5,27.625,9.546734809875488,606800,ETR
1997-01-23,27.75,28.0,27.625,27.625,9.546734809875488,831000,ETR
1997-01-24,27.5,27.5,27.25,27.25,9.417143821716309,488000,ETR
1997-01-27,27.25,27.25,26.625,26.75,9.244351387023926,1272700,ETR
1997-01-28,26.875,27.0,26.375,26.625,9.201154708862305,729200,ETR
1997-01-29,26.625,26.75,26.125,26.25,9.071563720703125,501900,ETR
1997-01-30,26.5,26.625,26.25,26.5,9.157955169677734,451000,ETR
1997-01-31,26.625,27.375,26.25,27.25,9.417143821716309,903500,ETR
1997-02-03,26.75,26.875,26.625,26.75,9.244351387023926,266200,ETR
1997-02-04,26.75,27.125,26.75,26.875,9.287552833557129,395800,ETR
1997-02-05,27.125,27.125,26.375,26.375,9.114757537841797,399000,ETR
1997-02-06,26.375,26.5,26.125,26.375,9.114757537841797,330000,ETR
1997-02-07,26.5,26.75,26.375,26.75,9.244351387023926,3560700,ETR
1997-02-10,26.375,27.0,26.25,26.25,9.226776123046875,3101800,ETR
1997-02-11,26.5,26.625,26.5,26.625,9.358587265014648,1010400,ETR
1997-02-12,26.5,26.75,26.5,26.75,9.402527809143066,1094600,ETR
1997-02-13,26.75,27.25,26.625,27.25,9.57827091217041,1225100,ETR
1997-02-14,27.0,27.0,26.625,26.75,9.402527809143066,2198600,ETR
1997-02-18,26.75,26.875,26.625,26.875,9.446464538574219,392000,ETR
1997-02-19,26.75,26.875,26.625,26.625,9.358587265014648,544000,ETR
1997-02-20,26.75,26.75,26.5,26.5,9.314652442932129,622300,ETR
1997-02-21,26.625,26.625,26.5,26.625,9.358587265014648,489800,ETR
1997-02-24,26.5,26.875,26.5,26.75,9.402527809143066,673300,ETR
1997-02-25,26.625,26.6875,26.5,26.625,9.358587265014648,311300,ETR
1997-02-26,26.5,26.5,26.25,26.5,9.314652442932129,549800,ETR
1997-02-27,26.5,26.5,26.0,26.0,9.138901710510254,230100,ETR
1997-02-28,26.125,26.375,26.125,26.375,9.270709991455078,506700,ETR
1997-03-03,26.25,26.5,26.25,26.5,9.314652442932129,437000,ETR
1997-03-04,26.625,26.75,26.5,26.75,9.402527809143066,341800,ETR
1997-03-05,26.75,27.0,26.625,26.875,9.446464538574219,467800,ETR
1997-03-06,26.875,26.875,26.0,26.5,9.314652442932129,690800,ETR
1997-03-07,26.375,26.625,26.375,26.5,9.314652442932129,470200,ETR
1997-03-10,26.375,26.375,26.125,26.125,9.182841300964355,409800,ETR
1997-03-11,26.125,26.25,25.9375,26.0,9.138901710510254,421200,ETR
1997-03-12,26.0,26.125,25.875,26.125,9.182841300964355,586300,ETR
1997-03-13,25.875,26.0,25.75,25.75,9.051029205322266,348800,ETR
1997-03-14,25.75,25.875,25.375,25.625,9.007087707519531,344200,ETR
1997-03-17,25.375,26.125,25.25,26.0,9.138901710510254,532800,ETR
1997-03-18,25.875,25.875,25.375,25.5,8.963150024414062,431000,ETR
1997-03-19,25.5,25.625,25.25,25.5,8.963150024414062,496300,ETR
1997-03-20,25.375,25.375,24.875,25.0,8.787407875061035,583400,ETR
1997-03-21,25.125,25.125,24.75,25.0,8.787407875061035,903400,ETR
1997-03-24,25.0,25.0,24.6875,24.75,8.699533462524414,569100,ETR
1997-03-25,24.875,25.5,24.875,25.25,8.87528133392334,621000,ETR
1997-03-26,25.125,25.125,24.5,24.625,8.655594825744629,539000,ETR
1997-03-27,24.625,24.625,24.25,24.25,8.523785591125488,510800,ETR
1997-03-31,24.125,24.75,24.0,24.5,8.611662864685059,405400,ETR
1997-04-01,24.125,24.375,24.0,24.25,8.523785591125488,456400,ETR
1997-04-02,24.25,24.625,24.125,24.25,8.523785591125488,240500,ETR
1997-04-03,24.0,24.125,23.75,23.875,8.391973495483398,478900,ETR
1997-04-04,23.625,23.875,23.625,23.75,8.34803581237793,778300,ETR
1997-04-07,23.75,23.75,23.625,23.75,8.34803581237793,679600,ETR
1997-04-08,23.75,24.0,23.375,23.5,8.260164260864258,756900,ETR
1997-04-09,23.5,23.5,23.25,23.25,8.172287940979004,509500,ETR
1997-04-10,23.25,23.375,23.0,23.25,8.172287940979004,847400,ETR
1997-04-11,23.0,23.125,22.625,22.75,7.996541500091553,638000,ETR
1997-04-14,22.75,22.875,22.375,22.875,8.040480613708496,475400,ETR
1997-04-15,22.875,23.125,22.75,23.0,8.084409713745117,1161100,ETR
1997-04-16,22.875,23.125,22.5,23.125,8.128350257873535,1500100,ETR
1997-04-17,23.25,23.25,23.0,23.125,8.128350257873535,647900,ETR
1997-04-18,23.25,23.5,23.125,23.375,8.216224670410156,549700,ETR
1997-04-21,23.5,23.5,23.125,23.25,8.172287940979004,625200,ETR
1997-04-22,23.125,23.375,23.125,23.375,8.216224670410156,488300,ETR
1997-04-23,23.375,23.375,23.25,23.375,8.216224670410156,282500,ETR
1997-04-24,23.375,23.5,23.0,23.125,8.128350257873535,1355100,ETR
1997-04-25,23.125,23.25,22.875,23.125,8.128350257873535,647600,ETR
1997-04-28,23.0,23.375,23.0,23.25,8.172287940979004,768600,ETR
1997-04-29,23.625,23.625,23.375,23.5,8.260164260864258,677100,ETR
1997-04-30,23.5,23.5,23.0,23.375,8.216224670410156,649500,ETR
1997-05-01,23.25,23.5,23.125,23.5,8.260164260864258,617300,ETR
1997-05-02,23.5,23.875,23.375,23.75,8.34803581237793,325800,ETR
1997-05-05,23.875,24.625,23.875,24.625,8.655594825744629,975400,ETR
1997-05-06,24.625,25.375,24.625,25.25,8.87528133392334,1118000,ETR
1997-05-07,25.375,25.5,24.9375,25.0,8.787407875061035,633600,ETR
1997-05-08,24.875,25.5,24.75,25.5,8.963150024414062,1015400,ETR
1997-05-09,25.375,25.5,24.875,25.25,8.87528133392334,3725200,ETR
1997-05-12,24.875,25.25,24.75,25.125,8.991589546203613,3087100,ETR
1997-05-13,25.125,25.5,25.0,25.375,9.08105754852295,1089600,ETR
1997-05-14,25.625,26.25,25.5,26.25,9.394201278686523,1138700,ETR
1997-05-15,26.0,26.25,25.9375,26.125,9.349465370178223,964800,ETR
1997-05-16,26.125,26.25,25.875,26.25,9.394201278686523,837900,ETR
1997-05-19,25.875,26.0,25.5,25.875,9.25999641418457,395900,ETR
1997-05-20,25.75,25.875,25.625,25.625,9.170525550842285,856300,ETR
1997-05-21,25.625,25.625,25.25,25.375,9.08105754852295,683500,ETR
1997-05-22,25.375,25.5,25.25,25.5,9.125792503356934,311300,ETR
1997-05-23,25.375,25.625,25.25,25.375,9.08105754852295,217900,ETR
1997-05-27,25.375,26.0,25.25,26.0,9.304729461669922,761300,ETR
1997-05-28,26.0,26.3125,25.75,26.25,9.394201278686523,559400,ETR
1997-05-29,26.25,26.25,26.0,26.125,9.349465370178223,333400,ETR
1997-05-30,26.125,26.5,26.125,26.375,9.438931465148926,797300,ETR
1997-06-02,26.5,26.625,26.125,26.5,9.483662605285645,373700,ETR
1997-06-03,26.5,26.625,26.375,26.5,9.483662605285645,525100,ETR
1997-06-04,26.625,26.875,26.375,26.875,9.617873191833496,464600,ETR
1997-06-05,26.875,27.25,26.875,27.25,9.752071380615234,856000,ETR
1997-06-06,27.25,27.25,27.0,27.0,9.662604331970215,310200,ETR
1997-06-09,27.125,27.125,26.625,26.75,9.573131561279297,483700,ETR
1997-06-10,26.875,26.875,26.125,26.25,9.394201278686523,1448900,ETR
1997-06-11,26.5,27.0,26.375,26.75,9.573131561279297,906400,ETR
1997-06-12,27.0,27.0,26.625,26.75,9.573131561279297,769000,ETR
1997-06-13,26.625,26.875,26.625,26.75,9.573131561279297,394900,ETR
1997-06-16,27.0,27.0,26.75,26.875,9.617873191833496,294700,ETR
1997-06-17,26.75,27.5,26.625,27.375,9.796807289123535,547500,ETR
1997-06-18,27.25,27.5,27.125,27.25,9.752071380615234,545300,ETR
1997-06-19,27.5,27.5,27.125,27.125,9.7073335647583,584000,ETR
1997-06-20,27.125,27.375,27.125,27.25,9.752071380615234,861200,ETR
1997-06-23,27.375,27.375,26.875,27.0,9.662604331970215,425700,ETR
1997-06-24,26.875,26.875,26.5625,26.625,9.528403282165527,488100,ETR
1997-06-25,26.625,27.125,26.625,26.8125,9.595500946044922,537200,ETR
1997-06-26,26.8125,27.0,26.375,26.4375,9.461297988891602,578900,ETR
1997-06-27,26.5625,27.0,26.5,27.0,9.662604331970215,897100,ETR
1997-06-30,26.9375,27.5,26.6875,27.5,9.841540336608887,670000,ETR
1997-07-01,27.25,27.5,26.75,26.8125,9.595500946044922,399200,ETR
1997-07-02,27.0625,27.4375,27.0,27.4375,9.819177627563477,471700,ETR
1997-07-03,27.625,27.875,27.5625,27.875,9.97574234008789,261000,ETR
1997-07-07,28.0,28.0,27.5,27.5625,9.863906860351562,597000,ETR
1997-07-08,27.4375,27.6875,27.3125,27.5625,9.863906860351562,377600,ETR
1997-07-09,27.5625,27.875,27.3125,27.875,9.97574234008789,1522700,ETR
1997-07-10,27.75,27.9375,27.5,27.8125,9.95337200164795,263000,ETR
1997-07-11,27.875,27.9375,27.5625,27.5625,9.863906860351562,286300,ETR
1997-07-14,27.625,27.75,27.5,27.5625,9.863906860351562,503300,ETR
1997-07-15,27.5,27.875,27.25,27.8125,9.95337200164795,505600,ETR
1997-07-16,27.9375,28.0,27.5,27.6875,9.90864086151123,742800,ETR
1997-07-17,27.5,27.625,27.3125,27.625,9.886274337768555,959700,ETR
1997-07-18,27.5,27.5625,27.0,27.25,9.752071380615234,633500,ETR
1997-07-21,27.0,27.0,26.4375,26.8125,9.595500946044922,563300,ETR
1997-07-22,26.8125,27.3125,26.75,27.3125,9.774441719055176,561400,ETR
1997-07-23,27.375,27.4375,26.875,26.9375,9.640235900878906,1280600,ETR
1997-07-24,26.8125,26.875,26.4375,26.5625,9.506037712097168,535000,ETR
1997-07-25,26.625,26.625,26.25,26.4375,9.461297988891602,738500,ETR
1997-07-28,26.5,26.875,26.4375,26.875,9.617873191833496,689200,ETR
1997-07-29,26.875,27.125,26.6875,27.125,9.7073335647583,687700,ETR
1997-07-30,27.1875,27.3125,27.0625,27.125,9.7073335647583,653000,ETR
1997-07-31,27.1875,27.375,27.0,27.3125,9.774441719055176,859000,ETR
1997-08-01,26.75,26.75,26.375,26.5,9.483662605285645,786100,ETR
1997-08-04,26.5,26.5625,26.3125,26.375,9.438931465148926,1683200,ETR
1997-08-05,26.375,26.4375,26.125,26.25,9.394201278686523,545900,ETR
1997-08-06,26.375,26.5,26.1875,26.375,9.438931465148926,449700,ETR
1997-08-07,26.3125,26.5625,26.125,26.25,9.394201278686523,1260600,ETR
1997-08-08,26.125,26.1875,25.625,25.9375,9.28236198425293,2613600,ETR
1997-08-11,25.5,25.6875,25.125,25.4375,9.264155387878418,1522400,ETR
1997-08-12,25.4375,25.5,24.875,25.0625,9.127586364746094,598300,ETR
1997-08-13,25.25,25.4375,25.125,25.375,9.241389274597168,588400,ETR
1997-08-14,25.375,25.5,25.25,25.375,9.241389274597168,543500,ETR
1997-08-15,25.375,25.4375,24.6875,24.6875,8.991009712219238,427800,ETR
1997-08-18,24.75,24.9375,24.5,24.9375,9.08205795288086,480000,ETR
1997-08-19,25.0625,25.1875,24.75,24.9375,9.08205795288086,463800,ETR
1997-08-20,24.875,25.0,24.8125,24.875,9.059292793273926,410400,ETR
1997-08-21,24.875,25.0625,24.5625,24.625,8.968243598937988,1394500,ETR
1997-08-22,24.3125,24.6875,24.0625,24.6875,8.991009712219238,1085800,ETR
1997-08-25,24.5625,24.8125,24.4375,24.8125,9.036535263061523,656800,ETR
1997-08-26,24.8125,25.0,24.75,24.875,9.059292793273926,408400,ETR
1997-08-27,24.6875,24.8125,24.5625,24.75,9.013772010803223,722000,ETR
1997-08-28,24.8125,25.1875,24.75,25.015625,9.11051082611084,668900,ETR
1997-08-29,25.0625,25.1875,24.625,24.8125,9.036535263061523,371700,ETR
1997-09-02,24.875,25.25,24.875,25.0,9.10482120513916,865800,ETR
1997-09-03,25.25,25.3125,24.9375,24.9375,9.08205795288086,390700,ETR
1997-09-04,25.0,25.3125,25.0,25.25,9.195865631103516,311200,ETR
1997-09-05,25.25,25.375,25.0625,25.25,9.195865631103516,417600,ETR
1997-09-08,25.4375,25.5,25.25,25.3125,9.2186279296875,142200,ETR
1997-09-09,25.1875,25.9375,25.1875,25.8125,9.40072250366211,873400,ETR
1997-09-10,25.6875,25.875,25.375,25.375,9.241389274597168,438300,ETR
1997-09-11,25.3125,25.4375,25.0625,25.1875,9.173102378845215,501000,ETR
1997-09-12,25.25,25.5625,25.0,25.125,9.150346755981445,1138700,ETR
1997-09-15,25.125,25.484375,25.0625,25.25,9.195865631103516,964500,ETR
1997-09-16,25.4375,25.6875,25.3125,25.625,9.332435607910156,690600,ETR
1997-09-17,25.625,25.6875,25.125,25.1875,9.173102378845215,585500,ETR
1997-09-18,25.25,25.625,25.1875,25.5,9.286918640136719,550400,ETR
1997-09-19,25.5,25.75,25.5,25.5,9.286918640136719,570900,ETR
1997-09-22,25.5,25.6875,25.25,25.25,9.195865631103516,393900,ETR
1997-09-23,25.375,25.4375,25.1875,25.4375,9.264155387878418,570300,ETR
1997-09-24,25.6875,25.9375,25.625,25.75,9.377962112426758,1228300,ETR
1997-09-25,25.625,25.8125,25.5625,25.75,9.377962112426758,474400,ETR
1997-09-26,25.8125,26.125,25.8125,26.125,9.514535903930664,717900,ETR
1997-09-29,26.125,26.125,25.875,26.0625,9.491768836975098,411900,ETR
1997-09-30,26.0625,26.1875,25.9375,26.0625,9.491768836975098,548400,ETR
1997-10-01,25.25,25.3125,25.0,25.3125,9.2186279296875,1758700,ETR
1997-10-02,25.375,25.875,25.25,25.875,9.423486709594727,1769200,ETR
1997-10-03,26.125,26.1875,25.625,25.875,9.423486709594727,1790400,ETR
1997-10-06,25.875,25.875,25.25,25.3125,9.2186279296875,1326200,ETR
1997-10-07,25.375,25.375,24.6875,24.8125,9.036535263061523,1658500,ETR
1997-10-08,24.875,24.875,24.375,24.5,8.922719955444336,1423200,ETR
1997-10-09,24.375,24.625,24.3125,24.625,8.968243598937988,1484500,ETR
1997-10-10,24.5625,25.1875,24.5,25.0625,9.127586364746094,1978800,ETR
1997-10-13,25.125,25.25,25.0,25.25,9.195865631103516,803400,ETR
1997-10-14,25.5625,25.5625,25.25,25.375,9.241389274597168,744300,ETR
1997-10-15,25.4375,25.5,25.28125,25.375,9.241389274597168,764700,ETR
1997-10-16,25.375,25.5625,25.375,25.4375,9.264155387878418,1077500,ETR
1997-10-17,25.375,25.625,25.1875,25.625,9.332435607910156,1350600,ETR
1997-10-20,25.5,26.0,25.375,25.5625,9.309676170349121,782100,ETR
1997-10-21,25.5,26.0625,25.5,26.0,9.469011306762695,3425200,ETR
1997-10-22,26.0,26.0,25.625,25.75,9.377962112426758,434800,ETR
1997-10-23,25.5,25.6875,25.4375,25.5625,9.309676170349121,345800,ETR
1997-10-24,25.5625,25.75,25.4375,25.625,9.332435607910156,646200,ETR
1997-10-27,25.4375,25.6875,24.5,24.5,8.922719955444336,526400,ETR
1997-10-28,23.875,24.75,23.0,24.75,9.013772010803223,1015600,ETR
1997-10-29,24.6875,25.1875,24.25,24.875,9.059292793273926,980000,ETR
1997-10-30,24.75,25.0,24.75,24.8125,9.036535263061523,868200,ETR
1997-10-31,24.875,24.875,24.375,24.375,8.87719440460205,919600,ETR
1997-11-03,24.625,24.75,24.4375,24.75,9.013772010803223,579900,ETR
1997-11-04,24.75,24.9375,24.6875,24.6875,8.991009712219238,846900,ETR
1997-11-05,24.875,24.9375,24.625,24.625,8.968243598937988,490200,ETR
1997-11-06,24.6875,24.75,24.0,24.4375,8.899958610534668,3870400,ETR
1997-11-07,23.5625,23.5625,23.21875,23.4375,8.69589614868164,3181300,ETR
1997-11-10,23.4375,24.0625,23.3125,24.0625,8.927786827087402,983000,ETR
1997-11-11,24.0625,24.25,24.0625,24.1875,8.974167823791504,1963000,ETR
1997-11-12,24.0,24.6875,24.0,24.5625,9.113296508789062,1820100,ETR
1997-11-13,24.625,24.6875,24.375,24.375,9.043734550476074,568800,ETR
1997-11-14,24.4375,24.546875,24.125,24.125,8.950974464416504,462100,ETR
1997-11-17,24.75,24.75,24.5625,24.75,9.18286418914795,811900,ETR
1997-11-18,24.75,24.8125,24.4375,24.5625,9.113296508789062,724200,ETR
1997-11-19,24.5625,24.75,24.3125,24.5,9.090109825134277,517300,ETR
1997-11-20,24.5625,25.25,24.5625,25.0625,9.298811912536621,636200,ETR
1997-11-21,25.1875,25.375,24.8125,25.375,9.414758682250977,528200,ETR
1997-11-24,25.25,25.625,25.1875,25.4375,9.437947273254395,1606600,ETR
1997-11-25,25.0,25.3125,24.6875,25.25,9.368375778198242,1461400,ETR
1997-11-26,25.25,25.6875,25.125,25.625,9.507516860961914,782200,ETR
1997-11-28,25.6875,26.0625,25.625,26.0,9.646648406982422,371500,ETR
1997-12-01,26.0625,26.4375,26.03125,26.4375,9.808968544006348,1170900,ETR
1997-12-02,26.5,26.5,26.1875,26.3125,9.762592315673828,470200,ETR
1997-12-03,26.3125,26.5,26.25,26.25,9.739402770996094,2327900,ETR
1997-12-04,26.3125,26.3125,26.0625,26.0625,9.669836044311523,675100,ETR
1997-12-05,26.0,26.4375,26.0,26.25,9.739402770996094,355800,ETR
1997-12-08,26.4375,26.4375,26.1875,26.4375,9.808968544006348,371300,ETR
1997-12-09,26.375,26.4375,26.3125,26.4375,9.808968544006348,483600,ETR
1997-12-10,26.4375,26.875,26.4375,26.875,9.971296310424805,611800,ETR
1997-12-11,26.875,27.25,26.8125,26.875,9.971296310424805,842400,ETR
1997-12-12,26.9375,27.6875,26.6875,27.5,10.20318603515625,656800,ETR
1997-12-15,27.375,27.4375,27.0625,27.4375,10.179999351501465,756000,ETR
1997-12-16,27.5625,27.9375,27.375,27.5625,10.226373672485352,424100,ETR
1997-12-17,27.6875,27.6875,27.4375,27.625,10.249563217163086,510500,ETR
1997-12-18,27.625,27.75,27.4375,27.75,10.295941352844238,418600,ETR
1997-12-19,27.125,28.0,27.125,27.875,10.342318534851074,843800,ETR
1997-12-22,27.9375,28.625,27.5,28.625,10.620588302612305,775700,ETR
1997-12-23,28.5625,29.1875,28.0,28.625,10.620588302612305,1064000,ETR
1997-12-24,29.125,29.375,28.875,29.0625,10.782909393310547,311600,ETR
1997-12-26,29.1875,29.4375,28.9375,28.9375,10.736534118652344,191100,ETR
1997-12-29,29.1875,30.0,29.125,29.75,11.037993431091309,1250000,ETR
1997-12-30,29.875,30.0,29.6875,29.9375,11.107558250427246,432200,ETR
1997-12-31,30.0,30.25,29.9375,29.9375,11.107558250427246,413200,ETR
1998-01-02,29.9375,30.125,29.5625,29.75,11.037993431091309,547800,ETR
1998-01-05,29.5625,30.0,28.9375,29.125,10.806097030639648,1167100,ETR
1998-01-06,29.0,29.25,28.625,28.6875,10.643775939941406,503400,ETR
1998-01-07,28.6875,28.6875,28.0,28.5,10.574211120605469,1098100,ETR
1998-01-08,28.4375,28.5625,27.9375,28.5,10.574211120605469,982400,ETR
1998-01-09,28.5,28.5625,27.875,27.875,10.342318534851074,814600,ETR
1998-01-12,27.875,28.625,27.75,28.5625,10.597404479980469,744800,ETR
1998-01-13,28.625,28.6875,27.8125,28.6875,10.643775939941406,1306700,ETR
1998-01-14,28.75,28.9375,28.4375,28.5,10.574211120605469,1242900,ETR
1998-01-15,28.4375,28.4375,27.625,27.8125,10.319132804870605,722800,ETR
1998-01-16,28.0,28.5,27.9375,28.0,10.38869571685791,621700,ETR
1998-01-20,28.1875,28.25,27.9375,28.25,10.481452941894531,803300,ETR
1998-01-21,28.125,28.8125,28.0625,28.6875,10.643775939941406,866100,ETR
1998-01-22,28.5,29.0625,28.375,28.625,10.620588302612305,2032200,ETR
1998-01-23,28.625,28.75,28.4375,28.5625,10.597404479980469,739900,ETR
1998-01-26,28.5625,28.8125,28.375,28.5,10.574211120605469,316800,ETR
1998-01-27,28.5,28.75,28.4375,28.4375,10.551019668579102,516300,ETR
1998-01-28,28.4375,28.75,28.4375,28.5,10.574211120605469,430500,ETR
1998-01-29,28.5625,29.25,28.4375,29.0,10.759725570678711,1351900,ETR
1998-01-30,28.875,29.0,28.625,28.625,10.620588302612305,320500,ETR
1998-02-02,28.8125,29.25,28.8125,28.9375,10.736534118652344,612300,ETR
1998-02-03,29.0625,29.1875,28.9375,29.0625,10.782909393310547,413600,ETR
1998-02-04,29.0,29.1875,28.875,29.0,10.759725570678711,291100,ETR
1998-02-05,29.0,29.0625,28.8125,28.9375,10.736534118652344,405000,ETR
1998-02-06,28.9375,29.25,28.9375,29.0,10.759725570678711,3039200,ETR
1998-02-09,28.6875,28.6875,28.1875,28.5625,10.764439582824707,320800,ETR
1998-02-10,28.4375,28.8125,28.25,28.75,10.835098266601562,1569100,ETR
1998-02-11,28.75,28.75,28.5625,28.6875,10.811542510986328,390800,ETR
1998-02-12,28.6875,28.75,28.375,28.5625,10.764439582824707,356000,ETR
1998-02-13,28.5625,28.8125,28.5625,28.8125,10.858654022216797,478700,ETR
1998-02-17,28.75,28.9375,28.5625,28.6875,10.811542510986328,249400,ETR
1998-02-18,28.75,29.0,28.75,28.9375,10.905762672424316,1334900,ETR
1998-02-19,28.9375,29.0,28.875,28.9375,10.905762672424316,260900,ETR
1998-02-20,28.9375,28.9375,28.75,28.9375,10.905762672424316,365600,ETR
1998-02-23,28.9375,29.0,28.8125,28.9375,10.905762672424316,277700,ETR
1998-02-24,28.875,29.0625,28.8125,29.0,10.929320335388184,572100,ETR
1998-02-25,29.0625,29.25,28.9375,29.0,10.929320335388184,886900,ETR
1998-02-26,29.0,29.125,28.9375,29.0,10.929320335388184,963100,ETR
1998-02-27,28.9375,28.9375,28.75,28.9375,10.905762672424316,525600,ETR
1998-03-02,28.8125,28.9375,28.8125,28.9375,10.905762672424316,458000,ETR
1998-03-03,28.9375,28.9375,28.8125,28.875,10.882206916809082,499300,ETR
1998-03-04,28.8125,29.125,28.8125,29.0625,10.952872276306152,387900,ETR
1998-03-05,29.0625,29.0625,28.625,28.8125,10.858654022216797,416400,ETR
1998-03-06,28.0625,28.0625,27.3125,28.0,10.552441596984863,3951400,ETR
1998-03-09,27.875,28.75,27.8125,28.375,10.693769454956055,4595600,ETR
1998-03-10,28.5,28.625,28.3125,28.4375,10.717324256896973,3440000,ETR
1998-03-11,28.4375,28.5,28.1875,28.1875,10.623103141784668,1327000,ETR
1998-03-12,28.125,28.125,27.8125,27.8125,10.48178482055664,428200,ETR
1998-03-13,27.75,27.8125,27.6875,27.75,10.458222389221191,1180700,ETR
1998-03-16,27.875,27.9375,27.625,27.8125,10.48178482055664,589400,ETR
1998-03-17,27.8125,28.3125,27.8125,28.3125,10.670211791992188,2504400,ETR
1998-03-18,28.25,28.375,27.875,28.0625,10.575996398925781,1011600,ETR
1998-03-19,28.0,28.1875,27.875,28.125,10.599554061889648,397100,ETR
1998-03-20,28.3125,29.0,28.25,29.0,10.929320335388184,999400,ETR
1998-03-23,28.8125,29.125,28.6875,29.0625,10.952872276306152,1807400,ETR
1998-03-24,29.1875,29.1875,28.875,29.0625,10.952872276306152,500500,ETR
1998-03-25,29.0625,29.25,29.0,29.0625,10.952872276306152,896200,ETR
1998-03-26,29.125,29.125,29.0,29.0,10.929320335388184,1310900,ETR
1998-03-27,29.0625,29.125,29.0,29.0625,10.952872276306152,567800,ETR
1998-03-30,29.0625,29.5,29.0625,29.4375,11.094196319580078,579400,ETR
1998-03-31,29.375,29.8125,29.375,29.75,11.211973190307617,470100,ETR
1998-04-01,29.5625,29.625,29.3125,29.5,11.11775016784668,385300,ETR
1998-04-02,29.4375,29.4375,29.0625,29.375,11.070638656616211,610300,ETR
1998-04-03,29.25,29.25,29.0,29.0625,10.952872276306152,435700,ETR
1998-04-06,29.1875,29.25,29.0625,29.1875,10.999978065490723,514400,ETR
1998-04-07,29.125,29.125,28.8125,28.875,10.882206916809082,432700,ETR
1998-04-08,28.875,29.3125,28.875,29.125,10.976422309875488,879200,ETR
1998-04-09,29.125,29.125,28.9375,28.9375,10.905762672424316,501500,ETR
1998-04-13,28.875,28.875,28.0625,28.3125,10.670211791992188,755400,ETR
1998-04-14,28.25,28.5625,28.25,28.375,10.693769454956055,273700,ETR
1998-04-15,28.25,28.25,27.5625,27.75,10.458222389221191,851500,ETR
1998-04-16,27.875,28.0,27.5625,27.75,10.458222389221191,609500,ETR
1998-04-17,27.6875,28.0,27.5625,28.0,10.552441596984863,1435100,ETR
1998-04-20,27.875,27.9375,27.25,27.4375,10.340456008911133,295100,ETR
1998-04-21,27.375,27.5,27.0625,27.0625,10.199124336242676,528400,ETR
1998-04-22,27.0625,27.375,27.0625,27.25,10.269792556762695,289900,ETR
1998-04-23,27.0,27.125,26.625,26.875,10.128459930419922,650800,ETR
1998-04-24,26.9375,27.4375,26.625,27.0,10.175569534301758,1209200,ETR
1998-04-27,26.875,26.9375,26.5,26.5625,10.010692596435547,421500,ETR
1998-04-28,26.5,26.5625,25.5,25.5,9.610260963439941,955200,ETR
1998-04-29,25.75,25.8125,24.5,24.5625,9.256940841674805,1844800,ETR
1998-04-30,24.6875,24.9375,24.5625,24.875,9.374715805053711,2059800,ETR
1998-05-01,24.875,25.25,24.6875,25.1875,9.492487907409668,1398400,ETR
1998-05-04,25.25,25.875,25.125,25.8125,9.728033065795898,1980100,ETR
1998-05-05,25.8125,25.9375,25.5625,25.75,9.704472541809082,949000,ETR
1998-05-06,25.5625,25.6875,25.375,25.625,9.657370567321777,834100,ETR
1998-05-07,25.5625,25.625,25.5,25.625,9.657370567321777,1006800,ETR
1998-05-08,25.5625,25.9375,25.5625,25.6875,9.680925369262695,3333900,ETR
1998-05-11,25.1875,25.4375,24.875,25.0,9.589820861816406,1539100,ETR
1998-05-12,25.0,25.1875,24.875,24.875,9.541869163513184,796500,ETR
1998-05-13,24.875,24.9375,24.75,24.75,9.49392318725586,487200,ETR
1998-05-14,24.75,24.9375,24.625,24.6875,9.469945907592773,398100,ETR
1998-05-15,24.75,24.8125,24.0,24.1875,9.27815055847168,433900,ETR
1998-05-18,24.1875,24.625,24.1875,24.625,9.445975303649902,386300,ETR
1998-05-19,24.5625,24.6875,24.0,24.0625,9.23020076751709,304300,ETR
1998-05-20,24.1875,24.1875,23.875,23.9375,9.182250022888184,1006500,ETR
1998-05-21,24.0,24.125,23.4375,23.625,9.062381744384766,2966300,ETR
1998-05-22,23.5,23.5,23.25,23.4375,8.99045467376709,455500,ETR
1998-05-26,23.625,24.0,23.625,23.8125,9.134302139282227,763900,ETR
1998-05-27,25.0,25.9375,24.875,25.625,9.82956600189209,4123400,ETR
1998-05-28,25.5,25.875,25.375,25.8125,9.901488304138184,2981200,ETR
1998-05-29,25.875,26.5,25.875,26.3125,10.093284606933594,1490400,ETR
1998-06-01,26.3125,27.0,26.25,27.0,10.357007026672363,1116600,ETR
1998-06-02,27.375,27.4375,26.75,26.75,10.261106491088867,740900,ETR
1998-06-03,26.8125,27.0625,26.75,27.0,10.357007026672363,624300,ETR
1998-06-04,26.8125,27.1875,26.75,27.125,10.40495777130127,692300,ETR
1998-06-05,27.0625,27.1875,26.8125,27.0,10.357007026672363,935300,ETR
1998-06-08,27.0625,27.25,26.9375,27.1875,10.428930282592773,628800,ETR
1998-06-09,27.3125,27.375,26.9375,27.125,10.40495777130127,399000,ETR
1998-06-10,27.1875,27.5625,27.125,27.3125,10.476880073547363,701500,ETR
1998-06-11,27.25,27.5,27.0625,27.5,10.548799514770508,722300,ETR
1998-06-12,27.5625,27.5625,27.3125,27.5,10.548799514770508,388500,ETR
1998-06-15,27.5,27.9375,27.4375,27.8125,10.66867733001709,590200,ETR
1998-06-16,27.8125,27.9375,27.75,27.9375,10.716623306274414,835200,ETR
1998-06-17,27.9375,28.1875,27.875,28.125,10.788551330566406,1248300,ETR
1998-06-18,28.3125,28.5,28.25,28.375,10.884449005126953,1326900,ETR
1998-06-19,28.5625,28.6875,28.5,28.6875,11.004319190979004,2145100,ETR
1998-06-22,28.6875,29.0,28.625,28.875,11.076245307922363,1266700,ETR
1998-06-23,28.9375,29.125,28.75,28.8125,11.052270889282227,1791200,ETR
1998-06-24,28.6875,28.8125,28.5,28.6875,11.004319190979004,710200,ETR
1998-06-25,28.625,28.625,27.8125,27.9375,10.716623306274414,1113900,ETR
1998-06-26,28.0,28.0625,27.75,28.0625,10.764573097229004,726700,ETR
1998-06-29,28.0625,28.8125,28.0625,28.5,10.932394027709961,969800,ETR
1998-06-30,28.6875,28.875,28.625,28.75,11.028295516967773,2690100,ETR
1998-07-01,28.6875,28.8125,28.625,28.75,11.028295516967773,2786800,ETR
1998-07-02,28.75,28.9375,28.5,28.8125,11.052270889282227,649600,ETR
1998-07-06,28.875,29.0,28.8125,28.875,11.076245307922363,696000,ETR
1998-07-07,28.875,28.9375,28.375,28.5,10.932394027709961,514500,ETR
1998-07-08,28.5625,28.5625,28.3125,28.4375,10.90842056274414,471600,ETR
1998-07-09,28.4375,28.5625,28.375,28.4375,10.90842056274414,668600,ETR
1998-07-10,28.3125,28.3125,27.875,27.9375,10.716623306274414,804500,ETR
1998-07-13,28.0,28.0,27.5,27.5625,10.572778701782227,1076900,ETR
1998-07-14,27.5625,27.875,27.5625,27.8125,10.66867733001709,414500,ETR
1998-07-15,27.4375,27.875,27.4375,27.8125,10.66867733001709,814600,ETR
1998-07-16,27.625,27.625,27.4375,27.5,10.548799514770508,529900,ETR
1998-07-17,27.4375,27.625,27.125,27.625,10.596752166748047,790000,ETR
1998-07-20,27.625,27.625,27.1875,27.375,10.500852584838867,428500,ETR
1998-07-21,27.375,27.375,27.0,27.0625,10.380982398986816,351400,ETR
1998-07-22,27.125,27.8125,27.0625,27.8125,10.66867733001709,733100,ETR
1998-07-23,27.75,27.8125,27.375,27.5,10.548799514770508,211000,ETR
1998-07-24,27.5,27.6875,27.4375,27.6875,10.62072467803955,512900,ETR
1998-07-27,27.5,27.8125,27.5,27.6875,10.62072467803955,435900,ETR
1998-07-28,27.5625,27.5625,26.9375,27.0,10.357007026672363,666600,ETR
1998-07-29,27.0625,27.1875,26.8125,26.9375,10.33303451538086,797900,ETR
1998-07-30,27.125,27.4375,27.125,27.1875,10.428930282592773,441000,ETR
1998-07-31,27.1875,27.6875,26.9375,27.375,10.500852584838867,983000,ETR
1998-08-03,27.375,27.625,26.9375,27.3125,10.476880073547363,676700,ETR
1998-08-04,27.3125,27.5,27.125,27.1875,10.428930282592773,1238200,ETR
1998-08-05,27.0625,27.25,26.6875,26.9375,10.33303451538086,634900,ETR
1998-08-06,26.8125,27.25,26.8125,27.1875,10.428930282592773,480800,ETR
1998-08-07,27.125,27.3125,26.8125,27.125,10.40495777130127,544300,ETR
1998-08-10,26.5625,26.75,26.25,26.3125,10.206165313720703,573200,ETR
1998-08-11,26.1875,26.875,26.1875,26.8125,10.400105476379395,457800,ETR
1998-08-12,26.6875,27.75,26.5625,27.5,10.666773796081543,670200,ETR
1998-08-13,27.625,27.6875,27.0,27.3125,10.594049453735352,758300,ETR
1998-08-14,27.3125,27.6875,27.0,27.1875,10.545562744140625,719700,ETR
1998-08-17,27.125,27.8125,27.125,27.8125,10.787989616394043,389900,ETR
1998-08-18,27.5625,27.6875,27.375,27.5625,10.691019058227539,302200,ETR
1998-08-19,27.6875,27.8125,27.125,27.375,10.618288040161133,657600,ETR
1998-08-20,27.625,27.625,27.375,27.5625,10.691019058227539,358900,ETR
1998-08-21,27.5625,28.125,27.4375,28.125,10.90920352935791,610900,ETR
1998-08-24,28.5,28.6875,28.25,28.6875,11.127388000488281,432800,ETR
1998-08-25,28.875,28.875,28.375,28.4375,11.030414581298828,401700,ETR
1998-08-26,28.1875,29.0,28.1875,28.75,11.151630401611328,1214700,ETR
1998-08-27,28.5,28.6875,28.1875,28.375,11.006175994873047,1076900,ETR
1998-08-28,28.3125,28.6875,28.25,28.5625,11.078900337219238,1126600,ETR
1998-08-31,28.5625,29.625,28.5625,28.8125,11.175874710083008,727400,ETR
1998-09-01,28.8125,29.125,28.375,28.6875,11.127388000488281,1051500,ETR
1998-09-02,28.6875,28.6875,27.875,27.9375,10.836474418640137,442300,ETR
1998-09-03,27.5,28.0,27.4375,27.625,10.715263366699219,354300,ETR
1998-09-04,27.5625,28.375,27.4375,28.3125,10.981928825378418,572200,ETR
1998-09-08,28.125,29.3125,27.8125,29.125,11.297086715698242,780800,ETR
1998-09-09,29.0,29.4375,28.875,29.25,11.34556770324707,700700,ETR
1998-09-10,28.5,29.6875,28.5,29.5625,11.466782569885254,911400,ETR
1998-09-11,29.4375,29.5625,29.125,29.5,11.44253921508789,693900,ETR
1998-09-14,29.5,29.75,29.5,29.75,11.539509773254395,480700,ETR
1998-09-15,29.5625,30.25,29.4375,30.25,11.73344898223877,911800,ETR
1998-09-16,30.0625,30.75,29.9375,30.75,11.927391052246094,526400,ETR
1998-09-17,30.3125,30.6875,30.125,30.5625,11.854667663574219,529700,ETR
1998-09-18,30.6875,30.8125,30.5,30.625,11.878911972045898,1789900,ETR
1998-09-21,30.625,30.8125,30.3125,30.5,11.830421447753906,2601200,ETR
1998-09-22,30.5,30.6875,30.375,30.4375,11.80618667602539,1112100,ETR
1998-09-23,30.4375,30.5625,29.9375,30.0625,11.660726547241211,1317300,ETR
1998-09-24,30.0625,30.125,29.4375,29.9375,11.612244606018066,997500,ETR
1998-09-25,29.75,30.125,29.6875,29.6875,11.515273094177246,881000,ETR
1998-09-28,29.5625,29.875,29.5625,29.5625,11.466782569885254,866900,ETR
1998-09-29,29.625,30.1875,29.5625,30.0625,11.660726547241211,643200,ETR
1998-09-30,30.125,30.75,30.125,30.75,11.927391052246094,845800,ETR
1998-10-01,30.75,30.8125,30.625,30.75,11.927391052246094,561400,ETR
1998-10-02,30.8125,31.4375,30.6875,31.125,12.072848320007324,1150400,ETR
1998-10-05,31.125,31.75,30.9375,31.625,12.26679515838623,633300,ETR
1998-10-06,31.75,31.75,31.0,31.375,12.169816970825195,672900,ETR
1998-10-07,31.5,32.0,31.3125,31.5,12.21830940246582,2029400,ETR
1998-10-08,31.5625,31.9375,31.375,31.5625,12.242548942565918,989700,ETR
1998-10-09,31.625,31.625,29.8125,29.9375,11.612244606018066,865300,ETR
1998-10-12,29.8125,29.875,28.875,29.1875,11.321328163146973,591800,ETR
1998-10-13,29.5,29.6875,29.1875,29.625,11.491022109985352,963400,ETR
1998-10-14,29.8125,31.125,29.8125,30.0,11.63648509979248,1273000,ETR
1998-10-15,30.0,31.125,29.9375,30.625,11.878911972045898,1000900,ETR
1998-10-16,31.6875,31.75,29.6875,30.125,11.684972763061523,780600,ETR
1998-10-19,30.5,30.5,29.3125,29.3125,11.369815826416016,482400,ETR
1998-10-20,29.5,29.5,28.875,28.875,11.200115203857422,668600,ETR
1998-10-21,28.875,28.875,28.0625,28.625,11.103137969970703,480800,ETR
1998-10-22,28.5625,29.125,28.5625,29.125,11.297086715698242,348300,ETR
1998-10-23,29.3125,29.4375,28.5,28.6875,11.127388000488281,361300,ETR
1998-10-26,28.6875,28.8125,28.375,28.4375,11.030414581298828,358400,ETR
1998-10-27,28.5,28.9375,28.4375,28.5,11.054656028747559,500200,ETR
1998-10-28,28.625,28.8125,28.125,28.5,11.054656028747559,510300,ETR
1998-10-29,28.625,28.625,28.125,28.5,11.054656028747559,587100,ETR
1998-10-30,28.5625,28.8125,28.25,28.75,11.151630401611328,567800,ETR
1998-11-02,29.125,29.6875,29.0,29.625,11.491022109985352,729600,ETR
1998-11-03,29.625,30.0625,29.0625,30.0625,11.660726547241211,1099600,ETR
1998-11-04,30.1875,30.1875,29.8125,30.1875,11.70921516418457,898400,ETR
1998-11-05,30.1875,30.1875,29.6875,29.9375,11.612244606018066,432900,ETR
1998-11-06,29.875,30.25,29.75,30.125,11.684972763061523,841800,ETR
1998-11-09,29.875,29.875,29.1875,29.4375,11.533154487609863,905900,ETR
1998-11-10,29.4375,30.0625,29.375,29.9375,11.729043960571289,524500,ETR
1998-11-11,30.0,30.0,29.375,29.5625,11.582122802734375,381900,ETR
1998-11-12,29.5625,29.8125,29.5,29.5625,11.582122802734375,199100,ETR
1998-11-13,29.5,29.875,29.375,29.75,11.655583381652832,390000,ETR
1998-11-16,29.8125,29.9375,29.5625,29.8125,11.680069923400879,310900,ETR
1998-11-17,29.9375,29.9375,29.5,29.5,11.557638168334961,254500,ETR
1998-11-18,29.3125,29.375,28.9375,29.1875,11.43520450592041,442000,ETR
1998-11-19,29.25,29.375,28.9375,29.125,11.410714149475098,267800,ETR
1998-11-20,29.625,29.625,29.25,29.3125,11.484180450439453,719800,ETR
1998-11-23,29.5,29.75,29.4375,29.75,11.655583381652832,309200,ETR
1998-11-24,29.75,30.1875,29.5625,30.0625,11.778013229370117,794300,ETR
1998-11-25,30.25,30.375,30.0,30.125,11.802502632141113,552500,ETR
1998-11-27,30.0625,30.125,29.9375,30.0,11.753530502319336,667200,ETR
1998-11-30,30.125,30.125,29.3125,29.3125,11.484180450439453,620700,ETR
1998-12-01,29.5,30.25,29.3125,30.0,11.753530502319336,1104100,ETR
1998-12-02,30.25,30.25,29.9375,30.0625,11.778013229370117,461100,ETR
1998-12-03,29.875,30.1875,29.875,29.9375,11.729043960571289,241400,ETR
1998-12-04,30.0,30.4375,29.9375,30.4375,11.924936294555664,340600,ETR
1998-12-07,30.4375,30.8125,30.4375,30.8125,12.071859359741211,362200,ETR
1998-12-08,30.625,31.5625,30.5,31.5625,12.365694046020508,1441000,ETR
1998-12-09,31.5,31.9375,31.375,31.875,12.488128662109375,786000,ETR
1998-12-10,31.9375,31.9375,31.5625,31.5625,12.365694046020508,740000,ETR
1998-12-11,31.625,31.9375,31.5625,31.9375,12.51261043548584,349400,ETR
1998-12-14,31.875,32.0625,31.75,31.75,12.439153671264648,476300,ETR
1998-12-15,31.875,31.875,31.75,31.875,12.488128662109375,373600,ETR
1998-12-16,31.875,32.25,31.75,32.1875,12.610559463500977,571000,ETR
1998-12-17,32.1875,32.4375,32.1875,32.4375,12.70850944519043,777300,ETR
1998-12-18,32.0,32.3125,32.0,32.3125,12.659527778625488,532900,ETR
1998-12-21,32.1875,32.3125,32.0625,32.0625,12.561586380004883,308800,ETR
1998-12-22,32.0625,32.0625,31.5625,31.75,12.439153671264648,235500,ETR
1998-12-23,31.875,31.875,31.5,31.5625,12.365694046020508,342200,ETR
1998-12-24,31.5,31.5625,31.375,31.375,12.292231559753418,209400,ETR
1998-12-28,31.4375,31.4375,31.125,31.125,12.194291114807129,395000,ETR
1998-12-29,31.1875,31.4375,31.0,31.25,12.243256568908691,1517400,ETR
1998-12-30,31.1875,31.1875,30.875,30.9375,12.120828628540039,442500,ETR
1998-12-31,31.0,31.125,30.625,31.125,12.194291114807129,575300,ETR
1999-01-04,30.9375,31.4375,30.625,30.9375,12.120828628540039,434000,ETR
1999-01-05,30.9375,31.0,30.6875,30.75,12.047365188598633,414400,ETR
1999-01-06,31.125,31.4375,31.0,31.125,12.194291114807129,1585500,ETR
1999-01-07,31.0,31.125,30.75,30.75,12.047365188598633,431900,ETR
1999-01-08,30.75,30.75,30.25,30.75,12.047365188598633,915600,ETR
1999-01-11,30.625,30.6875,30.125,30.3125,11.875965118408203,470600,ETR
1999-01-12,30.25,30.8125,30.1875,30.4375,11.924936294555664,765700,ETR
1999-01-13,30.6875,30.6875,30.375,30.5,11.949419975280762,318900,ETR
1999-01-14,30.375,30.375,30.0,30.25,11.851479530334473,569600,ETR
1999-01-15,30.25,30.4375,30.1875,30.3125,11.875965118408203,314900,ETR
1999-01-19,30.125,30.5,29.625,29.9375,11.729043960571289,373900,ETR
1999-01-20,30.0,30.0,29.0625,29.3125,11.484180450439453,475000,ETR
1999-01-21,29.875,30.125,29.6875,29.8125,11.680069923400879,697200,ETR
1999-01-22,29.8125,30.1875,29.625,30.125,11.802502632141113,1263600,ETR
1999-01-25,30.1875,30.3125,30.0,30.0625,11.778013229370117,468300,ETR
1999-01-26,30.0625,30.25,29.9375,29.9375,11.729043960571289,449200,ETR
1999-01-27,29.6875,30.0625,29.6875,29.75,11.655583381652832,424100,ETR
1999-01-28,29.625,30.1875,29.625,29.9375,11.729043960571289,496800,ETR
1999-01-29,30.0,30.0,29.375,29.4375,11.533154487609863,639100,ETR
1999-02-01,29.5625,29.625,28.9375,29.0625,11.386234283447266,509000,ETR
1999-02-02,28.875,29.4375,28.875,29.4375,11.533154487609863,1064700,ETR
1999-02-03,29.3125,29.5,29.1875,29.3125,11.484180450439453,1028200,ETR
1999-02-04,29.3125,29.3125,28.875,29.0625,11.386234283447266,630200,ETR
1999-02-05,29.0,29.1875,28.75,29.0625,11.386234283447266,613400,ETR
1999-02-08,28.75,29.25,28.75,29.0,11.48025131225586,1265700,ETR
1999-02-09,29.0,29.1875,28.75,28.875,11.430768966674805,396500,ETR
1999-02-10,28.75,28.875,28.375,28.5625,11.30705738067627,453900,ETR
1999-02-11,28.4375,28.5625,28.25,28.5625,11.30705738067627,324200,ETR
1999-02-12,28.5625,28.625,28.25,28.3125,11.208090782165527,787100,ETR
1999-02-16,28.0,28.75,27.9375,28.375,11.232832908630371,635400,ETR
1999-02-17,28.3125,29.4375,28.3125,29.1875,11.554476737976074,682600,ETR
1999-02-18,29.1875,30.0,29.1875,29.875,11.826639175415039,937500,ETR
1999-02-19,29.75,29.75,29.125,29.625,11.727666854858398,768500,ETR
1999-02-22,29.1875,29.5625,29.1875,29.5,11.678187370300293,563000,ETR
1999-02-23,29.4375,29.5625,29.3125,29.4375,11.653448104858398,482300,ETR
1999-02-24,29.375,29.5,29.0,29.125,11.529730796813965,733600,ETR
1999-02-25,28.9375,29.0,28.4375,28.5,11.282313346862793,468300,ETR
1999-02-26,28.5625,28.5625,28.0625,28.25,11.18334674835205,411200,ETR
1999-03-01,27.75,28.1875,27.6875,28.0625,11.10912036895752,724300,ETR
1999-03-02,28.125,28.6875,27.9375,28.1875,11.158607482910156,850100,ETR
1999-03-03,28.1875,28.625,28.0625,28.625,11.33179759979248,906700,ETR
1999-03-04,28.5625,29.3125,28.5625,29.3125,11.603962898254395,809100,ETR
1999-03-05,29.375,29.8125,29.375,29.4375,11.653448104858398,518300,ETR
1999-03-08,29.3125,29.3125,28.625,28.875,11.430768966674805,1244000,ETR
1999-03-09,28.6875,28.9375,28.25,28.4375,11.25757122039795,912500,ETR
1999-03-10,28.5,28.5625,28.25,28.25,11.18334674835205,597100,ETR
1999-03-11,28.25,28.5625,27.9375,28.375,11.232832908630371,932100,ETR
1999-03-12,28.5,29.0625,28.4375,28.875,11.430768966674805,528000,ETR
1999-03-15,28.8125,28.9375,28.25,28.375,11.232832908630371,516900,ETR
1999-03-16,28.4375,29.0625,28.375,29.0,11.48025131225586,464900,ETR
1999-03-17,28.8125,29.125,28.75,29.0,11.48025131225586,581300,ETR
1999-03-18,29.0,29.5625,29.0,29.5,11.678187370300293,352900,ETR
1999-03-19,29.5,29.59375,29.1875,29.5,11.678187370300293,801200,ETR
1999-03-22,29.4375,29.5625,29.1875,29.25,11.579216957092285,361200,ETR
1999-03-23,29.25,29.3125,28.875,28.9375,11.455509185791016,205500,ETR
1999-03-24,28.9375,29.875,28.8125,29.8125,11.801896095275879,462800,ETR
1999-03-25,29.8125,30.0625,29.625,29.9375,11.851380348205566,535300,ETR
1999-03-26,29.8125,29.8125,29.0625,29.0625,11.504995346069336,301500,ETR
1999-03-29,29.1875,29.4375,28.9375,29.0,11.48025131225586,250700,ETR
1999-03-30,28.625,28.625,28.3125,28.3125,11.208090782165527,709100,ETR
1999-03-31,28.3125,28.375,27.5,27.5,10.886445999145508,300800,ETR
1999-04-01,27.3125,28.375,27.3125,27.75,10.985408782958984,599800,ETR
1999-04-05,28.0625,29.0,28.0625,28.875,11.430768966674805,592600,ETR
1999-04-06,28.875,28.875,28.5625,28.6875,11.356539726257324,605000,ETR
1999-04-07,28.4375,28.625,28.1875,28.375,11.232832908630371,435300,ETR
1999-04-08,28.4375,29.5,28.375,29.4375,11.653448104858398,963200,ETR
1999-04-09,29.375,30.0,29.0625,29.875,11.826639175415039,567400,ETR
1999-04-12,29.875,29.9375,29.5,29.8125,11.801896095275879,599700,ETR
1999-04-13,29.75,29.8125,29.375,29.6875,11.752408027648926,558700,ETR
1999-04-14,29.6875,30.0625,29.5625,29.75,11.777153968811035,775700,ETR
1999-04-15,29.6875,30.5,29.6875,30.5,12.074055671691895,2904500,ETR
1999-04-16,30.5,30.5625,30.25,30.4375,12.04931640625,605500,ETR
1999-04-19,30.625,30.6875,30.25,30.375,12.024577140808105,714400,ETR
1999-04-20,30.4375,31.6875,30.4375,31.6875,12.544154167175293,502900,ETR
1999-04-21,31.6875,31.6875,31.0,31.1875,12.346220016479492,1055300,ETR
1999-04-22,31.1875,31.5625,30.625,31.0625,12.296730995178223,538000,ETR
1999-04-23,31.0625,31.1875,30.625,30.8125,12.197772026062012,319300,ETR
1999-04-26,30.75,30.875,30.5,30.5625,12.098793983459473,477500,ETR
1999-04-27,30.6875,30.75,30.4375,30.5625,12.098793983459473,912900,ETR
1999-04-28,30.5,30.8125,30.375,30.5,12.074055671691895,482100,ETR
1999-04-29,30.5,30.9375,30.4375,30.4375,12.04931640625,375500,ETR
1999-04-30,30.4375,31.375,30.375,31.25,12.370956420898438,715200,ETR
1999-05-03,31.0625,31.1875,30.75,31.125,12.321480751037598,433200,ETR
1999-05-04,31.0,31.1875,30.75,30.9375,12.247251510620117,610300,ETR
1999-05-05,31.0,31.4375,31.0,31.4375,12.44518756866455,531000,ETR
1999-05-06,31.0,31.125,30.75,31.125,12.321480751037598,2105500,ETR
1999-05-07,31.0625,31.1875,30.875,31.0625,12.296730995178223,716400,ETR
1999-05-10,30.75,31.75,30.75,31.5,12.591538429260254,2399200,ETR
1999-05-11,31.5,31.625,31.3125,31.5,12.591538429260254,864300,ETR
1999-05-12,31.5,31.6875,31.3125,31.625,12.641499519348145,407500,ETR
1999-05-13,31.625,32.1875,31.625,32.1875,12.866352081298828,339200,ETR
1999-05-14,31.9375,32.0,31.3125,31.5,12.591538429260254,375900,ETR
1999-05-17,31.375,32.0,31.375,32.0,12.791399955749512,473100,ETR
1999-05-18,31.875,32.125,31.6875,31.875,12.741437911987305,723200,ETR
1999-05-19,31.875,32.75,31.875,32.75,13.091203689575195,533700,ETR
1999-05-20,32.5,32.5625,31.875,31.9375,12.766422271728516,1036200,ETR
1999-05-21,32.0,32.375,32.0,32.3125,12.916314125061035,824500,ETR
1999-05-24,32.3125,32.5,32.25,32.375,12.94129753112793,628500,ETR
1999-05-25,32.25,32.9375,32.1875,32.3125,12.916314125061035,1005500,ETR
1999-05-26,32.3125,32.6875,32.25,32.6875,13.066214561462402,627400,ETR
1999-05-27,32.4375,32.5,31.5625,31.8125,12.716455459594727,777800,ETR
1999-05-28,31.875,32.6875,31.875,32.4375,12.966280937194824,534900,ETR
1999-06-01,32.3125,32.625,32.125,32.5,12.991267204284668,859700,ETR
1999-06-02,32.5625,32.8125,32.375,32.5625,13.016251564025879,552400,ETR
1999-06-03,32.4375,32.625,32.1875,32.5,12.991267204284668,292000,ETR
1999-06-04,32.5,33.1875,32.4375,33.0625,13.216117858886719,570000,ETR
1999-06-07,33.0625,33.1875,32.9375,33.125,13.241097450256348,418800,ETR
1999-06-08,33.0,33.0625,32.6875,33.0,13.19113540649414,776300,ETR
1999-06-09,32.9375,33.0,32.5,32.9375,13.166149139404297,230500,ETR
1999-06-10,32.8125,32.8125,31.875,32.25,12.891339302062988,454500,ETR
1999-06-11,32.25,32.9375,32.25,32.625,13.041234016418457,455100,ETR
1999-06-14,32.8125,33.25,32.6875,32.8125,13.116180419921875,233300,ETR
1999-06-15,32.8125,33.125,32.34375,33.0,13.19113540649414,490800,ETR
1999-06-16,33.0,33.5,33.0,33.125,13.241097450256348,530100,ETR
1999-06-17,33.125,33.125,32.8125,32.875,13.141164779663086,475500,ETR
1999-06-18,32.875,32.9375,32.375,32.75,13.091203689575195,570100,ETR
1999-06-21,32.75,32.8125,31.75,31.8125,12.716455459594727,457600,ETR
1999-06-22,31.875,32.125,31.75,32.0625,12.816390037536621,485900,ETR
1999-06-23,32.0,32.5625,31.9375,32.5,12.991267204284668,377500,ETR
1999-06-24,32.3125,32.4375,32.125,32.125,12.8413667678833,417300,ETR
1999-06-25,32.1875,32.5,32.0,32.25,12.891339302062988,337000,ETR
1999-06-28,32.3125,32.5,32.0,32.0,12.791399955749512,198800,ETR
1999-06-29,32.0625,32.3125,31.875,32.0625,12.816390037536621,464700,ETR
1999-06-30,32.0,32.0625,31.25,31.25,12.49160099029541,481800,ETR
1999-07-01,31.0,31.5625,30.9375,31.5625,12.6165189743042,894100,ETR
1999-07-02,31.3125,31.75,31.125,31.5625,12.6165189743042,278000,ETR
1999-07-06,31.5625,31.6875,31.3125,31.375,12.541563987731934,299200,ETR
1999-07-07,31.375,31.4375,31.1875,31.375,12.541563987731934,219000,ETR
1999-07-08,31.25,31.3125,31.0,31.125,12.441637992858887,297200,ETR
1999-07-09,31.0625,31.5625,31.0,31.4375,12.56655216217041,275100,ETR
1999-07-12,31.25,31.25,30.5625,30.9375,12.366691589355469,393000,ETR
1999-07-13,30.875,30.9375,30.25,30.5,12.191808700561523,1585400,ETR
1999-07-14,30.625,30.625,30.0625,30.375,12.141839027404785,1043200,ETR
1999-07-15,30.625,30.625,30.375,30.4375,12.166820526123047,277200,ETR
1999-07-16,30.40625,30.4375,29.9375,30.0625,12.01692008972168,251800,ETR
1999-07-19,30.0,30.1875,29.8125,30.125,12.041906356811523,213900,ETR
1999-07-20,30.1875,30.5625,29.8125,29.875,11.941972732543945,468700,ETR
1999-07-21,29.9375,30.375,29.9375,30.375,12.141839027404785,432600,ETR
1999-07-22,30.5,30.6875,30.375,30.4375,12.166820526123047,345900,ETR
1999-07-23,30.4375,30.6875,30.375,30.5,12.191808700561523,282700,ETR
1999-07-26,30.4375,31.3125,30.4375,31.3125,12.51658821105957,801800,ETR
1999-07-27,31.0625,31.1875,30.9375,31.0,12.391669273376465,439400,ETR
1999-07-28,31.0,31.0,30.5,30.6875,12.266755104064941,477600,ETR
1999-07-29,30.5625,30.5625,29.875,30.25,12.09187126159668,264500,ETR
1999-07-30,30.25,30.5625,30.125,30.3125,12.116853713989258,543400,ETR
1999-08-02,30.4375,31.0625,30.3125,30.625,12.241767883300781,333100,ETR
1999-08-03,30.625,30.6875,30.4375,30.625,12.241767883300781,249400,ETR
1999-08-04,31.125,31.125,30.3125,30.4375,12.166820526123047,317800,ETR
1999-08-05,30.1875,30.875,30.1875,30.5625,12.216790199279785,654400,ETR
1999-08-06,30.5625,30.6875,30.3125,30.5625,12.216790199279785,327500,ETR
1999-08-09,30.1875,30.3125,29.9375,30.0625,12.136046409606934,2511300,ETR
1999-08-10,29.625,30.0,29.5,29.625,11.959429740905762,326900,ETR
1999-08-11,29.875,29.9375,29.6875,29.9375,12.085587501525879,340000,ETR
1999-08-12,29.875,29.9375,29.375,29.5625,11.9342041015625,336900,ETR
1999-08-13,29.4375,29.5,29.0625,29.3125,11.83328628540039,330500,ETR
1999-08-16,29.4375,29.4375,28.625,28.8125,11.631433486938477,247400,ETR
1999-08-17,28.9375,29.125,28.75,28.9375,11.681890487670898,241600,ETR
1999-08-18,28.75,28.875,28.625,28.75,11.606202125549316,344500,ETR
1999-08-19,28.6875,29.3125,28.625,29.25,11.808048248291016,482500,ETR
1999-08-20,29.4375,30.0625,29.25,30.0625,12.136046409606934,566600,ETR
1999-08-23,30.25,30.3125,30.0625,30.1875,12.186509132385254,527000,ETR
1999-08-24,30.0,30.25,30.0,30.0625,12.136046409606934,265500,ETR
1999-08-25,30.1875,30.75,30.125,30.75,12.413590431213379,389800,ETR
1999-08-26,30.5625,30.8125,30.0625,30.25,12.211740493774414,397500,ETR
1999-08-27,30.375,30.375,29.9375,29.9375,12.085587501525879,342800,ETR
1999-08-30,30.0,30.125,29.875,29.9375,12.085587501525879,284800,ETR
1999-08-31,30.0625,30.25,29.75,29.8125,12.035127639770508,647700,ETR
1999-09-01,29.8125,30.0625,29.8125,30.0,12.110816955566406,625100,ETR
1999-09-02,30.0,30.0,29.4375,29.6875,11.984665870666504,382600,ETR
1999-09-03,29.5625,30.1875,29.5625,30.0625,12.136046409606934,711500,ETR
1999-09-07,30.0625,30.1875,29.375,29.4375,11.883740425109863,251500,ETR
1999-09-08,29.375,29.5,29.25,29.3125,11.83328628540039,658700,ETR
1999-09-09,29.5625,30.0625,29.5625,29.875,12.060357093811035,1134600,ETR
1999-09-10,29.875,30.375,29.8125,30.1875,12.186509132385254,1022100,ETR
1999-09-13,30.125,30.125,29.625,29.9375,12.085587501525879,581400,ETR
1999-09-14,29.8125,30.1875,29.75,30.1875,12.186509132385254,772800,ETR
1999-09-15,30.4375,30.625,30.25,30.5625,12.337894439697266,757600,ETR
1999-09-16,30.625,30.75,30.5625,30.5625,12.337894439697266,680100,ETR
1999-09-17,30.75,31.0,30.6875,30.9375,12.48928451538086,702900,ETR
1999-09-20,30.6875,30.875,30.625,30.625,12.363126754760742,419100,ETR
1999-09-21,30.25,30.625,30.1875,30.4375,12.287437438964844,657500,ETR
1999-09-22,30.375,30.625,30.375,30.5625,12.337894439697266,593300,ETR
1999-09-23,30.4375,30.5625,30.0,30.1875,12.186509132385254,1127800,ETR
1999-09-24,30.125,30.375,30.0,30.0,12.110816955566406,738400,ETR
1999-09-27,29.75,29.8125,29.0,29.0625,11.732354164123535,877700,ETR
1999-09-28,29.25,29.375,28.25,28.8125,11.631433486938477,909100,ETR
1999-09-29,28.8125,28.8125,28.0,28.1875,11.379121780395508,906700,ETR
1999-09-30,28.375,28.9375,28.3125,28.9375,11.681890487670898,609600,ETR
1999-10-01,28.875,29.1875,28.4375,29.0625,11.732354164123535,504100,ETR
1999-10-04,29.0625,30.0,29.0,29.625,11.959429740905762,533300,ETR
1999-10-05,29.4375,29.6875,28.625,28.8125,11.631433486938477,647400,ETR
1999-10-06,28.8125,29.0625,28.625,28.9375,11.681890487670898,643800,ETR
1999-10-07,28.8125,28.8125,28.3125,28.4375,11.480046272277832,345200,ETR
1999-10-08,28.125,28.875,28.125,28.5625,11.530505180358887,410600,ETR
1999-10-11,28.4375,28.5,27.9375,27.9375,11.27820110321045,369400,ETR
1999-10-12,27.8125,28.1875,27.75,27.875,11.252967834472656,397800,ETR
1999-10-13,27.875,28.5,27.875,28.25,11.4043550491333,512000,ETR
1999-10-14,28.3125,28.8125,28.3125,28.5625,11.530505180358887,576300,ETR
1999-10-15,29.0,29.0,28.375,28.4375,11.480046272277832,712500,ETR
1999-10-18,28.5,29.0,28.5,29.0,11.70712947845459,380500,ETR
1999-10-19,29.375,29.375,28.3125,28.3125,11.429588317871094,678700,ETR
1999-10-20,28.5,28.875,28.5,28.8125,11.631433486938477,826200,ETR
1999-10-21,28.625,28.875,28.4375,28.5625,11.530505180358887,565800,ETR
1999-10-22,28.6875,28.8125,28.4375,28.6875,11.580963134765625,527000,ETR
1999-10-25,28.5,28.9375,28.4375,28.9375,11.681890487670898,482800,ETR
1999-10-26,28.9375,29.25,28.9375,29.0,11.70712947845459,663300,ETR
1999-10-27,29.125,29.5625,29.0625,29.5,11.908973693847656,886800,ETR
1999-10-28,29.875,30.1875,29.8125,30.0,12.110816955566406,1230200,ETR
1999-10-29,30.125,30.125,29.75,29.9375,12.085587501525879,614800,ETR
1999-11-01,29.8125,29.9375,29.375,29.6875,11.984665870666504,398300,ETR
1999-11-02,29.6875,30.0,29.6875,29.9375,12.085587501525879,689800,ETR
1999-11-03,29.875,30.0625,29.5,29.6875,11.984665870666504,486400,ETR
1999-11-04,29.25,29.375,28.8125,29.0,11.70712947845459,669400,ETR
1999-11-05,29.5,29.5625,29.1875,29.3125,11.83328628540039,379400,ETR
1999-11-08,29.0,29.3125,28.875,28.9375,11.802687644958496,2740800,ETR
1999-11-09,29.0625,29.1875,28.8125,28.9375,11.802687644958496,719700,ETR
1999-11-10,28.75,29.0625,28.1875,28.3125,11.547776222229004,415700,ETR
1999-11-11,28.125,28.375,27.6875,27.875,11.369328498840332,1122500,ETR
1999-11-12,28.0,28.0625,27.75,27.875,11.369328498840332,376800,ETR
1999-11-15,27.9375,28.0,27.625,27.75,11.31834602355957,395700,ETR
1999-11-16,27.6875,27.9375,27.5625,27.6875,11.292844772338867,422000,ETR
1999-11-17,27.625,27.75,27.375,27.5625,11.241869926452637,479000,ETR
1999-11-18,27.375,27.6875,27.3125,27.375,11.165396690368652,535300,ETR
1999-11-19,27.5,27.6875,27.25,27.3125,11.139900207519531,678200,ETR
1999-11-22,27.3125,27.4375,27.0,27.0,11.01244068145752,787700,ETR
1999-11-23,27.25,27.25,26.625,26.8125,10.9359712600708,427600,ETR
1999-11-24,26.875,27.25,26.75,27.1875,11.088916778564453,708900,ETR
1999-11-26,27.0625,27.25,26.875,26.9375,10.986955642700195,306100,ETR
1999-11-29,26.75,26.9375,26.5625,26.9375,10.986955642700195,809500,ETR
1999-11-30,27.0,27.625,27.0,27.5625,11.241869926452637,877400,ETR
1999-12-01,27.4375,27.5,27.125,27.296875,11.133526802062988,1101200,ETR
1999-12-02,27.4375,27.4375,26.875,26.9375,10.986955642700195,723400,ETR
1999-12-03,27.1875,27.375,27.0,27.0625,11.037939071655273,595800,ETR
1999-12-06,26.5,27.0625,26.5,26.5625,10.833999633789062,661300,ETR
1999-12-07,26.375,26.4375,26.0,26.0625,10.630064010620117,964600,ETR
1999-12-08,25.875,26.0625,25.5625,25.625,10.451626777648926,541800,ETR
1999-12-09,25.375,25.6875,25.0625,25.0625,10.222197532653809,841400,ETR
1999-12-10,25.125,25.375,24.8125,24.8125,10.12023639678955,661500,ETR
1999-12-13,24.6875,24.8125,23.6875,23.875,9.73785400390625,1077200,ETR
1999-12-14,23.8125,24.875,23.8125,24.75,10.094738960266113,960100,ETR
1999-12-15,24.6875,25.25,24.4375,25.0,10.196700096130371,1084500,ETR
1999-12-16,25.75,25.8125,24.75,25.375,10.349663734436035,1002900,ETR
1999-12-17,25.1875,25.75,25.1875,25.4375,10.375153541564941,1221800,ETR
1999-12-20,25.4375,25.6875,25.375,25.5,10.400638580322266,731000,ETR
1999-12-21,25.4375,26.0,25.375,25.75,10.502604484558105,680400,ETR
1999-12-22,25.75,25.875,25.5,25.5625,10.42613410949707,300100,ETR
1999-12-23,25.6875,26.0,25.6875,25.8125,10.528099060058594,333000,ETR
1999-12-27,25.6875,26.125,25.6875,25.6875,10.477118492126465,347500,ETR
1999-12-28,25.8125,25.875,25.5625,25.6875,10.477118492126465,211400,ETR
1999-12-29,25.625,25.6875,25.375,25.375,10.349663734436035,234100,ETR
1999-12-30,25.375,26.0,25.3125,25.6875,10.477118492126465,416900,ETR
1999-12-31,25.75,25.9375,25.5625,25.75,10.502604484558105,137900,ETR
2000-01-03,25.75,25.75,25.0,25.25,10.298672676086426,784700,ETR
2000-01-04,25.1875,25.625,25.0,25.3125,10.32416820526123,454900,ETR
2000-01-05,25.5,26.75,25.4375,26.375,10.757530212402344,1252600,ETR
2000-01-06,26.3125,26.3125,25.8125,25.875,10.553592681884766,638600,ETR
2000-01-07,25.9375,26.125,25.8125,25.875,10.553592681884766,1220300,ETR
2000-01-10,26.0625,26.25,25.6875,25.75,10.502604484558105,609400,ETR
2000-01-11,25.6875,26.125,25.6875,25.9375,10.579083442687988,507600,ETR
2000-01-12,25.8125,26.125,25.6875,25.8125,10.528099060058594,575300,ETR
2000-01-13,25.6875,25.875,25.3125,25.3125,10.32416820526123,769100,ETR
2000-01-14,25.5,25.625,25.1875,25.25,10.298672676086426,780300,ETR
2000-01-18,25.0,25.0,24.5,24.5625,10.018264770507812,600900,ETR
2000-01-19,24.375,24.5625,24.125,24.25,9.890807151794434,2150500,ETR
2000-01-20,24.5,24.5,23.75,23.9375,9.763345718383789,956100,ETR
2000-01-21,24.0,24.375,23.9375,24.1875,9.865317344665527,922400,ETR
2000-01-24,24.125,24.4375,23.0,23.0,9.380973815917969,1222900,ETR
2000-01-25,23.0,23.125,22.25,22.25,9.0750732421875,1263100,ETR
2000-01-26,22.3125,22.5,22.125,22.1875,9.049575805664062,749800,ETR
2000-01-27,22.25,23.0,22.1875,23.0,9.380973815917969,1089500,ETR
2000-01-28,22.75,24.0,22.6875,23.625,9.635883331298828,1337600,ETR
2000-01-31,23.625,25.0,23.625,24.9375,10.171216011047363,1183800,ETR
2000-02-01,25.0,25.75,25.0,25.5,10.400638580322266,1118500,ETR
2000-02-02,25.3125,25.5,24.75,24.9375,10.171216011047363,849100,ETR
2000-02-03,25.0625,25.6875,25.0,25.4375,10.375153541564941,584600,ETR
2000-02-04,25.5625,25.5625,24.875,24.9375,10.171216011047363,621900,ETR
2000-02-07,24.9375,25.125,24.625,24.625,10.043755531311035,537500,ETR
2000-02-08,24.625,25.0,24.625,24.625,10.043755531311035,431200,ETR
2000-02-09,24.625,24.6875,23.8125,23.875,9.73785400390625,787600,ETR
2000-02-10,23.875,24.25,23.375,23.375,9.533919334411621,800700,ETR
2000-02-11,23.125,23.375,23.0,23.125,9.554580688476562,2214600,ETR
2000-02-14,23.0,23.8125,23.0,23.5,9.709521293640137,531100,ETR
2000-02-15,23.375,23.4375,22.75,22.8125,9.425464630126953,899600,ETR
2000-02-16,22.75,22.8125,22.25,22.375,9.244708061218262,765900,ETR
2000-02-17,22.375,22.6875,21.9375,21.9375,9.06393814086914,593300,ETR
2000-02-18,22.1875,22.1875,21.375,21.4375,8.85735034942627,1356100,ETR
2000-02-22,21.625,22.0,21.5625,21.625,8.934820175170898,1026700,ETR
2000-02-23,21.5,21.6875,21.25,21.3125,8.805706977844238,985700,ETR
2000-02-24,21.1875,21.3125,20.0,20.375,8.418357849121094,951100,ETR
2000-02-25,20.5,20.9375,20.25,20.25,8.366714477539062,695800,ETR
2000-02-28,19.75,20.9375,19.75,20.875,8.624947547912598,756600,ETR
2000-02-29,20.75,20.875,20.03125,20.25,8.366714477539062,986900,ETR
2000-03-01,20.4375,20.4375,20.0625,20.375,8.418357849121094,1107500,ETR
2000-03-02,20.4375,20.5,20.3125,20.4375,8.444185256958008,597900,ETR
2000-03-03,20.5,20.5625,20.3125,20.375,8.418357849121094,601200,ETR
2000-03-06,19.375,19.5,15.9375,16.6875,6.894792079925537,1874800,ETR
2000-03-07,17.25,18.25,17.25,17.3125,7.153021812438965,3353000,ETR
2000-03-08,17.3125,17.4375,16.8125,17.3125,7.153021812438965,2388000,ETR
2000-03-09,17.25,18.0,17.125,17.8125,7.3596086502075195,1177100,ETR
2000-03-10,17.8125,18.3125,17.8125,17.9375,7.411250114440918,753400,ETR
2000-03-13,18.0,18.375,18.0,18.25,7.540372848510742,731600,ETR
2000-03-14,18.0625,18.1875,17.125,17.5625,7.256316184997559,522800,ETR
2000-03-15,17.5,18.875,17.5,18.375,7.592018127441406,1231000,ETR
2000-03-16,18.75,19.5625,18.75,19.375,8.00518798828125,1175400,ETR
2000-03-17,19.375,19.5625,19.125,19.5,8.05683708190918,1186500,ETR
2000-03-20,19.3125,20.1875,19.3125,19.9375,8.23759937286377,1144700,ETR
2000-03-21,19.875,19.9375,19.5,19.875,8.211773872375488,689400,ETR
2000-03-22,19.625,19.625,19.125,19.25,7.9535393714904785,794800,ETR
2000-03-23,19.25,19.6875,18.8125,19.6875,8.134306907653809,605500,ETR
2000-03-24,19.4375,19.875,19.375,19.875,8.211773872375488,469100,ETR
2000-03-27,19.8125,20.3125,19.8125,20.0,8.263422012329102,465100,ETR
2000-03-28,19.75,20.125,19.6875,20.0,8.263422012329102,960100,ETR
2000-03-29,20.0,20.625,20.0,20.375,8.418357849121094,750700,ETR
2000-03-30,20.125,20.4375,19.6875,19.6875,8.134306907653809,984400,ETR
2000-03-31,19.6875,20.375,19.375,20.1875,8.340889930725098,791700,ETR
2000-04-03,20.25,20.625,19.9375,20.125,8.315064430236816,506800,ETR
2000-04-04,20.25,21.0,20.25,20.6875,8.54747486114502,580300,ETR
2000-04-05,20.9375,22.75,20.8125,21.625,8.934820175170898,1104500,ETR
2000-04-06,21.3125,21.5625,20.5,20.6875,8.54747486114502,718600,ETR
2000-04-07,20.125,20.875,20.125,20.5,8.470003128051758,1010400,ETR
2000-04-10,20.4375,21.3125,20.4375,21.125,8.728235244750977,468900,ETR
2000-04-11,21.1875,21.9375,21.1875,21.9375,9.06393814086914,1108700,ETR
2000-04-12,22.125,22.75,22.125,22.3125,9.218876838684082,1203100,ETR
2000-04-13,22.3125,23.625,22.25,23.5625,9.735342979431152,845400,ETR
2000-04-14,23.3125,24.0625,22.6875,22.9375,9.477112770080566,618800,ETR
2000-04-17,22.75,23.25,21.9375,23.1875,9.580400466918945,930200,ETR
2000-04-18,23.3125,23.5625,22.9375,23.0,9.502935409545898,584100,ETR
2000-04-19,23.0,23.0625,22.0625,22.75,9.399640083312988,314100,ETR
2000-04-20,22.6875,23.4375,22.625,23.3125,9.632048606872559,500800,ETR
2000-04-24,24.375,24.875,24.0625,24.8125,10.251812934875488,716600,ETR
2000-04-25,25.0,25.8125,25.0,25.375,10.484219551086426,1046200,ETR
2000-04-26,25.5,27.4375,25.3125,27.125,11.207263946533203,869300,ETR
2000-04-27,26.875,26.875,25.6875,25.8125,10.664974212646484,1331100,ETR
2000-04-28,25.8125,25.8125,24.875,25.4375,10.510038375854492,856700,ETR
2000-05-01,25.5,26.25,25.3125,25.8125,10.664974212646484,772800,ETR
2000-05-02,25.8125,26.0625,25.25,25.375,10.484219551086426,792600,ETR
2000-05-03,25.3125,25.8125,25.25,25.375,10.484219551086426,549900,ETR
2000-05-04,25.3125,26.375,25.3125,25.9375,10.716622352600098,898600,ETR
2000-05-05,25.625,25.875,25.5625,25.8125,10.664974212646484,551400,ETR
2000-05-08,25.625,27.1875,25.625,26.75,11.052325248718262,581300,ETR
2000-05-09,26.75,26.875,26.3125,26.8125,11.078153610229492,500100,ETR
2000-05-10,26.875,27.875,26.8125,27.5625,11.38802719116211,724600,ETR
2000-05-11,27.5625,27.625,27.3125,27.5,11.362204551696777,462500,ETR
2000-05-12,27.25,27.25,26.625,26.75,11.17422866821289,2079300,ETR
2000-05-15,26.75,27.5625,26.3125,26.5,11.069790840148926,937500,ETR
2000-05-16,26.75,26.875,25.8125,26.5625,11.09589958190918,534100,ETR
2000-05-17,26.375,26.375,25.4375,25.6875,10.730396270751953,379000,ETR
2000-05-18,25.875,27.0625,25.875,26.3125,10.99146556854248,401800,ETR
2000-05-19,26.0625,26.9375,25.9375,26.9375,11.252554893493652,612400,ETR
2000-05-22,26.8125,27.8125,26.75,27.3125,11.40919303894043,404800,ETR
2000-05-23,27.125,27.6875,26.875,27.4375,11.461414337158203,1366300,ETR
2000-05-24,27.5,28.3125,27.5,28.0625,11.722496032714844,1712600,ETR
2000-05-25,28.0,28.0,27.375,28.0,11.696385383605957,947400,ETR
2000-05-26,28.1875,28.625,28.1875,28.3125,11.826925277709961,537900,ETR
2000-05-30,28.5,28.5625,28.1875,28.5625,11.931358337402344,991800,ETR
2000-05-31,28.5625,29.75,28.5625,29.25,12.218544006347656,974100,ETR
2000-06-01,29.125,29.1875,28.5,28.5,11.905248641967773,1135100,ETR
2000-06-02,30.25,30.4375,29.3125,29.3125,12.244657516479492,972500,ETR
2000-06-05,29.125,29.125,28.25,28.4375,11.879140853881836,778400,ETR
2000-06-06,28.3125,29.4375,28.25,29.0,12.114118576049805,802200,ETR
2000-06-07,29.25,30.0,29.125,30.0,12.531839370727539,1063000,ETR
2000-06-08,29.9375,29.9375,29.375,29.5625,12.349085807800293,431100,ETR
2000-06-09,29.625,30.375,29.625,30.0625,12.557950973510742,644300,ETR
2000-06-12,30.125,30.75,30.0625,30.5,12.740710258483887,522900,ETR
2000-06-13,30.6875,31.0625,30.5,30.75,12.845137596130371,660500,ETR
2000-06-14,30.625,30.75,29.875,29.875,12.479626655578613,901900,ETR
2000-06-15,30.125,30.6875,29.875,30.5,12.740710258483887,1040600,ETR
2000-06-16,30.5625,31.25,30.0,30.0,12.531839370727539,1772500,ETR
2000-06-19,30.0,30.375,29.375,29.375,12.270758628845215,922700,ETR
2000-06-20,29.375,30.1875,29.375,29.5,12.322975158691406,936100,ETR
2000-06-21,29.625,30.4375,29.5625,29.9375,12.505732536315918,913200,ETR
2000-06-22,30.0,30.0,28.75,29.3125,12.244657516479492,907500,ETR
2000-06-23,29.4375,29.6875,28.625,28.875,12.061898231506348,888400,ETR
2000-06-26,29.0,29.53125,28.9375,29.4375,12.29687213897705,769100,ETR
2000-06-27,29.375,29.4375,28.0,28.0,11.696385383605957,1100100,ETR
2000-06-28,28.125,28.875,27.5,28.53125,11.918303489685059,1645600,ETR
2000-06-29,28.5,29.0,27.75,27.75,11.591958045959473,572100,ETR
2000-06-30,27.875,28.9375,26.6875,27.1875,11.356979370117188,1400200,ETR
2000-07-03,27.1875,28.4375,27.1875,27.9375,11.670272827148438,165300,ETR
2000-07-05,28.0625,28.875,27.75,27.75,11.591958045959473,749200,ETR
2000-07-06,27.6875,28.3125,27.6875,27.9375,11.670272827148438,660800,ETR
2000-07-07,27.9375,28.375,27.875,27.875,11.644169807434082,1258400,ETR
2000-07-10,28.0,29.1875,28.0,28.9375,12.088004112243652,665700,ETR
2000-07-11,28.875,28.9375,28.5,28.875,12.061898231506348,605500,ETR
2000-07-12,29.4375,29.5,28.875,29.1875,12.192438125610352,678700,ETR
2000-07-13,29.4375,29.5,29.0,29.4375,12.29687213897705,510400,ETR
2000-07-14,30.0,30.1875,29.125,29.125,12.166325569152832,488000,ETR
2000-07-17,29.25,30.25,29.125,30.0,12.531839370727539,976400,ETR
2000-07-18,30.0625,30.5625,29.9375,30.3125,12.662379264831543,772000,ETR
2000-07-19,30.4375,30.8125,30.3125,30.5625,12.766815185546875,460700,ETR
2000-07-20,30.75,31.0625,30.5,30.6875,12.81903076171875,576900,ETR
2000-07-21,30.875,31.0625,30.4375,30.4375,12.714595794677734,915300,ETR
2000-07-24,30.375,30.625,29.9375,30.1875,12.610164642333984,497000,ETR
2000-07-25,30.3125,30.75,30.25,30.3125,12.662379264831543,303000,ETR
2000-07-26,30.1875,30.375,29.75,29.9375,12.505732536315918,611600,ETR
2000-07-27,29.9375,30.8125,29.9375,30.3125,12.662379264831543,438700,ETR
2000-07-28,30.3125,30.625,30.125,30.3125,12.662379264831543,437900,ETR
2000-07-31,28.0,28.75,26.9375,27.125,11.330870628356934,3784200,ETR
2000-08-01,27.375,30.0625,27.25,30.0,12.531839370727539,3301500,ETR
2000-08-02,30.0,30.5625,29.75,30.5,12.740710258483887,2287300,ETR
2000-08-03,30.75,31.75,30.25,30.640625,12.799452781677246,1709500,ETR
2000-08-04,30.5,30.75,29.75,30.6875,12.81903076171875,1967800,ETR
2000-08-07,30.5625,31.3125,30.4375,31.265625,13.060529708862305,792100,ETR
2000-08-08,31.1875,31.25,30.5625,31.1875,13.027892112731934,698000,ETR
2000-08-09,30.9375,31.0,30.3125,30.484375,12.734177589416504,574700,ETR
2000-08-10,30.4375,30.875,30.375,30.828125,13.005760192871094,2401200,ETR
2000-08-11,30.9375,31.1875,30.8125,31.140625,13.137603759765625,427600,ETR
2000-08-14,31.125,31.125,30.5625,31.0,13.07827091217041,790800,ETR
2000-08-15,31.375,31.5,31.0625,31.25,13.183741569519043,559800,ETR
2000-08-16,31.125,31.953125,31.125,31.953125,13.480382919311523,465600,ETR
2000-08-17,31.875,31.9375,31.6875,31.75,13.394684791564941,431700,ETR
2000-08-18,31.6875,31.9375,31.625,31.8125,13.421045303344727,501300,ETR
2000-08-21,31.8125,32.0625,31.625,32.0,13.500150680541992,1173800,ETR
2000-08-22,32.0,32.125,31.75,31.8125,13.421045303344727,752800,ETR
2000-08-23,31.8125,32.1875,31.6875,32.1875,13.579255104064941,602100,ETR
2000-08-24,32.1875,32.1875,31.5,31.5,13.289213180541992,707100,ETR
2000-08-25,31.5625,31.5625,30.875,31.0,13.07827091217041,654700,ETR
2000-08-28,31.0,31.125,30.875,31.0,13.07827091217041,1022200,ETR
2000-08-29,31.0,31.0,30.5,30.5625,12.893705368041992,301400,ETR
2000-08-30,30.75,31.0,30.625,30.6875,12.946435928344727,592200,ETR
2000-08-31,30.625,31.0,30.4375,30.453125,12.847558975219727,714400,ETR
2000-09-01,30.75,31.625,30.6875,31.265625,13.190335273742676,744600,ETR
2000-09-05,31.875,31.875,31.5625,31.875,13.447419166564941,417500,ETR
2000-09-06,32.0,33.3125,31.875,33.1875,14.001132011413574,1009100,ETR
2000-09-07,33.1875,33.6875,33.1875,33.625,14.185713768005371,870600,ETR
2000-09-08,33.625,34.3125,33.625,34.28125,14.462563514709473,495100,ETR
2000-09-11,34.125,36.4375,34.125,34.765625,14.666915893554688,1344800,ETR
2000-09-12,35.875,36.5,35.3125,35.5,14.976733207702637,1815300,ETR
2000-09-13,35.9375,36.5625,35.625,35.75,15.08220386505127,1311200,ETR
2000-09-14,36.125,36.125,35.0625,36.125,15.240411758422852,1862600,ETR
2000-09-15,36.375,37.765625,36.125,37.765625,15.932558059692383,2711700,ETR
2000-09-18,37.75,38.0,37.0625,37.921875,15.99847412109375,1424200,ETR
2000-09-19,38.0,38.125,36.75,36.75,15.504077911376953,2017500,ETR
2000-09-20,36.5625,36.6875,35.5625,36.3125,15.31950569152832,1381600,ETR
2000-09-21,36.375,36.9375,35.0,35.1875,14.844893455505371,1330200,ETR
2000-09-22,35.3125,36.0,35.0625,35.4375,14.950359344482422,1036300,ETR
2000-09-25,35.4375,35.4375,34.625,34.9375,14.739426612854004,1147300,ETR
2000-09-26,35.0,36.3125,35.0,35.8125,15.108572959899902,1332300,ETR
2000-09-27,35.6875,36.625,34.6875,36.140625,15.247000694274902,1492200,ETR
2000-09-28,36.3125,37.375,35.8125,36.0625,15.214037895202637,1843600,ETR
2000-09-29,36.125,37.6875,36.125,37.265625,15.721617698669434,1458500,ETR
2000-10-02,37.625,40.0,36.5625,39.875,16.82245635986328,1352600,ETR
2000-10-03,39.9375,39.9375,35.75,36.0,15.187667846679688,2485800,ETR
2000-10-04,36.4375,37.0,33.5,35.25,14.871258735656738,2339900,ETR
2000-10-05,35.3125,35.875,33.8125,34.3125,14.475751876831055,1166400,ETR
2000-10-06,34.5625,36.25,34.5625,35.875,15.134936332702637,1820400,ETR
2000-10-09,36.0,36.1875,35.5625,35.9375,15.161303520202637,580900,ETR
2000-10-10,35.875,37.25,35.875,36.8125,15.530445098876953,1296900,ETR
2000-10-11,36.9375,38.0,36.9375,37.625,15.873230934143066,1201900,ETR
2000-10-12,37.375,38.25,36.5625,37.125,15.662282943725586,789800,ETR
2000-10-13,37.6875,38.1875,37.3125,37.9375,16.00506019592285,756700,ETR
2000-10-16,37.875,39.1875,37.75,39.1875,16.53241539001465,696900,ETR
2000-10-17,39.1875,40.5,38.8125,38.875,16.400569915771484,1129100,ETR
2000-10-18,38.5,39.375,37.1875,38.125,16.08416748046875,1426700,ETR
2000-10-19,37.875,38.25,36.5,36.5,15.398613929748535,1290400,ETR
2000-10-20,36.5,37.6875,35.875,37.0,15.609543800354004,1661500,ETR
2000-10-23,36.875,37.6875,36.6875,37.0625,15.635926246643066,1287700,ETR
2000-10-24,37.3125,37.6875,35.5,36.25,15.29314136505127,707700,ETR
2000-10-25,37.0,37.0,36.0,36.0,15.187667846679688,1004400,ETR
2000-10-26,36.1875,36.625,34.5625,34.75,14.660320281982422,712000,ETR
2000-10-27,34.875,37.375,34.5625,37.375,15.76776123046875,1155700,ETR
2000-10-30,37.625,38.5,37.5,38.5,16.24236488342285,683500,ETR
2000-10-31,38.3125,38.6875,37.875,38.3125,16.163267135620117,534600,ETR
2000-11-01,38.3125,39.0,37.5625,38.5625,16.268741607666016,705700,ETR
2000-11-02,38.5625,38.5625,37.5,37.5,15.820486068725586,472300,ETR
2000-11-03,37.4375,37.875,36.875,36.875,15.556822776794434,709300,ETR
2000-11-06,37.0,37.5625,36.875,37.1875,15.688654899597168,607200,ETR
2000-11-07,37.25,37.625,36.9375,37.25,15.7150239944458,443200,ETR
2000-11-08,37.125,37.25,36.5,36.75,15.636307716369629,1207200,ETR
2000-11-09,36.875,37.75,36.625,37.75,16.061786651611328,457100,ETR
2000-11-10,38.0,39.0625,37.9375,38.5625,16.40749168395996,998600,ETR
2000-11-13,38.8125,40.375,38.8125,39.6875,16.886152267456055,2164500,ETR
2000-11-14,39.5625,39.75,38.9375,39.0625,16.620222091674805,965600,ETR
2000-11-15,39.125,40.0625,39.0625,39.8125,16.939332962036133,1104000,ETR
2000-11-16,39.9375,40.5,39.75,40.375,17.178661346435547,868500,ETR
2000-11-17,40.375,41.0,40.0,40.9375,17.41800308227539,891200,ETR
2000-11-20,41.125,41.9375,40.8125,41.5,17.65732765197754,1202500,ETR
2000-11-21,41.625,41.9375,40.75,41.4375,17.6307373046875,864100,ETR
2000-11-22,41.625,42.125,41.125,41.6875,17.737104415893555,778200,ETR
2000-11-24,41.75,41.8125,40.9375,41.125,17.497779846191406,275100,ETR
2000-11-27,40.5,40.9375,39.9375,40.5625,17.258440017700195,591100,ETR
2000-11-28,40.5625,41.75,40.5625,41.75,17.763700485229492,1067100,ETR
2000-11-29,41.6875,42.1875,41.5625,41.6875,17.737104415893555,598200,ETR
2000-11-30,41.8125,41.8125,40.5625,41.125,17.497779846191406,1035500,ETR
2000-12-01,40.625,41.0625,40.125,40.75,17.33821678161621,873200,ETR
2000-12-04,40.875,41.5625,40.6875,40.75,17.33821678161621,780500,ETR
2000-12-05,40.75,40.8125,40.125,40.25,17.125484466552734,461900,ETR
2000-12-06,40.875,40.9375,40.0,40.25,17.125484466552734,657900,ETR
2000-12-07,40.0625,40.9375,39.6875,39.75,16.912736892700195,788300,ETR
2000-12-08,39.5,39.75,39.0,39.0625,16.620222091674805,900600,ETR
2000-12-11,38.0,38.375,36.875,37.875,16.114973068237305,1407500,ETR
2000-12-12,37.625,38.9375,37.625,38.8125,16.513858795166016,837700,ETR
2000-12-13,38.8125,39.0625,38.5,38.6875,16.460676193237305,731600,ETR
2000-12-14,39.125,39.1875,37.4375,37.4375,15.928826332092285,938300,ETR
2000-12-15,37.625,39.375,37.625,38.8125,16.513858795166016,1159300,ETR
2000-12-18,39.625,39.9375,39.3125,39.8125,16.939332962036133,1255600,ETR
2000-12-19,39.6875,41.375,39.6875,41.375,17.604135513305664,1524600,ETR
2000-12-20,41.625,43.5,41.375,43.125,18.348731994628906,1313200,ETR
2000-12-21,43.375,43.375,41.6875,42.75,18.18916893005371,1129000,ETR
2000-12-22,42.75,42.9375,41.5,42.75,18.18916893005371,846600,ETR
2000-12-26,42.75,43.875,42.4375,43.25,18.40191650390625,499900,ETR
2000-12-27,43.0,43.5625,42.625,43.0,18.295543670654297,624900,ETR
2000-12-28,42.75,42.8125,41.6875,41.9375,17.84347152709961,677200,ETR
2000-12-29,42.1875,42.875,42.0,42.3125,18.003034591674805,414700,ETR
2001-01-02,41.75,42.5,40.8125,41.75,17.763700485229492,718600,ETR
2001-01-03,42.0,42.875,40.125,40.5,17.23185157775879,901100,ETR
2001-01-04,40.0,40.0,36.5,37.0,15.742671012878418,1705700,ETR
2001-01-05,37.0,38.0,37.0,37.4375,15.928826332092285,633100,ETR
2001-01-08,37.3125,38.0625,37.1875,37.8125,16.08837890625,551500,ETR
2001-01-09,38.0,38.3125,37.3125,37.5,15.955414772033691,538600,ETR
2001-01-10,37.75,38.125,37.1875,37.25,15.84904670715332,612100,ETR
2001-01-11,37.5,37.5625,33.5625,33.9375,14.439651489257812,1140900,ETR
2001-01-12,34.0,35.4375,32.875,35.125,14.944904327392578,1378400,ETR
2001-01-16,34.625,34.6875,32.5625,34.375,14.625798225402832,1136800,ETR
2001-01-17,34.5,35.625,34.1875,35.5625,15.131053924560547,978100,ETR
2001-01-18,35.5,36.3125,35.5,35.75,15.210827827453613,1329600,ETR
2001-01-19,35.5,36.0,34.8125,35.25,14.998090744018555,862100,ETR
2001-01-22,36.0,36.875,35.5625,36.6875,15.609711647033691,1260800,ETR
2001-01-23,37.375,38.625,36.375,36.875,15.689494132995605,1695500,ETR
2001-01-24,36.75,37.25,36.5625,36.75,15.636307716369629,1266500,ETR
2001-01-25,36.5625,37.5,36.5625,37.0,15.742671012878418,720800,ETR
2001-01-26,37.125,37.1875,35.5,36.6875,15.609711647033691,484900,ETR
2001-01-29,36.689998626708984,37.650001525878906,36.5,36.5,15.52994155883789,656500,ETR
2001-01-30,36.7400016784668,36.939998626708984,36.0,36.470001220703125,15.51717758178711,1043200,ETR
2001-01-31,35.75,36.04999923706055,35.150001525878906,35.41999816894531,15.070420265197754,1086500,ETR
2001-02-01,35.470001220703125,35.470001220703125,34.439998626708984,34.84000015258789,14.82364559173584,793200,ETR
2001-02-02,35.04999923706055,35.70000076293945,35.04999923706055,35.650001525878906,15.168288230895996,803200,ETR
2001-02-05,36.150001525878906,36.400001525878906,35.650001525878906,35.790000915527344,15.227848052978516,919400,ETR
2001-02-06,36.0,36.400001525878906,35.7599983215332,36.220001220703125,15.410804748535156,546100,ETR
2001-02-07,36.25,36.75,36.220001220703125,36.41999816894531,15.495905876159668,934900,ETR
2001-02-08,36.5,37.25,36.5,36.95000076293945,15.721405982971191,883900,ETR
2001-02-09,36.630001068115234,37.79999923706055,36.5099983215332,37.40999984741211,16.053985595703125,1917500,ETR
2001-02-12,37.61000061035156,37.900001525878906,35.75,37.0,15.878034591674805,992400,ETR
2001-02-13,37.0,37.25,36.119998931884766,36.790000915527344,15.787921905517578,626700,ETR
2001-02-14,36.939998626708984,37.119998931884766,36.599998474121094,37.119998931884766,15.929535865783691,551100,ETR
2001-02-15,37.220001220703125,37.220001220703125,36.5,36.97999954223633,15.86945915222168,551300,ETR
2001-02-16,37.029998779296875,38.0,37.029998779296875,37.54999923706055,16.114057540893555,911700,ETR
2001-02-20,37.29999923706055,38.349998474121094,37.29999923706055,37.779998779296875,16.212772369384766,884100,ETR
2001-02-21,37.97999954223633,38.939998626708984,37.95000076293945,38.400001525878906,16.478832244873047,482800,ETR
2001-02-22,38.5,38.95000076293945,37.900001525878906,38.68000030517578,16.598989486694336,826400,ETR
2001-02-23,38.779998779296875,38.97999954223633,37.900001525878906,38.61000061035156,16.568952560424805,646900,ETR
2001-02-26,38.68000030517578,39.25,38.369998931884766,38.40999984741211,16.483118057250977,513400,ETR
2001-02-27,38.36000061035156,39.400001525878906,38.36000061035156,39.20000076293945,16.822145462036133,760100,ETR
2001-02-28,39.20000076293945,39.29999923706055,38.2400016784668,38.83000183105469,16.663366317749023,498700,ETR
2001-03-01,38.68000030517578,39.650001525878906,38.38999938964844,39.25,16.843595504760742,833200,ETR
2001-03-02,39.25,39.70000076293945,38.72999954223633,39.45000076293945,16.929418563842773,499800,ETR
2001-03-05,39.5,39.630001068115234,38.70000076293945,39.119998931884766,16.78780174255371,362900,ETR
2001-03-06,39.18000030517578,39.18000030517578,38.63999938964844,38.72999954223633,16.620447158813477,444800,ETR
2001-03-07,38.630001068115234,39.099998474121094,38.38999938964844,38.95000076293945,16.714847564697266,730200,ETR
2001-03-08,38.959999084472656,39.400001525878906,38.54999923706055,39.400001525878906,16.907968521118164,417800,ETR
2001-03-09,39.459999084472656,39.459999084472656,38.81999969482422,39.29999923706055,16.86505126953125,427400,ETR
2001-03-12,39.45000076293945,39.75,38.779998779296875,38.79999923706055,16.65048599243164,469400,ETR
2001-03-13,39.0,39.470001220703125,38.25,38.380001068115234,16.47025489807129,633400,ETR
2001-03-14,37.79999923706055,38.18000030517578,37.349998474121094,37.95000076293945,16.28571319580078,1214600,ETR
2001-03-15,37.95000076293945,38.58000183105469,37.650001525878906,38.04999923706055,16.32863426208496,805500,ETR
2001-03-16,37.099998474121094,38.04999923706055,36.900001525878906,37.5,16.09259796142578,1587700,ETR
2001-03-19,36.79999923706055,37.25,36.25,36.900001525878906,15.83513355255127,844200,ETR
2001-03-20,36.900001525878906,37.400001525878906,36.25,36.540000915527344,15.680641174316406,498400,ETR
2001-03-21,35.66999816894531,37.08000183105469,35.66999816894531,36.29999923706055,15.577645301818848,666600,ETR
2001-03-22,36.31999969482422,36.369998931884766,34.400001525878906,35.54999923706055,15.255790710449219,636600,ETR
2001-03-23,35.349998474121094,35.349998474121094,34.400001525878906,34.70000076293945,14.891021728515625,914100,ETR
2001-03-26,34.900001525878906,36.58000183105469,34.79999923706055,36.0,15.44890308380127,748600,ETR
2001-03-27,36.0,37.099998474121094,36.0,36.900001525878906,15.83513355255127,766100,ETR
2001-03-28,36.900001525878906,37.25,36.27000045776367,36.900001525878906,15.83513355255127,643000,ETR
2001-03-29,36.900001525878906,37.220001220703125,36.04999923706055,37.16999816894531,15.95098876953125,801100,ETR
2001-03-30,37.349998474121094,38.349998474121094,37.349998474121094,38.0,16.307178497314453,995300,ETR
2001-04-02,37.79999923706055,38.599998474121094,37.5,38.0,16.307178497314453,3328200,ETR
2001-04-03,38.900001525878906,39.59000015258789,38.75,39.0,16.73630714416504,1381800,ETR
2001-04-04,38.650001525878906,39.959999084472656,38.619998931884766,39.75,17.058156967163086,2729700,ETR
2001-04-05,39.349998474121094,39.400001525878906,38.099998474121094,38.40999984741211,16.483118057250977,1869600,ETR
2001-04-06,38.29999923706055,38.599998474121094,36.81999969482422,37.599998474121094,16.135517120361328,1220800,ETR
2001-04-09,37.400001525878906,39.0,37.29999923706055,38.22999954223633,16.405879974365234,1192100,ETR
2001-04-10,38.900001525878906,39.349998474121094,38.599998474121094,38.650001525878906,16.586109161376953,1333300,ETR
2001-04-11,39.29999923706055,39.29999923706055,37.849998474121094,38.599998474121094,16.564655303955078,1049400,ETR
2001-04-12,38.599998474121094,39.099998474121094,38.20000076293945,38.45000076293945,16.500286102294922,784000,ETR
2001-04-16,38.400001525878906,38.91999816894531,38.29999923706055,38.900001525878906,16.693401336669922,496400,ETR
2001-04-17,38.650001525878906,39.95000076293945,38.650001525878906,39.95000076293945,17.143991470336914,876500,ETR
2001-04-18,39.95000076293945,40.0,38.20000076293945,39.470001220703125,16.93800163269043,1305900,ETR
2001-04-19,39.0,39.099998474121094,38.150001525878906,38.349998474121094,16.457366943359375,892300,ETR
2001-04-20,38.25,38.79999923706055,37.900001525878906,38.599998474121094,16.564655303955078,812300,ETR
2001-04-23,38.599998474121094,39.279998779296875,38.599998474121094,39.220001220703125,16.830718994140625,592500,ETR
2001-04-24,39.20000076293945,39.5099983215332,38.599998474121094,39.099998474121094,16.779220581054688,965100,ETR
2001-04-25,39.04999923706055,39.79999923706055,38.900001525878906,39.47999954223633,16.942296981811523,913000,ETR
2001-04-26,39.70000076293945,40.20000076293945,39.650001525878906,39.650001525878906,17.015249252319336,1169000,ETR
2001-04-27,40.099998474121094,40.45000076293945,39.95000076293945,40.279998779296875,17.285606384277344,1035800,ETR
2001-04-30,40.25,41.099998474121094,40.099998474121094,40.5,17.380020141601562,823100,ETR
2001-05-01,41.0,41.25,40.79999923706055,41.09000015258789,17.633201599121094,1045300,ETR
2001-05-02,41.25,41.29999923706055,40.25,40.25,17.272733688354492,1272300,ETR
2001-05-03,40.29999923706055,40.939998626708984,39.95000076293945,40.45000076293945,17.35855484008789,1200200,ETR
2001-05-04,40.25,41.18000030517578,40.25,41.04999923706055,17.61604118347168,807700,ETR
2001-05-07,41.04999923706055,41.43000030517578,41.02000045776367,41.13999938964844,17.654661178588867,661500,ETR
2001-05-08,41.099998474121094,41.47999954223633,40.81999969482422,41.40999984741211,17.77053451538086,623300,ETR
2001-05-09,41.29999923706055,41.619998931884766,41.290000915527344,41.5,17.80914306640625,761500,ETR
2001-05-10,41.5,42.0,41.4900016784668,41.939998626708984,17.997966766357422,479900,ETR
2001-05-11,41.900001525878906,42.0,41.70000076293945,42.0,18.160118103027344,2254500,ETR
2001-05-14,41.95000076293945,42.56999969482422,41.95000076293945,42.45000076293945,18.35469627380371,568800,ETR
2001-05-15,42.400001525878906,42.650001525878906,42.2599983215332,42.5,18.376310348510742,950500,ETR
2001-05-16,42.5,42.91999816894531,42.29999923706055,42.849998474121094,18.52764129638672,889000,ETR
2001-05-17,42.75,42.95000076293945,42.599998474121094,42.599998474121094,18.419546127319336,864400,ETR
2001-05-18,42.79999923706055,43.400001525878906,42.79999923706055,43.400001525878906,18.76545524597168,847600,ETR
2001-05-21,43.5,43.900001525878906,43.45000076293945,43.709999084472656,18.89948272705078,828100,ETR
2001-05-22,43.849998474121094,44.5,43.849998474121094,43.90999984741211,18.98596954345703,932600,ETR
2001-05-23,44.5,44.66999816894531,43.900001525878906,44.47999954223633,19.23242950439453,1170800,ETR
2001-05-24,43.25,44.099998474121094,42.95000076293945,44.04999923706055,19.046499252319336,1291000,ETR
2001-05-25,43.95000076293945,43.95000076293945,42.29999923706055,43.20000076293945,18.67898178100586,769100,ETR
2001-05-29,43.41999816894531,43.900001525878906,43.150001525878906,43.5,18.808691024780273,1059300,ETR
2001-05-30,43.25,44.150001525878906,43.25,43.4900016784668,18.804370880126953,645000,ETR
2001-05-31,43.0,43.5,43.0,43.20000076293945,18.67898178100586,2114100,ETR
2001-06-01,43.20000076293945,43.20000076293945,42.720001220703125,42.97999954223633,18.583847045898438,1081400,ETR
2001-06-04,42.97999954223633,43.0,42.66999816894531,42.900001525878906,18.54926300048828,847700,ETR
2001-06-05,42.849998474121094,42.900001525878906,42.5,42.900001525878906,18.54926300048828,699100,ETR
2001-06-06,42.900001525878906,42.959999084472656,42.08000183105469,42.2599983215332,18.27252769470215,516500,ETR
2001-06-07,42.20000076293945,42.5,41.75,41.75,18.052024841308594,1345300,ETR
2001-06-08,41.75,41.97999954223633,41.34000015258789,41.900001525878906,18.11688232421875,431800,ETR
2001-06-11,41.90999984741211,42.5,41.90999984741211,42.099998474121094,18.203351974487305,788200,ETR
2001-06-12,42.0,42.150001525878906,41.20000076293945,41.29999923706055,17.85744285583496,1179300,ETR
2001-06-13,41.29999923706055,42.02000045776367,40.400001525878906,40.400001525878906,17.468307495117188,1464200,ETR
2001-06-14,40.29999923706055,40.310001373291016,38.650001525878906,39.09000015258789,16.901878356933594,1127000,ETR
2001-06-15,39.150001525878906,40.400001525878906,39.150001525878906,40.150001525878906,17.360212326049805,1328400,ETR
2001-06-18,40.349998474121094,40.79999923706055,39.349998474121094,39.400001525878906,17.035921096801758,828400,ETR
2001-06-19,40.0,40.029998779296875,39.72999954223633,39.849998474121094,17.230493545532227,1133100,ETR
2001-06-20,39.95000076293945,39.95000076293945,39.40999984741211,39.599998474121094,17.122400283813477,802100,ETR
2001-06-21,39.5,39.54999923706055,37.900001525878906,38.5,16.646780014038086,1021600,ETR
2001-06-22,38.4900016784668,39.060001373291016,38.22999954223633,38.90999984741211,16.824045181274414,468800,ETR
2001-06-25,39.099998474121094,39.349998474121094,38.5,38.900001525878906,16.81972885131836,734600,ETR
2001-06-26,38.90999984741211,39.63999938964844,38.90999984741211,39.63999938964844,17.139692306518555,795200,ETR
2001-06-27,39.79999923706055,40.20000076293945,39.439998626708984,39.689998626708984,17.161314010620117,1164700,ETR
2001-06-28,39.689998626708984,40.040000915527344,39.04999923706055,39.279998779296875,16.98402976989746,516700,ETR
2001-06-29,39.25,39.25,38.25,38.38999938964844,16.599210739135742,1107800,ETR
2001-07-02,38.81999969482422,39.59000015258789,38.81999969482422,39.529998779296875,17.09212875366211,704600,ETR
2001-07-03,39.7599983215332,39.7599983215332,39.119998931884766,39.400001525878906,17.035921096801758,316600,ETR
2001-07-05,39.54999923706055,40.29999923706055,39.11000061035156,39.900001525878906,17.252119064331055,684300,ETR
2001-07-06,39.849998474121094,40.29999923706055,39.68000030517578,40.04999923706055,17.316970825195312,520100,ETR
2001-07-09,40.20000076293945,40.75,40.06999969482422,40.59000015258789,17.55044937133789,529800,ETR
2001-07-10,40.45000076293945,40.66999816894531,39.93000030517578,40.529998779296875,17.52451515197754,558800,ETR
2001-07-11,40.5,40.95000076293945,39.9900016784668,40.18000030517578,17.37318229675293,655600,ETR
2001-07-12,39.95000076293945,40.0,39.45000076293945,39.95000076293945,17.273733139038086,593000,ETR
2001-07-13,39.95000076293945,40.0,39.41999816894531,39.72999954223633,17.178598403930664,455200,ETR
2001-07-16,39.709999084472656,40.0,39.400001525878906,39.7400016784668,17.18292808532715,704600,ETR
2001-07-17,39.7400016784668,39.7400016784668,38.75,38.81999969482422,16.78513526916504,851600,ETR
2001-07-18,39.04999923706055,39.459999084472656,38.81999969482422,38.900001525878906,16.81972885131836,515600,ETR
2001-07-19,39.13999938964844,39.400001525878906,38.79999923706055,39.09000015258789,16.901878356933594,508900,ETR
2001-07-20,39.099998474121094,39.25,37.5,37.70000076293945,16.300867080688477,1480700,ETR
2001-07-23,37.779998779296875,37.86000061035156,35.61000061035156,35.900001525878906,15.522575378417969,865100,ETR
2001-07-24,36.0,36.22999954223633,34.779998779296875,35.52000045776367,15.358267784118652,947800,ETR
2001-07-25,35.70000076293945,36.16999816894531,35.0099983215332,35.900001525878906,15.522575378417969,1085000,ETR
2001-07-26,35.79999923706055,37.20000076293945,35.79999923706055,37.20000076293945,16.084671020507812,1221700,ETR
2001-07-27,37.599998474121094,37.599998474121094,36.400001525878906,37.5,16.21438980102539,692000,ETR
2001-07-30,37.349998474121094,37.79999923706055,36.349998474121094,37.290000915527344,16.123586654663086,485400,ETR
2001-07-31,38.099998474121094,38.099998474121094,37.099998474121094,37.5,16.21438980102539,669800,ETR
2001-08-01,37.5,38.400001525878906,37.099998474121094,38.0,16.43058204650879,501700,ETR
2001-08-02,38.25,39.349998474121094,38.220001220703125,38.79999923706055,16.776485443115234,505400,ETR
2001-08-03,39.45000076293945,39.5099983215332,38.599998474121094,38.88999938964844,16.815406799316406,560100,ETR
2001-08-06,38.650001525878906,38.650001525878906,37.2599983215332,37.5,16.21438980102539,377300,ETR
2001-08-07,37.95000076293945,38.25,37.619998931884766,37.7599983215332,16.326810836791992,390600,ETR
2001-08-08,37.70000076293945,38.04999923706055,37.150001525878906,37.2400016784668,16.10196876525879,416200,ETR
2001-08-09,37.25,38.08000183105469,37.220001220703125,38.0,16.43058204650879,4509400,ETR
2001-08-10,37.849998474121094,37.95000076293945,37.25,37.75,16.458927154541016,1368000,ETR
2001-08-13,37.849998474121094,37.97999954223633,37.2400016784668,37.40999984741211,16.31068229675293,277900,ETR
2001-08-14,37.650001525878906,37.959999084472656,37.11000061035156,37.5,16.349918365478516,459700,ETR
2001-08-15,37.5,37.849998474121094,36.529998779296875,37.38999938964844,16.301959991455078,572400,ETR
2001-08-16,37.650001525878906,38.599998474121094,37.38999938964844,38.4900016784668,16.781553268432617,399300,ETR
2001-08-17,38.25,38.95000076293945,38.11000061035156,38.95000076293945,16.98211097717285,402100,ETR
2001-08-20,39.0,39.63999938964844,38.91999816894531,39.0,17.003915786743164,627800,ETR
2001-08-21,39.29999923706055,39.459999084472656,38.75,38.75,16.89491081237793,247500,ETR
2001-08-22,38.79999923706055,38.90999984741211,38.310001373291016,38.709999084472656,16.877477645874023,331800,ETR
2001-08-23,38.79999923706055,38.79999923706055,38.54999923706055,38.70000076293945,16.873119354248047,307900,ETR
2001-08-24,38.79999923706055,38.79999923706055,38.5,38.68000030517578,16.864397048950195,434800,ETR
2001-08-27,39.099998474121094,39.400001525878906,39.08000183105469,39.290000915527344,17.13035774230957,451300,ETR
2001-08-28,39.04999923706055,39.75,39.04999923706055,39.709999084472656,17.3134708404541,483700,ETR
2001-08-29,40.0,40.22999954223633,39.63999938964844,39.9900016784668,17.43556022644043,549900,ETR
2001-08-30,39.9900016784668,40.25,39.150001525878906,39.150001525878906,17.069316864013672,403700,ETR
2001-08-31,39.349998474121094,39.45000076293945,38.52000045776367,38.52000045776367,16.794639587402344,528400,ETR
2001-09-04,38.86000061035156,39.40999984741211,38.75,39.290000915527344,17.13035774230957,664500,ETR
2001-09-05,39.279998779296875,39.599998474121094,39.18000030517578,39.25,17.1129150390625,717800,ETR
2001-09-06,39.119998931884766,39.75,39.08000183105469,39.75,17.33091163635254,360900,ETR
2001-09-07,39.95000076293945,40.20000076293945,39.02000045776367,39.099998474121094,17.04751205444336,518900,ETR
2001-09-10,39.099998474121094,39.20000076293945,38.11000061035156,38.52000045776367,16.794639587402344,464700,ETR
2001-09-17,38.79999923706055,38.79999923706055,37.599998474121094,38.400001525878906,16.74232292175293,680200,ETR
2001-09-18,38.400001525878906,38.54999923706055,38.099998474121094,38.38999938964844,16.737960815429688,433600,ETR
2001-09-19,38.29999923706055,38.310001373291016,36.16999816894531,36.66999816894531,15.988045692443848,948600,ETR
2001-09-20,36.54999923706055,36.70000076293945,36.150001525878906,36.54999923706055,15.935717582702637,1101500,ETR
2001-09-21,35.0,36.5,35.0,36.38999938964844,15.865958213806152,1271100,ETR
2001-09-24,36.75,36.7599983215332,35.0,35.18000030517578,15.33840560913086,809400,ETR
2001-09-25,34.75,35.04999923706055,34.13999938964844,34.58000183105469,15.076809883117676,938800,ETR
2001-09-26,34.5,34.630001068115234,33.599998474121094,33.65999984741211,14.67568588256836,1646800,ETR
2001-09-27,33.65999984741211,34.349998474121094,33.599998474121094,34.189998626708984,14.906765937805176,692200,ETR
2001-09-28,34.400001525878906,35.650001525878906,34.279998779296875,35.560001373291016,15.504085540771484,678300,ETR
2001-10-01,35.56999969482422,36.47999954223633,35.099998474121094,35.900001525878906,15.652323722839355,533900,ETR
2001-10-02,35.900001525878906,37.45000076293945,35.650001525878906,37.45000076293945,16.328123092651367,596400,ETR
2001-10-03,37.45000076293945,38.25,37.439998626708984,37.849998474121094,16.502511978149414,637700,ETR
2001-10-04,37.95000076293945,37.970001220703125,37.5099983215332,37.79999923706055,16.480724334716797,314100,ETR
2001-10-05,38.0,38.38999938964844,37.439998626708984,38.290000915527344,16.69435691833496,506800,ETR
2001-10-08,38.25,38.59000015258789,38.099998474121094,38.47999954223633,16.777198791503906,692200,ETR
2001-10-09,38.400001525878906,38.400001525878906,37.349998474121094,37.349998474121094,16.28452491760254,455600,ETR
2001-10-10,37.36000061035156,37.36000061035156,36.599998474121094,36.75,16.022920608520508,1112700,ETR
2001-10-11,36.900001525878906,37.0,36.349998474121094,36.599998474121094,15.957527160644531,632000,ETR
2001-10-12,36.25,36.939998626708984,36.16999816894531,36.70000076293945,16.001123428344727,351500,ETR
2001-10-15,36.689998626708984,36.900001525878906,36.099998474121094,36.20000076293945,15.783123970031738,363600,ETR
2001-10-16,36.70000076293945,37.25,36.599998474121094,37.22999954223633,16.232206344604492,341200,ETR
2001-10-17,37.5,37.75,37.36000061035156,37.75,16.458927154541016,705800,ETR
2001-10-18,37.849998474121094,37.900001525878906,37.0,37.150001525878906,16.197322845458984,1177900,ETR
2001-10-19,37.0,37.150001525878906,36.11000061035156,37.04999923706055,16.15372085571289,794900,ETR
2001-10-22,37.0,37.400001525878906,36.599998474121094,36.70000076293945,16.001123428344727,482000,ETR
2001-10-23,37.099998474121094,37.54999923706055,37.02000045776367,37.459999084472656,16.33247947692871,1005100,ETR
2001-10-24,37.45000076293945,37.599998474121094,37.0,37.349998474121094,16.28452491760254,912700,ETR
2001-10-25,36.95000076293945,38.0,36.83000183105469,38.0,16.567920684814453,513600,ETR
2001-10-26,37.75,38.400001525878906,37.0,38.150001525878906,16.633325576782227,680300,ETR
2001-10-29,37.75,38.25,37.45000076293945,38.0,16.567920684814453,592400,ETR
2001-10-30,38.0,39.099998474121094,37.9900016784668,38.900001525878906,16.96031951904297,1376300,ETR
2001-10-31,38.70000076293945,39.0,38.5099983215332,38.849998474121094,16.938514709472656,999600,ETR
2001-11-01,38.79999923706055,38.79999923706055,37.959999084472656,38.20000076293945,16.65512466430664,829700,ETR
2001-11-02,38.0,38.0,36.599998474121094,36.599998474121094,15.957527160644531,1276400,ETR
2001-11-05,36.70000076293945,37.88999938964844,36.599998474121094,37.650001525878906,16.415321350097656,1057300,ETR
2001-11-06,37.52000045776367,38.150001525878906,37.25,38.06999969482422,16.59844207763672,535300,ETR
2001-11-07,37.900001525878906,38.02000045776367,37.439998626708984,37.54999923706055,16.37171745300293,749800,ETR
2001-11-08,37.31999969482422,38.86000061035156,37.31999969482422,38.599998474121094,16.978734970092773,1255400,ETR
2001-11-09,38.45000076293945,39.150001525878906,38.11000061035156,38.91999816894531,17.119487762451172,714500,ETR
2001-11-12,38.75,38.900001525878906,38.2599983215332,38.349998474121094,16.868762969970703,535600,ETR
2001-11-13,38.400001525878906,38.59000015258789,37.900001525878906,38.529998779296875,16.947940826416016,315300,ETR
2001-11-14,38.95000076293945,38.95000076293945,37.779998779296875,37.79999923706055,16.62684440612793,550800,ETR
2001-11-15,38.04999923706055,38.099998474121094,37.119998931884766,37.689998626708984,16.578454971313477,416500,ETR
2001-11-16,37.689998626708984,38.20000076293945,37.290000915527344,38.189998626708984,16.798383712768555,634400,ETR
2001-11-19,38.189998626708984,38.25,37.150001525878906,37.38999938964844,16.44649314880371,523500,ETR
2001-11-20,37.650001525878906,37.7400016784668,37.25,37.56999969482422,16.525676727294922,650600,ETR
2001-11-21,37.650001525878906,37.650001525878906,36.75,36.959999084472656,16.257356643676758,559100,ETR
2001-11-23,36.900001525878906,36.95000076293945,36.380001068115234,36.95000076293945,16.252960205078125,292500,ETR
2001-11-26,36.70000076293945,37.34000015258789,36.70000076293945,36.900001525878906,16.230968475341797,395500,ETR
2001-11-27,36.900001525878906,37.439998626708984,36.47999954223633,37.0,16.274944305419922,424700,ETR
2001-11-28,37.0,37.060001373291016,36.25,36.54999923706055,16.077007293701172,681700,ETR
2001-11-29,36.619998931884766,36.77000045776367,36.20000076293945,36.68000030517578,16.134191513061523,968400,ETR
2001-11-30,36.75,37.25,36.66999816894531,36.900001525878906,16.230968475341797,556500,ETR
2001-12-03,36.84000015258789,37.380001068115234,36.599998474121094,37.29999923706055,16.40691566467285,960900,ETR
2001-12-04,37.29999923706055,38.20000076293945,37.099998474121094,38.20000076293945,16.80278778076172,855100,ETR
2001-12-05,38.20000076293945,38.349998474121094,37.880001068115234,38.290000915527344,16.84237289428711,847700,ETR
2001-12-06,38.25,38.369998931884766,38.099998474121094,38.2599983215332,16.82918357849121,948600,ETR
2001-12-07,38.2599983215332,39.04999923706055,38.25,38.70000076293945,17.02271842956543,768000,ETR
2001-12-10,38.70000076293945,38.70000076293945,38.08000183105469,38.47999954223633,16.925947189331055,679500,ETR
2001-12-11,39.0,39.0,37.400001525878906,37.59000015258789,16.534473419189453,677100,ETR
2001-12-12,37.83000183105469,37.83000183105469,36.56999969482422,37.29999923706055,16.40691566467285,1341800,ETR
2001-12-13,37.29999923706055,38.11000061035156,37.20000076293945,38.04999923706055,16.73680877685547,546100,ETR
2001-12-14,38.0,38.0,37.5,37.900001525878906,16.670822143554688,690900,ETR
2001-12-17,37.81999969482422,37.83000183105469,36.95000076293945,37.0,16.274944305419922,784800,ETR
2001-12-18,37.04999923706055,37.70000076293945,36.970001220703125,37.70000076293945,16.58285140991211,844000,ETR
2001-12-19,37.25,38.599998474121094,37.099998474121094,38.43000030517578,16.903959274291992,1023300,ETR
2001-12-20,38.43000030517578,38.43000030517578,37.650001525878906,38.130001068115234,16.771997451782227,587800,ETR
2001-12-21,38.599998474121094,38.599998474121094,37.7599983215332,37.79999923706055,16.62684440612793,949100,ETR
2001-12-24,37.900001525878906,38.31999969482422,37.900001525878906,38.09000015258789,16.754405975341797,280600,ETR
2001-12-26,38.29999923706055,38.939998626708984,38.290000915527344,38.52000045776367,16.943546295166016,463500,ETR
2001-12-27,38.54999923706055,38.95000076293945,38.22999954223633,38.95000076293945,17.132680892944336,511200,ETR
2001-12-28,39.22999954223633,39.22999954223633,38.52000045776367,38.900001525878906,17.110700607299805,493400,ETR
2001-12-31,38.880001068115234,39.5,38.709999084472656,39.11000061035156,17.203062057495117,434800,ETR
2002-01-02,38.900001525878906,39.849998474121094,38.25,39.79999923706055,17.506572723388672,764100,ETR
2002-01-03,39.400001525878906,39.66999816894531,39.150001525878906,39.400001525878906,17.330623626708984,644400,ETR
2002-01-04,39.400001525878906,39.5,38.900001525878906,39.310001373291016,17.29103660583496,495100,ETR
2002-01-07,39.04999923706055,39.45000076293945,38.86000061035156,39.310001373291016,17.29103660583496,689600,ETR
2002-01-08,39.900001525878906,39.95000076293945,39.040000915527344,39.369998931884766,17.31743049621582,950600,ETR
2002-01-09,39.5,40.290000915527344,39.36000061035156,39.93000030517578,17.563739776611328,1251200,ETR
2002-01-10,39.849998474121094,41.20000076293945,39.720001220703125,41.099998474121094,18.07839012145996,1536500,ETR
2002-01-11,41.099998474121094,41.25,40.599998474121094,41.0,18.034404754638672,1232400,ETR
2002-01-14,40.900001525878906,41.5,40.849998474121094,41.36000061035156,18.1927547454834,773000,ETR
2002-01-15,41.599998474121094,41.880001068115234,41.5,41.650001525878906,18.3203125,901900,ETR
2002-01-16,41.400001525878906,42.04999923706055,41.400001525878906,41.83000183105469,18.39949607849121,1090400,ETR
2002-01-17,41.70000076293945,41.95000076293945,41.459999084472656,41.709999084472656,18.346702575683594,1581100,ETR
2002-01-18,41.709999084472656,41.9900016784668,41.65999984741211,41.95000076293945,18.4522762298584,804200,ETR
2002-01-22,41.880001068115234,41.880001068115234,40.599998474121094,40.599998474121094,17.85845184326172,996200,ETR
2002-01-23,40.599998474121094,40.95000076293945,40.439998626708984,40.720001220703125,17.911243438720703,689500,ETR
2002-01-24,40.720001220703125,40.97999954223633,40.31999969482422,40.47999954223633,17.805673599243164,599200,ETR
2002-01-25,40.400001525878906,40.619998931884766,40.040000915527344,40.45000076293945,17.7924747467041,638700,ETR
2002-01-28,40.04999923706055,40.349998474121094,39.79999923706055,40.04999923706055,17.61652946472168,595600,ETR
2002-01-29,40.5,40.79999923706055,39.119998931884766,39.81999969482422,17.515361785888672,1258700,ETR
2002-01-30,40.099998474121094,40.130001068115234,39.150001525878906,39.869998931884766,17.53736686706543,861300,ETR
2002-01-31,40.02000045776367,41.20000076293945,40.02000045776367,41.18000030517578,18.113574981689453,1183800,ETR
2002-02-01,41.25,41.400001525878906,40.79999923706055,41.2599983215332,18.14876937866211,770400,ETR
2002-02-04,41.400001525878906,41.400001525878906,40.84000015258789,41.31999969482422,18.17515754699707,901200,ETR
2002-02-05,41.439998626708984,41.560001373291016,41.0,41.380001068115234,18.20155143737793,1061900,ETR
2002-02-06,41.400001525878906,41.59000015258789,40.900001525878906,41.31999969482422,18.17515754699707,1796100,ETR
2002-02-07,41.650001525878906,41.939998626708984,41.560001373291016,41.900001525878906,18.57866859436035,1574300,ETR
2002-02-08,41.95000076293945,42.0,41.45000076293945,41.720001220703125,18.498849868774414,1093900,ETR
2002-02-11,41.650001525878906,41.84000015258789,40.900001525878906,41.689998626708984,18.48554229736328,1067000,ETR
2002-02-12,41.70000076293945,41.900001525878906,40.88999938964844,40.970001220703125,18.166292190551758,1558600,ETR
2002-02-13,40.97999954223633,41.27000045776367,40.79999923706055,41.220001220703125,18.277145385742188,1136200,ETR
2002-02-14,41.220001220703125,41.220001220703125,40.790000915527344,41.09000015258789,18.219505310058594,567200,ETR
2002-02-15,41.150001525878906,41.400001525878906,40.650001525878906,40.70000076293945,18.046585083007812,776500,ETR
2002-02-19,40.61000061035156,40.95000076293945,40.40999984741211,40.75,18.06873893737793,656200,ETR
2002-02-20,40.54999923706055,40.68000030517578,39.88999938964844,40.599998474121094,18.00222396850586,642000,ETR
2002-02-21,40.599998474121094,41.15999984741211,40.25,40.290000915527344,17.86477279663086,442600,ETR
2002-02-22,40.29999923706055,40.900001525878906,39.70000076293945,40.79999923706055,18.090909957885742,548500,ETR
2002-02-25,40.95000076293945,40.9900016784668,40.45000076293945,40.5,17.95789909362793,550400,ETR
2002-02-26,40.29999923706055,40.869998931884766,40.29999923706055,40.709999084472656,18.051008224487305,926900,ETR
2002-02-27,40.900001525878906,41.650001525878906,40.88999938964844,41.349998474121094,18.334781646728516,733000,ETR
2002-02-28,41.25,41.900001525878906,41.20000076293945,41.279998779296875,18.303747177124023,787600,ETR
2002-03-01,41.29999923706055,41.75,41.279998779296875,41.5,18.40129280090332,829200,ETR
2002-03-04,41.849998474121094,42.43000030517578,41.58000183105469,42.43000030517578,18.81365966796875,1024400,ETR
2002-03-05,42.45000076293945,42.75,42.0,42.650001525878906,18.911211013793945,916300,ETR
2002-03-06,42.79999923706055,43.38999938964844,42.099998474121094,43.31999969482422,19.208295822143555,1009500,ETR
2002-03-07,43.29999923706055,43.43000030517578,42.619998931884766,42.900001525878906,19.022062301635742,1140400,ETR
2002-03-08,42.9900016784668,43.400001525878906,42.79999923706055,43.220001220703125,19.16394805908203,969500,ETR
2002-03-11,43.22999954223633,43.47999954223633,42.650001525878906,43.13999938964844,19.12848472595215,854600,ETR
2002-03-12,43.13999938964844,43.189998626708984,42.54999923706055,42.7400016784668,18.951112747192383,656100,ETR
2002-03-13,42.7400016784668,42.7400016784668,42.29999923706055,42.349998474121094,18.77819061279297,484400,ETR
2002-03-14,42.45000076293945,42.5,41.790000915527344,41.95000076293945,18.6008358001709,823700,ETR
2002-03-15,41.97999954223633,42.130001068115234,41.79999923706055,41.93000030517578,18.59196662902832,674000,ETR
2002-03-18,41.70000076293945,41.83000183105469,41.2599983215332,41.52000045776367,18.4101619720459,1104400,ETR
2002-03-19,41.45000076293945,41.7400016784668,41.43000030517578,41.47999954223633,18.392427444458008,1272400,ETR
2002-03-20,41.0,41.84000015258789,40.849998474121094,41.59000015258789,18.441205978393555,1170600,ETR
2002-03-21,41.650001525878906,42.59000015258789,41.619998931884766,42.5,18.844697952270508,836500,ETR
2002-03-22,42.720001220703125,43.189998626708984,42.45000076293945,42.88999938964844,19.017635345458984,715000,ETR
2002-03-25,42.939998626708984,43.400001525878906,42.34000015258789,43.150001525878906,19.13291358947754,933200,ETR
2002-03-26,43.099998474121094,43.439998626708984,42.650001525878906,43.029998779296875,19.079715728759766,814100,ETR
2002-03-27,43.029998779296875,43.25,42.79999923706055,43.0099983215332,19.07084083557129,1006200,ETR
2002-03-28,43.04999923706055,43.880001068115234,43.0,43.40999984741211,19.248201370239258,909100,ETR
2002-04-01,43.349998474121094,43.900001525878906,43.11000061035156,43.459999084472656,19.270368576049805,680700,ETR
2002-04-02,43.65999984741211,44.029998779296875,43.54999923706055,43.939998626708984,19.483205795288086,649600,ETR
2002-04-03,43.900001525878906,44.060001373291016,43.70000076293945,43.95000076293945,19.487642288208008,541300,ETR
2002-04-04,43.54999923706055,44.45000076293945,43.54999923706055,43.95000076293945,19.487642288208008,544100,ETR
2002-04-05,43.599998474121094,44.13999938964844,43.2599983215332,43.65999984741211,19.359054565429688,356600,ETR
2002-04-08,43.65999984741211,44.38999938964844,43.47999954223633,44.29999923706055,19.642833709716797,559700,ETR
2002-04-09,44.25,44.27000045776367,43.650001525878906,43.72999954223633,19.390087127685547,525500,ETR
2002-04-10,43.630001068115234,44.689998626708984,43.61000061035156,44.59000015258789,19.771411895751953,629700,ETR
2002-04-11,44.70000076293945,45.400001525878906,44.5,44.5,19.73151397705078,1290400,ETR
2002-04-12,44.45000076293945,44.72999954223633,44.209999084472656,44.54999923706055,19.753686904907227,625000,ETR
2002-04-15,44.79999923706055,44.79999923706055,44.11000061035156,44.119998931884766,19.56301498413086,707600,ETR
2002-04-16,44.130001068115234,44.7400016784668,44.099998474121094,44.63999938964844,19.793594360351562,916200,ETR
2002-04-17,44.75,45.099998474121094,44.599998474121094,44.900001525878906,19.90888214111328,579800,ETR
2002-04-18,44.95000076293945,45.349998474121094,44.79999923706055,45.209999084472656,20.046327590942383,308800,ETR
2002-04-19,45.209999084472656,45.470001220703125,45.119998931884766,45.40999984741211,20.135011672973633,657300,ETR
2002-04-22,45.650001525878906,46.0,45.650001525878906,45.90999984741211,20.35671043395996,642300,ETR
2002-04-23,46.0,46.58000183105469,45.95000076293945,46.15999984741211,20.467565536499023,497100,ETR
2002-04-24,46.25,46.5,46.029998779296875,46.45000076293945,20.596153259277344,946100,ETR
2002-04-25,46.25,46.25,45.75,45.93000030517578,20.365581512451172,1075400,ETR
2002-04-26,46.0,46.0099983215332,45.400001525878906,45.599998474121094,20.21925926208496,1744700,ETR
2002-04-29,45.61000061035156,46.41999816894531,45.31999969482422,46.099998474121094,20.440967559814453,719600,ETR
2002-04-30,46.0,46.400001525878906,45.86000061035156,46.400001525878906,20.573974609375,758400,ETR
2002-05-01,46.34000015258789,46.349998474121094,45.560001373291016,45.900001525878906,20.352283477783203,996500,ETR
2002-05-02,45.79999923706055,46.70000076293945,45.5099983215332,46.70000076293945,20.70700454711914,673300,ETR
2002-05-03,46.54999923706055,46.75,46.04999923706055,46.599998474121094,20.662662506103516,921200,ETR
2002-05-06,46.599998474121094,46.66999816894531,46.31999969482422,46.599998474121094,20.662662506103516,485900,ETR
2002-05-07,46.70000076293945,46.849998474121094,46.040000915527344,46.09000015258789,20.436532974243164,764300,ETR
2002-05-08,46.04999923706055,46.060001373291016,45.27000045776367,45.68000030517578,20.254735946655273,1532700,ETR
2002-05-09,45.68000030517578,45.779998779296875,45.47999954223633,45.47999954223633,20.16604995727539,1002600,ETR
2002-05-10,45.5,45.75,45.0,45.220001220703125,20.197315216064453,1227400,ETR
2002-05-13,45.349998474121094,45.9900016784668,45.04999923706055,45.5,20.32236671447754,953700,ETR
2002-05-14,45.599998474121094,45.630001068115234,45.20000076293945,45.59000015258789,20.362567901611328,904700,ETR
2002-05-15,45.540000915527344,45.54999923706055,45.220001220703125,45.290000915527344,20.228578567504883,935900,ETR
2002-05-16,45.400001525878906,45.4900016784668,44.5099983215332,44.54999923706055,19.898067474365234,768500,ETR
2002-05-17,44.650001525878906,44.66999816894531,43.29999923706055,44.36000061035156,19.813201904296875,1064100,ETR
2002-05-20,44.36000061035156,45.18000030517578,44.34000015258789,44.95000076293945,20.076719284057617,607100,ETR
2002-05-21,44.970001220703125,45.47999954223633,44.65999984741211,44.91999816894531,20.06331443786621,633400,ETR
2002-05-22,44.970001220703125,45.90999984741211,44.970001220703125,45.79999923706055,20.456369400024414,545900,ETR
2002-05-23,45.900001525878906,46.150001525878906,45.54999923706055,45.70000076293945,20.411697387695312,746700,ETR
2002-05-24,45.70000076293945,46.220001220703125,45.439998626708984,46.06999969482422,20.576961517333984,634000,ETR
2002-05-28,46.220001220703125,46.470001220703125,45.900001525878906,46.09000015258789,20.58590316772461,365400,ETR
2002-05-29,46.04999923706055,46.04999923706055,45.290000915527344,45.290000915527344,20.228578567504883,633900,ETR
2002-05-30,44.79999923706055,45.20000076293945,44.2599983215332,44.400001525878906,19.831069946289062,710900,ETR
2002-05-31,43.900001525878906,44.47999954223633,43.900001525878906,43.97999954223633,19.643476486206055,1017100,ETR
2002-06-03,43.97999954223633,43.97999954223633,42.869998931884766,43.040000915527344,19.22362518310547,887300,ETR
2002-06-04,43.04999923706055,43.90999984741211,42.9900016784668,43.11000061035156,19.254894256591797,1239500,ETR
2002-06-05,43.11000061035156,43.189998626708984,42.29999923706055,42.709999084472656,19.076236724853516,749000,ETR
2002-06-06,42.810001373291016,42.849998474121094,41.900001525878906,41.900001525878906,18.714458465576172,641700,ETR
2002-06-07,41.900001525878906,42.5,41.54999923706055,42.34000015258789,18.910974502563477,984600,ETR
2002-06-10,42.33000183105469,42.97999954223633,42.040000915527344,42.720001220703125,19.080703735351562,929800,ETR
2002-06-11,42.7599983215332,43.09000015258789,42.040000915527344,42.150001525878906,18.826114654541016,1019500,ETR
2002-06-12,42.04999923706055,42.5,41.880001068115234,42.04999923706055,18.781442642211914,1310700,ETR
2002-06-13,42.099998474121094,42.5,41.97999954223633,42.11000061035156,18.808246612548828,1153300,ETR
2002-06-14,42.11000061035156,42.150001525878906,41.20000076293945,41.599998474121094,18.580453872680664,1257600,ETR
2002-06-17,41.650001525878906,42.439998626708984,41.310001373291016,42.349998474121094,18.915441513061523,961000,ETR
2002-06-18,42.400001525878906,43.349998474121094,42.349998474121094,43.209999084472656,19.299556732177734,1064700,ETR
2002-06-19,43.13999938964844,43.56999969482422,42.75,42.79999923706055,19.116424560546875,693500,ETR
2002-06-20,42.97999954223633,43.5,42.97999954223633,43.0,19.20576286315918,919100,ETR
2002-06-21,43.04999923706055,43.54999923706055,43.0099983215332,43.5,19.429080963134766,1766700,ETR
2002-06-24,43.5,43.5099983215332,42.59000015258789,42.630001068115234,19.04049301147461,956200,ETR
2002-06-25,42.54999923706055,42.720001220703125,42.099998474121094,42.189998626708984,18.843971252441406,1431300,ETR
2002-06-26,41.25,42.029998779296875,41.20000076293945,41.75,18.6474552154541,948500,ETR
2002-06-27,41.599998474121094,42.04999923706055,41.04999923706055,41.630001068115234,18.593852996826172,1321200,ETR
2002-06-28,41.75,42.599998474121094,41.70000076293945,42.439998626708984,18.95563316345215,1291600,ETR
2002-07-01,42.439998626708984,42.58000183105469,42.04999923706055,42.04999923706055,18.781442642211914,915100,ETR
2002-07-02,42.04999923706055,42.29999923706055,41.54999923706055,41.75,18.6474552154541,769100,ETR
2002-07-03,41.849998474121094,42.099998474121094,41.5,41.599998474121094,18.580453872680664,605700,ETR
2002-07-05,41.650001525878906,42.130001068115234,41.41999816894531,41.97999954223633,18.750181198120117,309200,ETR
2002-07-08,42.5,42.61000061035156,41.63999938964844,42.0099983215332,18.763578414916992,707700,ETR
2002-07-09,41.900001525878906,42.06999969482422,41.040000915527344,41.25,18.42412757873535,692300,ETR
2002-07-10,41.29999923706055,41.29999923706055,38.70000076293945,38.77000045776367,17.31644630432129,1699700,ETR
2002-07-11,38.77000045776367,39.72999954223633,38.41999816894531,39.54999923706055,17.66482925415039,1596900,ETR
2002-07-12,39.599998474121094,39.599998474121094,37.9900016784668,38.40999984741211,17.155651092529297,1274800,ETR
2002-07-15,38.16999816894531,39.349998474121094,36.68000030517578,39.349998474121094,17.575496673583984,1473100,ETR
2002-07-16,39.349998474121094,39.79999923706055,38.20000076293945,38.27000045776367,17.09312629699707,1212900,ETR
2002-07-17,38.599998474121094,39.130001068115234,37.849998474121094,38.47999954223633,17.186922073364258,1820000,ETR
2002-07-18,38.47999954223633,38.5,37.45000076293945,37.5,16.74920082092285,1032100,ETR
2002-07-19,37.20000076293945,37.5,35.849998474121094,36.599998474121094,16.347227096557617,1600100,ETR
2002-07-22,36.79999923706055,37.0,35.29999923706055,36.400001525878906,16.25790023803711,1267400,ETR
2002-07-23,36.41999816894531,36.41999816894531,32.529998779296875,33.18000030517578,14.81969928741455,2067900,ETR
2002-07-24,32.29999923706055,36.13999938964844,32.119998931884766,35.939998626708984,16.05243492126465,1812700,ETR
2002-07-25,35.5,37.5099983215332,35.470001220703125,36.900001525878906,16.481224060058594,1823000,ETR
2002-07-26,36.849998474121094,37.38999938964844,36.20000076293945,36.54999923706055,16.324893951416016,1604600,ETR
2002-07-29,37.0,37.279998779296875,36.279998779296875,36.900001525878906,16.481224060058594,1470400,ETR
2002-07-30,37.13999938964844,39.900001525878906,37.04999923706055,39.81999969482422,17.78542137145996,1217300,ETR
2002-07-31,39.83000183105469,41.290000915527344,39.189998626708984,40.529998779296875,18.10255241394043,1709100,ETR
2002-08-01,40.540000915527344,41.540000915527344,39.689998626708984,40.0,17.865825653076172,1416400,ETR
2002-08-02,40.0,41.0,39.349998474121094,39.529998779296875,17.655900955200195,1174700,ETR
2002-08-05,39.599998474121094,40.63999938964844,39.29999923706055,40.27000045776367,17.98641014099121,1197200,ETR
2002-08-06,41.0,41.77000045776367,40.7599983215332,41.41999816894531,18.500062942504883,708200,ETR
2002-08-07,42.0,42.2400016784668,41.25,41.689998626708984,18.620649337768555,1030800,ETR
2002-08-08,41.5,42.22999954223633,40.849998474121094,42.22999954223633,18.861839294433594,945800,ETR
2002-08-09,41.900001525878906,42.09000015258789,41.0,41.04999923706055,18.479209899902344,1076700,ETR
2002-08-12,40.88999938964844,42.38999938964844,40.79999923706055,42.189998626708984,18.992385864257812,756900,ETR
2002-08-13,42.04999923706055,42.060001373291016,41.15999984741211,41.15999984741211,18.52872085571289,660700,ETR
2002-08-14,41.099998474121094,43.25,41.099998474121094,43.25,19.469560623168945,1019000,ETR
2002-08-15,43.20000076293945,43.29999923706055,42.25,42.709999084472656,19.226478576660156,673900,ETR
2002-08-16,42.459999084472656,42.47999954223633,41.70000076293945,41.970001220703125,18.89336395263672,615100,ETR
2002-08-19,41.900001525878906,42.84000015258789,41.75,42.70000076293945,19.22196388244629,539300,ETR
2002-08-20,42.59000015258789,43.369998931884766,42.400001525878906,42.84000015258789,19.28499412536621,1064500,ETR
2002-08-21,43.0,44.470001220703125,42.75,44.41999816894531,19.996252059936523,543500,ETR
2002-08-22,44.400001525878906,44.7400016784668,43.119998931884766,43.56999969482422,19.613616943359375,1269800,ETR
2002-08-23,43.349998474121094,43.900001525878906,43.150001525878906,43.540000915527344,19.60010528564453,660300,ETR
2002-08-26,43.540000915527344,44.65999984741211,43.5,44.470001220703125,20.018766403198242,675100,ETR
2002-08-27,44.650001525878906,44.95000076293945,43.04999923706055,43.22999954223633,19.460559844970703,961600,ETR
2002-08-28,43.20000076293945,43.29999923706055,42.70000076293945,42.97999954223633,19.348018646240234,567900,ETR
2002-08-29,42.75,42.95000076293945,41.900001525878906,42.0,18.906864166259766,576000,ETR
2002-08-30,41.849998474121094,42.7599983215332,41.47999954223633,42.189998626708984,18.992385864257812,622200,ETR
2002-09-03,41.939998626708984,42.119998931884766,41.0,41.58000183105469,18.717802047729492,885600,ETR
2002-09-04,41.619998931884766,41.900001525878906,40.63999938964844,41.47999954223633,18.672771453857422,777700,ETR
2002-09-05,41.400001525878906,41.91999816894531,40.70000076293945,40.9900016784668,18.452198028564453,784600,ETR
2002-09-06,40.95000076293945,41.25,40.599998474121094,40.779998779296875,18.35765838623047,826800,ETR
2002-09-09,40.54999923706055,41.13999938964844,39.7599983215332,40.95000076293945,18.43419075012207,776300,ETR
2002-09-10,41.0,41.0,39.70000076293945,40.0,18.00653648376465,1101500,ETR
2002-09-11,40.0,40.400001525878906,39.849998474121094,40.150001525878906,18.07405662536621,665000,ETR
2002-09-12,40.150001525878906,40.45000076293945,39.63999938964844,39.66999816894531,17.857975006103516,1790200,ETR
2002-09-13,39.5,40.95000076293945,39.45000076293945,40.900001525878906,18.41168975830078,1083500,ETR
2002-09-16,40.099998474121094,41.09000015258789,39.65999984741211,40.86000061035156,18.3936710357666,1068500,ETR
2002-09-17,41.099998474121094,41.25,39.09000015258789,39.2400016784668,17.66440773010254,1216200,ETR
2002-09-18,39.0,41.040000915527344,38.79999923706055,40.31999969482422,18.15058135986328,1073200,ETR
2002-09-19,40.25,40.79999923706055,39.70000076293945,40.15999984741211,18.07855224609375,811600,ETR
2002-09-20,40.15999984741211,40.15999984741211,38.47999954223633,39.869998931884766,17.94801139831543,1494200,ETR
2002-09-23,39.75,39.79999923706055,39.0,39.290000915527344,17.68691635131836,1298000,ETR
2002-09-24,39.29999923706055,39.31999969482422,38.0,38.0,17.106203079223633,2340500,ETR
2002-09-25,38.400001525878906,39.20000076293945,38.099998474121094,38.7599983215332,17.44832992553711,1584100,ETR
2002-09-26,39.099998474121094,40.79999923706055,39.040000915527344,40.650001525878906,18.29913902282715,1904200,ETR
2002-09-27,40.54999923706055,41.150001525878906,39.95000076293945,40.61000061035156,18.281139373779297,1436300,ETR
2002-09-30,40.29999923706055,42.0,39.849998474121094,41.599998474121094,18.726791381835938,1234600,ETR
2002-10-01,41.5,43.189998626708984,40.75,42.70000076293945,19.22196388244629,1394200,ETR
2002-10-02,42.70000076293945,43.7599983215332,42.349998474121094,42.61000061035156,19.18145751953125,1424900,ETR
2002-10-03,42.599998474121094,43.0,41.709999084472656,41.939998626708984,18.879846572875977,1272500,ETR
2002-10-04,40.900001525878906,40.90999984741211,39.099998474121094,39.849998474121094,17.939002990722656,1867300,ETR
2002-10-07,41.5,43.70000076293945,40.9900016784668,43.09000015258789,19.39753532409668,3699000,ETR
2002-10-08,43.5,43.5,39.9900016784668,41.099998474121094,18.501718521118164,2737900,ETR
2002-10-09,40.400001525878906,40.54999923706055,37.5,37.599998474121094,16.926137924194336,2451700,ETR
2002-10-10,37.9900016784668,41.279998779296875,36.79999923706055,40.689998626708984,18.3171443939209,2356700,ETR
2002-10-11,41.0,41.04999923706055,38.849998474121094,39.22999954223633,17.65989875793457,2169900,ETR
2002-10-14,39.22999954223633,40.349998474121094,37.54999923706055,39.93000030517578,17.975017547607422,1257100,ETR
2002-10-15,41.0,41.0,39.70000076293945,40.0,18.00653648376465,1516600,ETR
2002-10-16,40.0,40.04999923706055,37.79999923706055,38.0,17.106203079223633,2001500,ETR
2002-10-17,38.599998474121094,39.25,37.709999084472656,38.75,17.44382095336914,1777400,ETR
2002-10-18,38.20000076293945,39.349998474121094,37.79999923706055,38.70000076293945,17.421321868896484,1509600,ETR
2002-10-21,38.70000076293945,41.349998474121094,38.54999923706055,41.20000076293945,18.54672622680664,1206200,ETR
2002-10-22,41.599998474121094,42.29999923706055,40.20000076293945,40.36000061035156,18.168588638305664,1172000,ETR
2002-10-23,40.900001525878906,42.900001525878906,40.70000076293945,42.540000915527344,19.149946212768555,1316900,ETR
2002-10-24,42.540000915527344,43.790000915527344,41.7599983215332,43.45000076293945,19.559598922729492,1393100,ETR
2002-10-25,43.459999084472656,43.650001525878906,42.380001068115234,43.15999984741211,19.42903709411621,811700,ETR
2002-10-28,43.79999923706055,44.13999938964844,42.70000076293945,43.11000061035156,19.40654182434082,1049900,ETR
2002-10-29,43.119998931884766,43.79999923706055,42.70000076293945,43.650001525878906,19.649627685546875,954000,ETR
2002-10-30,44.150001525878906,44.650001525878906,43.400001525878906,44.47999954223633,20.023265838623047,705800,ETR
2002-10-31,44.38999938964844,44.5,43.150001525878906,44.09000015258789,19.847707748413086,1087500,ETR
2002-11-01,43.849998474121094,44.599998474121094,43.650001525878906,44.529998779296875,20.04576873779297,715700,ETR
2002-11-04,44.540000915527344,45.709999084472656,44.540000915527344,45.25,20.36988639831543,991500,ETR
2002-11-05,45.54999923706055,45.54999923706055,44.63999938964844,44.900001525878906,20.212339401245117,759900,ETR
2002-11-06,44.79999923706055,45.599998474121094,44.349998474121094,44.959999084472656,20.23934555053711,790200,ETR
2002-11-07,44.29999923706055,44.34000015258789,42.7400016784668,44.15999984741211,20.03517723083496,1607800,ETR
2002-11-08,44.16999816894531,44.16999816894531,42.5099983215332,42.7400016784668,19.39093017578125,866900,ETR
2002-11-11,42.75,43.599998474121094,42.2400016784668,43.4900016784668,19.7312068939209,1219300,ETR
2002-11-12,44.099998474121094,44.20000076293945,42.150001525878906,42.79999923706055,19.41814613342285,1194300,ETR
2002-11-13,42.810001373291016,43.400001525878906,42.560001373291016,42.900001525878906,19.463525772094727,858900,ETR
2002-11-14,43.20000076293945,43.45000076293945,42.86000061035156,43.290000915527344,19.64046859741211,1177000,ETR
2002-11-15,43.0,43.7599983215332,43.0,43.54999923706055,19.758424758911133,1538900,ETR
2002-11-18,43.5,44.25,43.349998474121094,44.150001525878906,20.030635833740234,810000,ETR
2002-11-19,44.15999984741211,44.29999923706055,43.5099983215332,43.869998931884766,19.903610229492188,626500,ETR
2002-11-20,43.900001525878906,44.5099983215332,42.400001525878906,42.88999938964844,19.458995819091797,1713200,ETR
2002-11-21,42.95000076293945,43.18000030517578,42.599998474121094,42.93000030517578,19.477142333984375,905900,ETR
2002-11-22,42.939998626708984,44.22999954223633,42.70000076293945,43.97999954223633,19.95351791381836,886900,ETR
2002-11-25,43.9900016784668,44.75,43.52000045776367,44.25,20.076017379760742,1340900,ETR
2002-11-26,44.2599983215332,44.2599983215332,43.220001220703125,43.220001220703125,19.608705520629883,872400,ETR
2002-11-27,43.29999923706055,43.93000030517578,43.04999923706055,43.70000076293945,19.826480865478516,872700,ETR
2002-11-29,43.810001373291016,43.9900016784668,43.40999984741211,43.72999954223633,19.840089797973633,341400,ETR
2002-12-02,44.099998474121094,44.349998474121094,43.880001068115234,44.15999984741211,20.03517723083496,1146300,ETR
2002-12-03,43.79999923706055,44.83000183105469,43.79999923706055,44.61000061035156,20.23933982849121,593400,ETR
2002-12-04,44.61000061035156,45.04999923706055,44.0,44.04999923706055,19.985271453857422,873500,ETR
2002-12-05,44.279998779296875,44.619998931884766,43.400001525878906,43.599998474121094,19.78110122680664,648700,ETR
2002-12-06,43.45000076293945,43.45000076293945,43.0,43.22999954223633,19.613245010375977,813800,ETR
2002-12-09,43.150001525878906,44.29999923706055,43.150001525878906,43.9900016784668,19.95805549621582,705800,ETR
2002-12-10,44.150001525878906,44.27000045776367,43.79999923706055,44.25,20.076017379760742,734000,ETR
2002-12-11,44.20000076293945,45.029998779296875,44.060001373291016,44.95000076293945,20.393604278564453,831600,ETR
2002-12-12,44.97999954223633,45.06999969482422,44.5099983215332,44.650001525878906,20.257490158081055,781100,ETR
2002-12-13,44.65999984741211,45.18000030517578,44.5099983215332,44.709999084472656,20.284711837768555,1013700,ETR
2002-12-16,44.720001220703125,45.52000045776367,44.720001220703125,45.52000045776367,20.652202606201172,1266000,ETR
2002-12-17,45.45000076293945,45.79999923706055,45.20000076293945,45.40999984741211,20.602306365966797,719300,ETR
2002-12-18,45.29999923706055,45.959999084472656,45.29999923706055,45.70000076293945,20.733861923217773,596800,ETR
2002-12-19,45.70000076293945,45.779998779296875,45.02000045776367,45.45000076293945,20.62044906616211,764200,ETR
2002-12-20,45.650001525878906,46.29999923706055,45.63999938964844,46.27000045776367,20.992475509643555,1544700,ETR
2002-12-23,46.27000045776367,46.41999816894531,45.650001525878906,45.79999923706055,20.779239654541016,649800,ETR
2002-12-24,46.0,46.0,45.75,45.849998474121094,20.80192756652832,231100,ETR
2002-12-26,45.86000061035156,46.18000030517578,45.79999923706055,45.91999816894531,20.83367919921875,770400,ETR
2002-12-27,46.0,46.290000915527344,45.29999923706055,45.54999923706055,20.665817260742188,419700,ETR
2002-12-30,45.650001525878906,46.2400016784668,45.599998474121094,46.13999938964844,20.933486938476562,1039200,ETR
2002-12-31,46.130001068115234,46.15999984741211,45.349998474121094,45.59000015258789,20.683958053588867,519400,ETR
2003-01-02,45.900001525878906,46.7400016784668,45.66999816894531,46.70000076293945,21.18756675720215,1205600,ETR
2003-01-03,46.70000076293945,47.08000183105469,46.439998626708984,46.72999954223633,21.201181411743164,1047400,ETR
2003-01-06,46.83000183105469,48.380001068115234,46.83000183105469,48.369998931884766,21.945232391357422,1901800,ETR
2003-01-07,48.380001068115234,48.380001068115234,46.599998474121094,47.45000076293945,21.527849197387695,1675100,ETR
2003-01-08,47.45000076293945,48.25,47.400001525878906,47.970001220703125,21.76375389099121,1353600,ETR
2003-01-09,48.099998474121094,48.099998474121094,47.29999923706055,47.869998931884766,21.718381881713867,935200,ETR
2003-01-10,47.75,47.75,47.29999923706055,47.61000061035156,21.600419998168945,566000,ETR
2003-01-13,47.619998931884766,48.099998474121094,46.70000076293945,47.959999084472656,21.759220123291016,1324700,ETR
2003-01-14,47.95000076293945,48.279998779296875,47.70000076293945,48.040000915527344,21.795516967773438,1520100,ETR
2003-01-15,48.04999923706055,48.150001525878906,47.779998779296875,47.900001525878906,21.732009887695312,936400,ETR
2003-01-16,48.099998474121094,48.349998474121094,48.0,48.16999816894531,21.85450553894043,1242300,ETR
2003-01-17,48.04999923706055,48.08000183105469,47.349998474121094,47.529998779296875,21.564130783081055,888100,ETR
2003-01-21,47.5,47.75,46.31999969482422,46.349998474121094,21.028764724731445,954900,ETR
2003-01-22,46.0,46.619998931884766,45.599998474121094,46.150001525878906,20.93802833557129,1431200,ETR
2003-01-23,46.29999923706055,46.68000030517578,46.060001373291016,46.06999969482422,20.901735305786133,1092100,ETR
2003-01-24,46.08000183105469,46.08000183105469,45.099998474121094,45.79999923706055,20.779239654541016,1203600,ETR
2003-01-27,44.95000076293945,45.0,43.849998474121094,44.04999923706055,19.985271453857422,1200900,ETR
2003-01-28,44.599998474121094,44.959999084472656,44.4900016784668,44.900001525878906,20.37091827392578,992000,ETR
2003-01-29,44.90999984741211,45.38999938964844,44.130001068115234,45.150001525878906,20.484329223632812,907600,ETR
2003-01-30,44.95000076293945,45.470001220703125,44.43000030517578,44.45000076293945,20.166748046875,1011500,ETR
2003-01-31,44.54999923706055,44.58000183105469,44.119998931884766,44.45000076293945,20.166748046875,913300,ETR
2003-02-03,45.0,46.04999923706055,44.88999938964844,45.849998474121094,20.80192756652832,1845900,ETR
2003-02-04,46.45000076293945,46.45000076293945,45.720001220703125,46.0,20.86998176574707,1732100,ETR
2003-02-05,46.0099983215332,46.0099983215332,45.45000076293945,45.5,20.643129348754883,1077500,ETR
2003-02-06,45.29999923706055,45.70000076293945,45.130001068115234,45.2400016784668,20.525184631347656,2601700,ETR
2003-02-07,44.900001525878906,45.279998779296875,44.349998474121094,44.58000183105469,20.383426666259766,794800,ETR
2003-02-10,44.72999954223633,44.79999923706055,44.290000915527344,44.56999969482422,20.378860473632812,682700,ETR
2003-02-11,44.79999923706055,44.79999923706055,43.54999923706055,43.689998626708984,19.976503372192383,902300,ETR
2003-02-12,43.79999923706055,44.099998474121094,42.72999954223633,42.849998474121094,19.592422485351562,1117900,ETR
2003-02-13,42.86000061035156,44.0099983215332,42.2599983215332,43.70000076293945,19.98105812072754,1235800,ETR
2003-02-14,44.349998474121094,44.95000076293945,44.0,44.88999938964844,20.52518081665039,923900,ETR
2003-02-18,44.5,45.5099983215332,44.33000183105469,45.150001525878906,20.64404296875,1419600,ETR
2003-02-19,45.099998474121094,45.599998474121094,45.0,45.349998474121094,20.735498428344727,1010500,ETR
2003-02-20,45.36000061035156,45.900001525878906,45.20000076293945,45.58000183105469,20.84066390991211,1052600,ETR
2003-02-21,45.59000015258789,46.220001220703125,45.5,45.849998474121094,20.964109420776367,1167900,ETR
2003-02-24,45.45000076293945,45.790000915527344,44.849998474121094,45.18000030517578,20.65777015686035,1476400,ETR
2003-02-25,45.20000076293945,45.709999084472656,44.81999969482422,45.34000015258789,20.730926513671875,885000,ETR
2003-02-26,45.349998474121094,45.650001525878906,45.06999969482422,45.22999954223633,20.680631637573242,932400,ETR
2003-02-27,45.45000076293945,45.619998931884766,44.90999984741211,45.18000030517578,20.65777015686035,1403900,ETR
2003-02-28,45.41999816894531,45.650001525878906,45.15999984741211,45.54999923706055,20.826940536499023,1169700,ETR
2003-03-03,45.599998474121094,46.2599983215332,45.599998474121094,46.2400016784668,21.142436981201172,1556000,ETR
2003-03-04,46.04999923706055,46.189998626708984,45.29999923706055,45.68000030517578,20.886381149291992,1104300,ETR
2003-03-05,45.68000030517578,46.0,45.25,45.900001525878906,20.986980438232422,842300,ETR
2003-03-06,45.84000015258789,46.209999084472656,45.29999923706055,45.9900016784668,21.028125762939453,1221100,ETR
2003-03-07,45.90999984741211,46.400001525878906,45.70000076293945,46.0,21.03270149230957,818100,ETR
2003-03-10,45.79999923706055,45.939998626708984,45.5099983215332,45.650001525878906,20.872676849365234,906200,ETR
2003-03-11,45.599998474121094,46.099998474121094,45.2599983215332,45.29999923706055,20.71263313293457,1010700,ETR
2003-03-12,45.349998474121094,45.7599983215332,44.9900016784668,45.68000030517578,20.886381149291992,1082300,ETR
2003-03-13,46.5,47.0,45.880001068115234,46.93000030517578,21.457921981811523,1781300,ETR
2003-03-14,47.0,47.61000061035156,46.97999954223633,47.5099983215332,21.72312355041504,1715800,ETR
2003-03-17,47.61000061035156,48.06999969482422,47.52000045776367,47.97999954223633,21.938016891479492,1655100,ETR
2003-03-18,48.0,48.400001525878906,47.810001373291016,48.060001373291016,21.974597930908203,1443200,ETR
2003-03-19,48.029998779296875,48.25,47.790000915527344,48.220001220703125,22.047758102416992,1394300,ETR
2003-03-20,48.22999954223633,48.75,48.08000183105469,48.65999984741211,22.24894905090332,1034200,ETR
2003-03-21,48.95000076293945,49.54999923706055,48.689998626708984,49.4900016784668,22.628437042236328,1532100,ETR
2003-03-24,49.5,49.5,48.45000076293945,48.56999969482422,22.207782745361328,880200,ETR
2003-03-25,48.599998474121094,49.43000030517578,48.599998474121094,49.31999969482422,22.55071258544922,1017400,ETR
2003-03-26,49.31999969482422,49.4900016784668,48.630001068115234,48.66999816894531,22.253511428833008,911700,ETR
2003-03-27,48.68000030517578,48.68000030517578,47.15999984741211,47.93000030517578,21.91515350341797,2128300,ETR
2003-03-28,47.54999923706055,47.689998626708984,47.09000015258789,47.529998779296875,21.732261657714844,1822200,ETR
2003-03-31,47.529998779296875,48.380001068115234,47.220001220703125,48.150001525878906,22.015750885009766,1020100,ETR
2003-04-01,48.09000015258789,48.25,47.88999938964844,48.15999984741211,22.020322799682617,1007200,ETR
2003-04-02,48.43000030517578,48.849998474121094,48.29999923706055,48.4900016784668,22.171205520629883,755000,ETR
2003-04-03,48.599998474121094,48.599998474121094,47.79999923706055,47.9900016784668,21.94259262084961,1039200,ETR
2003-04-04,48.04999923706055,48.939998626708984,47.97999954223633,48.72999954223633,22.28093910217285,862200,ETR
2003-04-07,49.0,49.560001373291016,48.400001525878906,48.43000030517578,22.14377212524414,747400,ETR
2003-04-08,48.439998626708984,48.439998626708984,46.9900016784668,47.2400016784668,21.599666595458984,2767600,ETR
2003-04-09,47.150001525878906,47.599998474121094,46.810001373291016,46.880001068115234,21.43506622314453,1736800,ETR
2003-04-10,47.04999923706055,47.130001068115234,46.599998474121094,46.7400016784668,21.371047973632812,1474100,ETR
2003-04-11,47.150001525878906,47.31999969482422,46.439998626708984,46.529998779296875,21.2750301361084,2491700,ETR
2003-04-14,46.25,46.599998474121094,46.25,46.54999923706055,21.284177780151367,1951700,ETR
2003-04-15,46.95000076293945,47.650001525878906,46.939998626708984,47.650001525878906,21.78713035583496,1774000,ETR
2003-04-16,47.97999954223633,48.20000076293945,47.599998474121094,47.75,21.832853317260742,1090000,ETR
2003-04-17,47.75,48.09000015258789,47.650001525878906,48.0099983215332,21.951730728149414,705700,ETR
2003-04-21,48.04999923706055,48.290000915527344,47.880001068115234,48.0,21.947166442871094,729300,ETR
2003-04-22,48.0,48.279998779296875,46.54999923706055,48.060001373291016,21.974597930908203,1780100,ETR
2003-04-23,47.900001525878906,48.08000183105469,47.66999816894531,48.060001373291016,21.974597930908203,856700,ETR
2003-04-24,47.959999084472656,48.68000030517578,47.900001525878906,48.400001525878906,22.13005828857422,975100,ETR
2003-04-25,48.400001525878906,48.560001373291016,47.95000076293945,48.08000183105469,21.983741760253906,1136600,ETR
2003-04-28,48.08000183105469,48.45000076293945,47.45000076293945,47.470001220703125,21.70482635498047,1888400,ETR
2003-04-29,48.04999923706055,48.060001373291016,47.209999084472656,47.220001220703125,21.59052848815918,1930500,ETR
2003-04-30,47.220001220703125,47.220001220703125,46.29999923706055,46.61000061035156,21.311607360839844,2551800,ETR
2003-05-01,46.61000061035156,46.70000076293945,45.900001525878906,46.349998474121094,21.192731857299805,1451200,ETR
2003-05-02,46.75,47.290000915527344,46.650001525878906,47.20000076293945,21.581375122070312,1528800,ETR
2003-05-05,47.099998474121094,47.86000061035156,47.099998474121094,47.61000061035156,21.768848419189453,1211200,ETR
2003-05-06,47.75,48.70000076293945,47.650001525878906,48.29999923706055,22.084331512451172,1491000,ETR
2003-05-07,48.29999923706055,48.619998931884766,48.25,48.5,22.1757869720459,1195600,ETR
2003-05-08,48.25,48.81999969482422,48.209999084472656,48.630001068115234,22.235231399536133,2161000,ETR
2003-05-09,49.02000045776367,49.43000030517578,48.25,48.52000045776367,22.345746994018555,628900,ETR
2003-05-12,48.54999923706055,48.84000015258789,48.22999954223633,48.650001525878906,22.405630111694336,936700,ETR
2003-05-13,48.54999923706055,48.810001373291016,48.31999969482422,48.52000045776367,22.345746994018555,843600,ETR
2003-05-14,48.79999923706055,48.849998474121094,48.029998779296875,48.06999969482422,22.138500213623047,1205500,ETR
2003-05-15,48.25,48.83000183105469,48.20000076293945,48.650001525878906,22.405630111694336,1420500,ETR
2003-05-16,49.0,49.459999084472656,48.470001220703125,49.380001068115234,22.7418212890625,1719800,ETR
2003-05-19,49.380001068115234,49.380001068115234,48.560001373291016,48.75,22.451675415039062,866300,ETR
2003-05-20,49.0,49.58000183105469,48.880001068115234,49.119998931884766,22.622074127197266,865000,ETR
2003-05-21,49.130001068115234,49.130001068115234,48.0,48.540000915527344,22.35495376586914,1811900,ETR
2003-05-22,48.54999923706055,49.38999938964844,48.54999923706055,49.20000076293945,22.65892219543457,1283300,ETR
2003-05-23,49.29999923706055,51.58000183105469,49.29999923706055,51.189998626708984,23.575414657592773,2133800,ETR
2003-05-27,51.189998626708984,51.650001525878906,50.5,51.4900016784668,23.713590621948242,1980900,ETR
2003-05-28,51.25,51.630001068115234,50.95000076293945,51.41999816894531,23.681337356567383,1488700,ETR
2003-05-29,51.349998474121094,51.9900016784668,50.349998474121094,50.58000183105469,23.294485092163086,1818200,ETR
2003-05-30,50.70000076293945,51.9900016784668,50.70000076293945,51.689998626708984,23.805679321289062,1193600,ETR
2003-06-02,52.0,53.02000045776367,51.79999923706055,52.72999954223633,24.284652709960938,1882300,ETR
2003-06-03,52.20000076293945,52.9900016784668,51.900001525878906,52.970001220703125,24.39518928527832,1050100,ETR
2003-06-04,52.650001525878906,53.5099983215332,52.599998474121094,53.31999969482422,24.556386947631836,805000,ETR
2003-06-05,53.310001373291016,53.369998931884766,52.380001068115234,52.380001068115234,24.12347984313965,1008200,ETR
2003-06-06,52.45000076293945,52.7599983215332,52.119998931884766,52.209999084472656,24.045167922973633,1023900,ETR
2003-06-09,52.209999084472656,52.63999938964844,51.650001525878906,51.849998474121094,23.879365921020508,937200,ETR
2003-06-10,51.95000076293945,52.29999923706055,51.650001525878906,51.84000015258789,23.87476921081543,488700,ETR
2003-06-11,52.0,52.61000061035156,51.77000045776367,52.45000076293945,24.155710220336914,998500,ETR
2003-06-12,52.54999923706055,53.099998474121094,52.15999984741211,53.099998474121094,24.45505714416504,1014000,ETR
2003-06-13,53.29999923706055,53.68000030517578,52.61000061035156,53.02000045776367,24.4182071685791,884500,ETR
2003-06-16,53.22999954223633,54.29999923706055,53.06999969482422,54.13999938964844,24.934030532836914,682900,ETR
2003-06-17,54.2400016784668,54.380001068115234,53.61000061035156,53.630001068115234,24.69915008544922,905000,ETR
2003-06-18,53.79999923706055,53.79999923706055,53.150001525878906,53.529998779296875,24.65308952331543,792500,ETR
2003-06-19,53.54999923706055,53.79999923706055,53.119998931884766,53.150001525878906,24.478078842163086,1178900,ETR
2003-06-20,53.130001068115234,53.52000045776367,52.869998931884766,53.099998474121094,24.45505714416504,1214000,ETR
2003-06-23,53.29999923706055,53.29999923706055,52.27000045776367,52.45000076293945,24.155710220336914,661500,ETR
2003-06-24,52.349998474121094,52.630001068115234,52.029998779296875,52.279998779296875,24.07740020751953,525200,ETR
2003-06-25,52.349998474121094,53.310001373291016,52.349998474121094,52.720001220703125,24.280046463012695,860800,ETR
2003-06-26,52.54999923706055,53.599998474121094,52.529998779296875,53.11000061035156,24.45966339111328,750000,ETR
2003-06-27,53.150001525878906,53.68000030517578,52.650001525878906,52.91999816894531,24.372163772583008,803900,ETR
2003-06-30,52.79999923706055,53.099998474121094,52.45000076293945,52.779998779296875,24.30768394470215,920200,ETR
2003-07-01,52.779998779296875,53.619998931884766,52.130001068115234,53.31999969482422,24.556386947631836,1069700,ETR
2003-07-02,53.20000076293945,53.77000045776367,53.150001525878906,53.66999816894531,24.717586517333984,598200,ETR
2003-07-03,53.66999816894531,53.900001525878906,53.25,53.4900016784668,24.634675979614258,497100,ETR
2003-07-07,53.70000076293945,54.0,53.189998626708984,53.209999084472656,24.505725860595703,696000,ETR
2003-07-08,53.150001525878906,53.20000076293945,52.34000015258789,52.40999984741211,24.137290954589844,960000,ETR
2003-07-09,52.40999984741211,52.650001525878906,52.099998474121094,52.29999923706055,24.086624145507812,1242800,ETR
2003-07-10,52.25,52.25,50.939998626708984,50.95000076293945,23.464876174926758,1293900,ETR
2003-07-11,51.0,51.27000045776367,50.43000030517578,50.47999954223633,23.248432159423828,1858600,ETR
2003-07-14,50.900001525878906,51.119998931884766,50.2599983215332,50.290000915527344,23.16092300415039,1248100,ETR
2003-07-15,50.290000915527344,50.290000915527344,49.349998474121094,49.38999938964844,22.746427536010742,1537200,ETR
2003-07-16,49.45000076293945,49.560001373291016,48.400001525878906,48.650001525878906,22.405630111694336,1656200,ETR
2003-07-17,48.20000076293945,48.529998779296875,47.75,48.470001220703125,22.32271957397461,1438600,ETR
2003-07-18,48.70000076293945,49.790000915527344,48.5099983215332,49.54999923706055,22.820104598999023,1288100,ETR
2003-07-21,49.52000045776367,49.849998474121094,48.81999969482422,49.06999969482422,22.59905433654785,708500,ETR
2003-07-22,48.9900016784668,50.150001525878906,48.849998474121094,50.09000015258789,23.06881332397461,1015400,ETR
2003-07-23,50.099998474121094,50.400001525878906,49.81999969482422,50.279998779296875,23.156307220458984,1021200,ETR
2003-07-24,50.279998779296875,51.20000076293945,50.279998779296875,50.720001220703125,23.358949661254883,1560200,ETR
2003-07-25,50.720001220703125,51.040000915527344,50.59000015258789,50.900001525878906,23.441852569580078,1110000,ETR
2003-07-28,50.90999984741211,51.25,50.45000076293945,50.59000015258789,23.29907989501953,1667600,ETR
2003-07-29,51.0,51.150001525878906,50.45000076293945,50.790000915527344,23.39120101928711,1430800,ETR
2003-07-30,50.900001525878906,51.209999084472656,50.869998931884766,51.02000045776367,23.497119903564453,1171200,ETR
2003-07-31,51.11000061035156,51.869998931884766,51.11000061035156,51.5099983215332,23.722793579101562,1036700,ETR
2003-08-01,51.4900016784668,51.650001525878906,51.20000076293945,51.29999923706055,23.62607765197754,625800,ETR
2003-08-04,51.25,51.54999923706055,50.5,51.11000061035156,23.5385799407959,950600,ETR
2003-08-05,50.97999954223633,51.22999954223633,50.650001525878906,50.83000183105469,23.409616470336914,1145700,ETR
2003-08-06,50.849998474121094,51.849998474121094,50.75,51.52000045776367,23.727394104003906,845800,ETR
2003-08-07,51.349998474121094,51.72999954223633,50.38999938964844,51.70000076293945,23.81029510498047,2457100,ETR
2003-08-08,51.27000045776367,51.540000915527344,51.060001373291016,51.470001220703125,23.912490844726562,975400,ETR
2003-08-11,51.5,51.619998931884766,51.29999923706055,51.47999954223633,23.917146682739258,508900,ETR
2003-08-12,51.400001525878906,51.90999984741211,51.209999084472656,51.900001525878906,24.112268447875977,558200,ETR
2003-08-13,52.0,52.27000045776367,51.70000076293945,51.900001525878906,24.112268447875977,648600,ETR
2003-08-14,52.099998474121094,52.20000076293945,51.869998931884766,51.95000076293945,24.13550567626953,897500,ETR
2003-08-15,52.099998474121094,52.150001525878906,51.560001373291016,51.79999923706055,24.065818786621094,308900,ETR
2003-08-18,52.0,52.0,51.2599983215332,51.56999969482422,23.958959579467773,681600,ETR
2003-08-19,51.56999969482422,51.93000030517578,51.5099983215332,51.720001220703125,24.028656005859375,832200,ETR
2003-08-20,51.68000030517578,52.02000045776367,51.599998474121094,52.0,24.158733367919922,591500,ETR
2003-08-21,52.099998474121094,52.54999923706055,52.04999923706055,52.099998474121094,24.205196380615234,1210100,ETR
2003-08-22,52.29999923706055,52.34000015258789,51.72999954223633,51.849998474121094,24.08903694152832,963600,ETR
2003-08-25,51.849998474121094,51.939998626708984,51.58000183105469,51.91999816894531,24.121566772460938,685200,ETR
2003-08-26,51.880001068115234,52.400001525878906,51.880001068115234,52.20000076293945,24.251659393310547,901100,ETR
2003-08-27,52.29999923706055,52.439998626708984,52.150001525878906,52.25,24.274877548217773,1022500,ETR
2003-08-28,52.34000015258789,52.5099983215332,52.27000045776367,52.400001525878906,24.344575881958008,650300,ETR
2003-08-29,52.16999816894531,52.599998474121094,52.06999969482422,52.45000076293945,24.367815017700195,669900,ETR
2003-09-02,52.599998474121094,54.15999984741211,52.599998474121094,54.150001525878906,25.157604217529297,1779500,ETR
2003-09-03,54.150001525878906,54.650001525878906,54.099998474121094,54.63999938964844,25.385250091552734,1539700,ETR
2003-09-04,54.4900016784668,54.540000915527344,54.04999923706055,54.27000045776367,25.213348388671875,1150200,ETR
2003-09-05,54.25,54.45000076293945,53.880001068115234,54.349998474121094,25.250518798828125,983800,ETR
2003-09-08,54.349998474121094,54.5,54.20000076293945,54.4900016784668,25.315570831298828,846000,ETR
2003-09-09,54.5,54.599998474121094,54.099998474121094,54.150001525878906,25.157604217529297,753600,ETR
2003-09-10,54.130001068115234,54.150001525878906,53.7599983215332,53.849998474121094,25.018234252929688,1344300,ETR
2003-09-11,54.0,54.0,53.13999938964844,53.13999938964844,24.688379287719727,1047300,ETR
2003-09-12,53.25,53.29999923706055,52.70000076293945,53.16999816894531,24.70231056213379,1743600,ETR
2003-09-15,53.209999084472656,53.29999923706055,52.900001525878906,53.099998474121094,24.669782638549805,970900,ETR
2003-09-16,53.0,54.31999969482422,52.86000061035156,54.209999084472656,25.185483932495117,1630600,ETR
2003-09-17,54.400001525878906,54.9900016784668,54.029998779296875,54.22999954223633,25.194772720336914,1218400,ETR
2003-09-18,54.22999954223633,54.88999938964844,54.22999954223633,54.63999938964844,25.385250091552734,953100,ETR
2003-09-19,54.75,54.88999938964844,54.52000045776367,54.68000030517578,25.403844833374023,654200,ETR
2003-09-22,54.689998626708984,54.689998626708984,53.959999084472656,54.22999954223633,25.194772720336914,528400,ETR
2003-09-23,54.27000045776367,54.560001373291016,54.16999816894531,54.349998474121094,25.250518798828125,730000,ETR
2003-09-24,54.31999969482422,54.40999984741211,53.849998474121094,54.08000183105469,25.125083923339844,951700,ETR
2003-09-25,54.099998474121094,54.150001525878906,53.43000030517578,53.5099983215332,24.860258102416992,879600,ETR
2003-09-26,53.5099983215332,54.209999084472656,53.349998474121094,53.95000076293945,25.06468391418457,997400,ETR
2003-09-29,54.0,54.47999954223633,53.54999923706055,54.47999954223633,25.3109188079834,675700,ETR
2003-09-30,54.29999923706055,54.5,53.650001525878906,54.150001525878906,25.157604217529297,922500,ETR
2003-10-01,54.099998474121094,54.70000076293945,54.0,54.619998931884766,25.375961303710938,932300,ETR
2003-10-02,54.779998779296875,54.97999954223633,54.400001525878906,54.97999954223633,25.543214797973633,618200,ETR
2003-10-03,55.0,55.29999923706055,54.630001068115234,54.79999923706055,25.45958709716797,1266300,ETR
2003-10-06,55.0,55.02000045776367,54.650001525878906,54.95000076293945,25.52927017211914,704900,ETR
2003-10-07,54.95000076293945,55.0099983215332,54.400001525878906,54.79999923706055,25.45958709716797,607200,ETR
2003-10-08,55.0,55.0,54.09000015258789,54.2400016784668,25.199419021606445,569800,ETR
2003-10-09,54.2400016784668,54.56999969482422,53.93000030517578,54.08000183105469,25.125083923339844,1095600,ETR
2003-10-10,54.04999923706055,54.150001525878906,53.650001525878906,53.720001220703125,24.95783233642578,695000,ETR
2003-10-13,53.79999923706055,54.22999954223633,53.439998626708984,53.5,24.85562515258789,509700,ETR
2003-10-14,53.5,54.08000183105469,53.400001525878906,54.04999923706055,25.111141204833984,719900,ETR
2003-10-15,54.099998474121094,54.099998474121094,53.459999084472656,53.63999938964844,24.920671463012695,1107300,ETR
2003-10-16,53.689998626708984,54.0,53.61000061035156,53.70000076293945,24.948543548583984,930500,ETR
2003-10-17,53.95000076293945,54.310001373291016,53.84000015258789,54.150001525878906,25.157604217529297,1330600,ETR
2003-10-20,53.900001525878906,54.439998626708984,53.900001525878906,54.38999938964844,25.269107818603516,536100,ETR
2003-10-21,54.38999938964844,54.79999923706055,54.13999938964844,54.68000030517578,25.403844833374023,822200,ETR
2003-10-22,54.400001525878906,54.70000076293945,54.2599983215332,54.5,25.320209503173828,846700,ETR
2003-10-23,55.0,55.0,54.27000045776367,54.56999969482422,25.35273551940918,606300,ETR
2003-10-24,54.349998474121094,55.099998474121094,54.25,54.900001525878906,25.506052017211914,622300,ETR
2003-10-27,55.0,55.29999923706055,54.689998626708984,54.93000030517578,25.519996643066406,681600,ETR
2003-10-28,54.970001220703125,55.0,54.13999938964844,54.5,25.320209503173828,977600,ETR
2003-10-29,54.45000076293945,54.54999923706055,54.0,54.09000015258789,25.129735946655273,923700,ETR
2003-10-30,54.20000076293945,54.36000061035156,53.959999084472656,54.31999969482422,25.23658561706543,596700,ETR
2003-10-31,54.41999816894531,54.529998779296875,53.77000045776367,53.900001525878906,25.041454315185547,601700,ETR
2003-11-03,54.04999923706055,55.0,54.04999923706055,54.880001068115234,25.496761322021484,552000,ETR
2003-11-04,54.880001068115234,54.95000076293945,54.45000076293945,54.91999816894531,25.51534080505371,999000,ETR
2003-11-05,54.91999816894531,55.130001068115234,54.349998474121094,54.68000030517578,25.403844833374023,555700,ETR
2003-11-06,54.54999923706055,54.54999923706055,53.939998626708984,54.31999969482422,25.23658561706543,441300,ETR
2003-11-07,53.869998931884766,54.0,53.22999954223633,53.56999969482422,25.096040725708008,1086000,ETR
2003-11-10,53.56999969482422,54.27000045776367,53.52000045776367,54.16999816894531,25.377126693725586,597700,ETR
2003-11-11,54.18000030517578,54.18000030517578,53.11000061035156,53.599998474121094,25.110097885131836,421800,ETR
2003-11-12,53.599998474121094,53.650001525878906,53.29999923706055,53.31999969482422,24.97892189025879,455300,ETR
2003-11-13,53.5,53.84000015258789,53.38999938964844,53.75,25.180376052856445,594900,ETR
2003-11-14,53.630001068115234,53.7400016784668,52.77000045776367,52.880001068115234,24.772790908813477,1293800,ETR
2003-11-17,52.880001068115234,52.900001525878906,52.20000076293945,52.310001373291016,24.50575828552246,1733700,ETR
2003-11-18,52.439998626708984,52.5,51.060001373291016,51.060001373291016,23.920185089111328,1380600,ETR
2003-11-19,51.20000076293945,52.81999969482422,51.20000076293945,52.560001373291016,24.622896194458008,1185200,ETR
2003-11-20,52.400001525878906,52.97999954223633,52.209999084472656,52.439998626708984,24.56667137145996,1145600,ETR
2003-11-21,52.70000076293945,52.75,51.88999938964844,52.2400016784668,24.472990036010742,1205900,ETR
2003-11-24,52.29999923706055,52.869998931884766,52.290000915527344,52.650001525878906,24.665040969848633,856700,ETR
2003-11-25,52.5,52.86000061035156,52.47999954223633,52.52000045776367,24.604145050048828,685900,ETR
2003-11-26,52.79999923706055,53.13999938964844,52.720001220703125,53.08000183105469,24.866497039794922,572000,ETR
2003-11-28,53.08000183105469,53.279998779296875,52.849998474121094,52.86000061035156,24.763431549072266,227900,ETR
2003-12-01,53.04999923706055,53.70000076293945,52.880001068115234,53.349998474121094,24.992969512939453,1002400,ETR
2003-12-02,53.849998474121094,55.0,53.849998474121094,54.20000076293945,25.391183853149414,1590800,ETR
2003-12-03,54.29999923706055,54.7400016784668,54.209999084472656,54.209999084472656,25.395864486694336,1381600,ETR
2003-12-04,54.20000076293945,54.650001525878906,54.15999984741211,54.540000915527344,25.550460815429688,831300,ETR
2003-12-05,54.599998474121094,55.2400016784668,54.59000015258789,54.72999954223633,25.639467239379883,846600,ETR
2003-12-08,54.650001525878906,55.0,54.58000183105469,54.75,25.64884376525879,863900,ETR
2003-12-09,54.84000015258789,55.0,54.08000183105469,54.13999938964844,25.363075256347656,653500,ETR
2003-12-10,54.0,54.349998474121094,53.79999923706055,53.79999923706055,25.203792572021484,768000,ETR
2003-12-11,53.900001525878906,54.349998474121094,53.880001068115234,54.099998474121094,25.344329833984375,481500,ETR
2003-12-12,54.349998474121094,54.83000183105469,54.2599983215332,54.79999923706055,25.672264099121094,991100,ETR
2003-12-15,55.0,55.349998474121094,54.72999954223633,54.91999816894531,25.728479385375977,997600,ETR
2003-12-16,54.70000076293945,55.209999084472656,54.650001525878906,55.150001525878906,25.836231231689453,1118300,ETR
2003-12-17,55.02000045776367,55.70000076293945,54.81999969482422,55.70000076293945,26.093881607055664,838700,ETR
2003-12-18,55.61000061035156,56.08000183105469,55.34000015258789,55.91999816894531,26.19695281982422,710600,ETR
2003-12-19,56.08000183105469,56.400001525878906,55.70000076293945,56.400001525878906,26.421812057495117,1208300,ETR
2003-12-22,56.150001525878906,56.93000030517578,56.04999923706055,56.93000030517578,26.67010498046875,822200,ETR
2003-12-23,56.84000015258789,56.869998931884766,56.349998474121094,56.61000061035156,26.52019500732422,709500,ETR
2003-12-24,56.5,56.54999923706055,56.15999984741211,56.470001220703125,26.45461082458496,247600,ETR
2003-12-26,56.36000061035156,56.540000915527344,56.220001220703125,56.349998474121094,26.398401260375977,170200,ETR
2003-12-29,56.349998474121094,57.099998474121094,56.220001220703125,57.060001373291016,26.73101806640625,665400,ETR
2003-12-30,56.95000076293945,57.20000076293945,56.900001525878906,57.13999938964844,26.768489837646484,389100,ETR
2003-12-31,57.0,57.2400016784668,56.91999816894531,57.130001068115234,26.763797760009766,551500,ETR
2004-01-02,56.95000076293945,57.599998474121094,56.95000076293945,57.25,26.820018768310547,724600,ETR
2004-01-05,57.02000045776367,57.25,56.0099983215332,56.63999938964844,26.53424072265625,1333400,ETR
2004-01-06,56.63999938964844,56.63999938964844,56.290000915527344,56.58000183105469,26.506139755249023,714400,ETR
2004-01-07,56.45000076293945,57.13999938964844,56.29999923706055,56.95000076293945,26.679468154907227,958800,ETR
2004-01-08,57.0,57.290000915527344,56.86000061035156,57.279998779296875,26.834081649780273,870100,ETR
2004-01-09,57.099998474121094,57.189998626708984,56.63999938964844,56.7599983215332,26.590469360351562,1002900,ETR
2004-01-12,56.7599983215332,56.900001525878906,56.099998474121094,56.220001220703125,26.337491989135742,1107200,ETR
2004-01-13,56.33000183105469,56.349998474121094,56.029998779296875,56.25,26.351552963256836,973500,ETR
2004-01-14,56.45000076293945,57.400001525878906,56.45000076293945,57.0,26.70289421081543,690900,ETR
2004-01-15,56.95000076293945,56.95000076293945,56.380001068115234,56.779998779296875,26.599842071533203,692700,ETR
2004-01-16,56.900001525878906,57.09000015258789,56.68000030517578,57.0,26.70289421081543,661300,ETR
2004-01-20,56.70000076293945,57.20000076293945,56.650001525878906,57.16999816894531,26.78253746032715,679200,ETR
2004-01-21,56.70000076293945,58.349998474121094,56.70000076293945,58.34000015258789,27.330646514892578,1284500,ETR
2004-01-22,58.29999923706055,58.439998626708984,57.709999084472656,57.970001220703125,27.15732192993164,804400,ETR
2004-01-23,57.75,58.4900016784668,57.45000076293945,58.36000061035156,27.34001922607422,575000,ETR
2004-01-26,58.5,58.5,57.25,57.86000061035156,27.105792999267578,1040300,ETR
2004-01-27,57.599998474121094,57.79999923706055,57.099998474121094,57.099998474121094,26.7497501373291,668200,ETR
2004-01-28,57.400001525878906,58.5,57.22999954223633,57.83000183105469,27.091739654541016,1401000,ETR
2004-01-29,57.54999923706055,58.38999938964844,57.529998779296875,58.349998474121094,27.335344314575195,834200,ETR
2004-01-30,57.900001525878906,58.52000045776367,57.70000076293945,58.47999954223633,27.39624786376953,886500,ETR
2004-02-02,58.400001525878906,59.349998474121094,58.02000045776367,58.70000076293945,27.49930191040039,1548900,ETR
2004-02-03,59.400001525878906,60.20000076293945,59.25,60.0,28.108318328857422,2120100,ETR
2004-02-04,59.400001525878906,59.849998474121094,59.099998474121094,59.54999923706055,27.897504806518555,1737300,ETR
2004-02-05,59.5,59.75,58.75,58.86000061035156,27.574247360229492,1456000,ETR
2004-02-06,58.900001525878906,59.63999938964844,58.83000183105469,59.54999923706055,27.897504806518555,1001000,ETR
2004-02-09,59.20000076293945,59.61000061035156,58.79999923706055,59.599998474121094,28.133522033691406,1562200,ETR
2004-02-10,59.529998779296875,59.56999969482422,59.09000015258789,59.400001525878906,28.039127349853516,1067200,ETR
2004-02-11,59.099998474121094,59.560001373291016,58.68000030517578,59.45000076293945,28.062726974487305,1049800,ETR
2004-02-12,59.25,59.349998474121094,58.63999938964844,58.72999954223633,27.722854614257812,703600,ETR
2004-02-13,58.619998931884766,58.849998474121094,57.93000030517578,57.9900016784668,27.373538970947266,1460600,ETR
2004-02-17,58.45000076293945,58.599998474121094,58.029998779296875,58.34000015258789,27.53875160217285,713900,ETR
2004-02-18,58.5,59.5099983215332,58.5,59.470001220703125,28.072162628173828,1127000,ETR
2004-02-19,59.470001220703125,59.5,58.599998474121094,58.720001220703125,27.718137741088867,937600,ETR
2004-02-20,58.720001220703125,58.790000915527344,57.81999969482422,57.900001525878906,27.3310604095459,1041700,ETR
2004-02-23,57.900001525878906,58.029998779296875,57.56999969482422,57.650001525878906,27.213056564331055,703800,ETR
2004-02-24,57.70000076293945,57.83000183105469,57.150001525878906,57.36000061035156,27.076162338256836,666300,ETR
2004-02-25,57.25,57.779998779296875,57.18000030517578,57.599998474121094,27.1894474029541,1032700,ETR
2004-02-26,57.650001525878906,58.400001525878906,57.650001525878906,58.38999938964844,27.56236457824707,1155600,ETR
2004-02-27,58.5,59.34000015258789,57.470001220703125,59.290000915527344,27.98719596862793,1013900,ETR
2004-03-01,59.119998931884766,59.59000015258789,58.849998474121094,59.400001525878906,28.039127349853516,1037600,ETR
2004-03-02,59.400001525878906,59.5,58.599998474121094,58.599998474121094,27.66148567199707,842700,ETR
2004-03-03,58.45000076293945,58.880001068115234,57.90999984741211,58.5099983215332,27.619007110595703,752300,ETR
2004-03-04,58.599998474121094,58.79999923706055,58.34000015258789,58.439998626708984,27.585962295532227,830500,ETR
2004-03-05,58.0,58.810001373291016,58.0,58.58000183105469,27.652048110961914,939700,ETR
2004-03-08,58.5,59.81999969482422,58.5,58.7599983215332,27.73701286315918,897200,ETR
2004-03-09,58.72999954223633,59.22999954223633,58.529998779296875,58.970001220703125,27.836153030395508,894100,ETR
2004-03-10,58.900001525878906,59.61000061035156,58.779998779296875,58.93000030517578,27.817264556884766,1285600,ETR
2004-03-11,58.5,58.849998474121094,57.720001220703125,57.72999954223633,27.250822067260742,1223800,ETR
2004-03-12,57.70000076293945,58.099998474121094,57.40999984741211,57.79999923706055,27.283855438232422,1105400,ETR
2004-03-15,57.619998931884766,58.25,57.27000045776367,57.70000076293945,27.236652374267578,824400,ETR
2004-03-16,57.79999923706055,58.20000076293945,57.7599983215332,58.029998779296875,27.39241600036621,943600,ETR
2004-03-17,58.099998474121094,59.08000183105469,58.099998474121094,58.75,27.73229217529297,726700,ETR
2004-03-18,58.88999938964844,58.959999084472656,58.189998626708984,58.5,27.614282608032227,588500,ETR
2004-03-19,58.349998474121094,58.880001068115234,58.099998474121094,58.11000061035156,27.430191040039062,663400,ETR
2004-03-22,57.689998626708984,58.0,57.25,57.43000030517578,27.10920524597168,674300,ETR
2004-03-23,57.5,58.0,57.4900016784668,57.939998626708984,27.349950790405273,862700,ETR
2004-03-24,57.70000076293945,58.0,57.52000045776367,57.529998779296875,27.156400680541992,877900,ETR
2004-03-25,57.70000076293945,58.0,57.58000183105469,57.75,27.260251998901367,590900,ETR
2004-03-26,57.75,58.400001525878906,57.75,58.29999923706055,27.519874572753906,797100,ETR
2004-03-29,58.349998474121094,58.88999938964844,58.02000045776367,58.849998474121094,27.779491424560547,714900,ETR
2004-03-30,58.79999923706055,59.369998931884766,58.720001220703125,59.369998931884766,28.02494239807129,704100,ETR
2004-03-31,59.27000045776367,59.70000076293945,59.11000061035156,59.5,28.08633041381836,842200,ETR
2004-04-01,59.599998474121094,59.900001525878906,59.45000076293945,59.66999816894531,28.166568756103516,685700,ETR
2004-04-02,59.91999816894531,59.91999816894531,59.099998474121094,59.369998931884766,28.02494239807129,938200,ETR
2004-04-05,59.470001220703125,59.650001525878906,59.2400016784668,59.56999969482422,28.119365692138672,610700,ETR
2004-04-06,59.52000045776367,59.72999954223633,59.349998474121094,59.54999923706055,28.10991668701172,811700,ETR
2004-04-07,59.43000030517578,59.43000030517578,58.7599983215332,58.869998931884766,27.7889404296875,903800,ETR
2004-04-08,58.91999816894531,58.97999954223633,58.150001525878906,58.279998779296875,27.51042366027832,866900,ETR
2004-04-12,58.04999923706055,58.349998474121094,56.869998931884766,56.97999954223633,26.896785736083984,1414900,ETR
2004-04-13,56.959999084472656,56.959999084472656,55.43000030517578,56.04999923706055,26.457782745361328,1327500,ETR
2004-04-14,55.75,56.20000076293945,55.209999084472656,56.119998931884766,26.4908447265625,1236300,ETR
2004-04-15,56.16999816894531,56.84000015258789,55.959999084472656,56.29999923706055,26.575796127319336,1173300,ETR
2004-04-16,56.58000183105469,56.59000015258789,55.939998626708984,56.22999954223633,26.54275894165039,1020500,ETR
2004-04-19,56.22999954223633,56.22999954223633,55.52000045776367,55.599998474121094,26.24537467956543,1125000,ETR
2004-04-20,55.65999984741211,56.16999816894531,55.349998474121094,55.54999923706055,26.221765518188477,1226900,ETR
2004-04-21,55.54999923706055,55.880001068115234,55.25,55.599998474121094,26.24537467956543,792800,ETR
2004-04-22,55.5,56.70000076293945,55.15999984741211,56.349998474121094,26.59939956665039,768400,ETR
2004-04-23,56.349998474121094,56.68000030517578,55.779998779296875,56.34000015258789,26.594675064086914,947000,ETR
2004-04-26,55.099998474121094,57.029998779296875,55.099998474121094,56.2400016784668,26.547481536865234,958700,ETR
2004-04-27,56.2400016784668,56.2400016784668,55.5,55.72999954223633,26.306730270385742,1244600,ETR
2004-04-28,55.529998779296875,55.97999954223633,55.38999938964844,55.47999954223633,26.188718795776367,1654200,ETR
2004-04-29,55.54999923706055,55.54999923706055,54.52000045776367,54.52000045776367,25.735565185546875,1788000,ETR
2004-04-30,54.70000076293945,54.849998474121094,54.29999923706055,54.599998474121094,25.773332595825195,1600900,ETR
2004-05-03,54.400001525878906,54.90999984741211,54.220001220703125,54.720001220703125,25.82998275756836,1402600,ETR
2004-05-04,54.619998931884766,54.9900016784668,54.36000061035156,54.380001068115234,25.66947364807129,1445100,ETR
2004-05-05,54.400001525878906,54.79999923706055,54.099998474121094,54.099998474121094,25.537307739257812,1354800,ETR
2004-05-06,53.70000076293945,53.97999954223633,53.41999816894531,53.7400016784668,25.367380142211914,1791700,ETR
2004-05-07,53.08000183105469,53.45000076293945,52.0099983215332,52.2400016784668,24.659320831298828,2310600,ETR
2004-05-10,51.47999954223633,52.130001068115234,51.099998474121094,51.900001525878906,24.711694717407227,3086600,ETR
2004-05-11,52.04999923706055,52.20000076293945,51.150001525878906,51.380001068115234,24.464101791381836,1171300,ETR
2004-05-12,51.45000076293945,51.619998931884766,50.650001525878906,51.09000015258789,24.32600975036621,1213800,ETR
2004-05-13,51.099998474121094,51.59000015258789,50.720001220703125,50.880001068115234,24.226028442382812,1292000,ETR
2004-05-14,50.95000076293945,51.970001220703125,50.90999984741211,51.66999816894531,24.602195739746094,1291400,ETR
2004-05-17,51.0,51.34000015258789,50.63999938964844,50.68000030517578,24.130800247192383,1233600,ETR
2004-05-18,51.18000030517578,51.54999923706055,51.060001373291016,51.41999816894531,24.483150482177734,1356400,ETR
2004-05-19,51.619998931884766,51.79999923706055,51.0,51.099998474121094,24.330766677856445,882600,ETR
2004-05-20,51.119998931884766,51.59000015258789,51.029998779296875,51.31999969482422,24.435529708862305,957600,ETR
2004-05-21,51.29999923706055,51.97999954223633,51.29999923706055,51.540000915527344,24.540271759033203,966000,ETR
2004-05-24,51.630001068115234,52.31999969482422,51.630001068115234,52.27000045776367,24.887863159179688,1024300,ETR
2004-05-25,52.27000045776367,53.209999084472656,52.02000045776367,53.09000015258789,25.278303146362305,988000,ETR
2004-05-26,53.02000045776367,53.880001068115234,52.959999084472656,53.54999923706055,25.49732208251953,1400400,ETR
2004-05-27,53.88999938964844,54.599998474121094,53.70000076293945,53.88999938964844,25.65920066833496,1269400,ETR
2004-05-28,54.130001068115234,54.709999084472656,54.04999923706055,54.61000061035156,26.002029418945312,1268600,ETR
2004-06-01,55.33000183105469,55.33000183105469,54.540000915527344,54.75,26.068696975708008,1518800,ETR
2004-06-02,55.040000915527344,55.310001373291016,54.529998779296875,54.689998626708984,26.040117263793945,1178500,ETR
2004-06-03,54.70000076293945,54.70000076293945,54.2599983215332,54.400001525878906,25.902048110961914,914600,ETR
2004-06-04,54.650001525878906,54.83000183105469,54.119998931884766,54.189998626708984,25.802047729492188,587000,ETR
2004-06-07,54.380001068115234,54.72999954223633,54.16999816894531,54.709999084472656,26.04964828491211,480100,ETR
2004-06-08,54.709999084472656,54.810001373291016,53.720001220703125,53.86000061035156,25.644920349121094,1110300,ETR
2004-06-09,53.900001525878906,53.900001525878906,53.16999816894531,53.20000076293945,25.330677032470703,1183700,ETR
2004-06-10,53.22999954223633,53.43000030517578,52.5099983215332,53.400001525878906,25.425891876220703,1065500,ETR
2004-06-14,53.400001525878906,53.5,52.97999954223633,53.099998474121094,25.283056259155273,1079900,ETR
2004-06-15,53.75,53.81999969482422,53.43000030517578,53.790000915527344,25.611595153808594,1034700,ETR
2004-06-16,53.790000915527344,54.38999938964844,53.790000915527344,54.33000183105469,25.86871910095215,987300,ETR
2004-06-17,54.33000183105469,54.83000183105469,54.29999923706055,54.63999938964844,26.01632308959961,792600,ETR
2004-06-18,54.439998626708984,55.25,54.16999816894531,54.97999954223633,26.17820930480957,1040800,ETR
2004-06-21,54.650001525878906,55.529998779296875,54.560001373291016,54.97999954223633,26.17820930480957,1043700,ETR
2004-06-22,54.97999954223633,55.13999938964844,54.7599983215332,55.08000183105469,26.225831985473633,819500,ETR
2004-06-23,55.099998474121094,56.20000076293945,55.099998474121094,56.150001525878906,26.735288619995117,1566800,ETR
2004-06-24,56.0,56.70000076293945,55.88999938964844,56.59000015258789,26.944801330566406,1231200,ETR
2004-06-25,56.630001068115234,56.68000030517578,56.29999923706055,56.47999954223633,26.892425537109375,965900,ETR
2004-06-28,56.689998626708984,57.15999984741211,56.5,56.59000015258789,26.944801330566406,793900,ETR
2004-06-29,56.599998474121094,56.599998474121094,55.540000915527344,55.86000061035156,26.597217559814453,905200,ETR
2004-06-30,55.83000183105469,56.220001220703125,55.31999969482422,56.0099983215332,26.668615341186523,1010700,ETR
2004-07-01,55.7599983215332,56.09000015258789,54.939998626708984,55.349998474121094,26.354379653930664,885500,ETR
2004-07-02,55.310001373291016,56.25,55.310001373291016,55.97999954223633,26.654346466064453,1065400,ETR
2004-07-06,55.83000183105469,56.459999084472656,55.599998474121094,56.20000076293945,26.75909996032715,1109700,ETR
2004-07-07,56.099998474121094,56.31999969482422,55.70000076293945,55.81999969482422,26.578163146972656,1072400,ETR
2004-07-08,55.77000045776367,56.20000076293945,55.5099983215332,55.970001220703125,26.649580001831055,1066500,ETR
2004-07-09,57.20000076293945,57.20000076293945,55.38999938964844,55.5,26.425798416137695,797500,ETR
2004-07-12,55.59000015258789,55.599998474121094,55.08000183105469,55.25,26.3067626953125,593900,ETR
2004-07-13,55.38999938964844,55.38999938964844,54.810001373291016,54.97999954223633,26.17820930480957,652100,ETR
2004-07-14,54.97999954223633,55.7599983215332,54.75,55.75,26.54482650756836,831400,ETR
2004-07-15,55.79999923706055,56.779998779296875,55.70000076293945,56.38999938964844,26.84956932067871,1195100,ETR
2004-07-16,56.84000015258789,57.22999954223633,56.65999984741211,56.95000076293945,27.11620330810547,1093400,ETR
2004-07-19,57.09000015258789,57.529998779296875,57.04999923706055,57.310001373291016,27.28761100769043,716000,ETR
2004-07-20,57.310001373291016,57.779998779296875,57.060001373291016,57.25,27.259037017822266,1030200,ETR
2004-07-21,57.29999923706055,57.29999923706055,56.130001068115234,56.18000030517578,26.749576568603516,941300,ETR
2004-07-22,56.18000030517578,56.18000030517578,55.619998931884766,55.68000030517578,26.511497497558594,863200,ETR
2004-07-23,55.86000061035156,55.869998931884766,55.06999969482422,55.130001068115234,26.2496280670166,1061800,ETR
2004-07-26,55.29999923706055,55.47999954223633,54.75,54.900001525878906,26.140125274658203,959900,ETR
2004-07-27,55.04999923706055,55.11000061035156,54.43000030517578,54.75,26.068696975708008,984800,ETR
2004-07-28,54.75,56.130001068115234,54.75,56.02000045776367,26.673391342163086,1302500,ETR
2004-07-29,56.900001525878906,57.459999084472656,56.619998931884766,57.0,27.140005111694336,1880100,ETR
2004-07-30,56.95000076293945,57.5,56.709999084472656,57.5,27.378076553344727,1103000,ETR
2004-08-02,57.619998931884766,59.189998626708984,57.619998931884766,58.54999923706055,27.87803077697754,2586800,ETR
2004-08-03,58.5,58.560001373291016,58.08000183105469,58.54999923706055,27.87803077697754,1524300,ETR
2004-08-04,58.0,58.84000015258789,57.79999923706055,58.790000915527344,27.992292404174805,926300,ETR
2004-08-05,58.779998779296875,58.97999954223633,58.0099983215332,58.09000015258789,27.658998489379883,741000,ETR
2004-08-06,58.099998474121094,59.08000183105469,58.099998474121094,58.880001068115234,28.035154342651367,1724300,ETR
2004-08-09,58.630001068115234,59.099998474121094,58.47999954223633,59.029998779296875,28.106569290161133,1386300,ETR
2004-08-10,58.900001525878906,59.0,58.45000076293945,58.75,28.18814468383789,1333900,ETR
2004-08-11,58.400001525878906,58.91999816894531,58.209999084472656,58.58000183105469,28.1065731048584,1550700,ETR
2004-08-12,58.380001068115234,58.939998626708984,58.11000061035156,58.939998626708984,28.2793025970459,1358400,ETR
2004-08-13,58.939998626708984,59.459999084472656,58.68000030517578,59.02000045776367,28.317691802978516,1170700,ETR
2004-08-16,58.900001525878906,59.45000076293945,58.900001525878906,59.34000015258789,28.47123146057129,927900,ETR
2004-08-17,58.869998931884766,59.290000915527344,58.869998931884766,59.189998626708984,28.399255752563477,1127800,ETR
2004-08-18,59.2400016784668,59.650001525878906,59.0,59.599998474121094,28.59596824645996,1032700,ETR
2004-08-19,59.599998474121094,59.63999938964844,59.11000061035156,59.34000015258789,28.47123146057129,1472200,ETR
2004-08-20,59.29999923706055,59.7400016784668,59.130001068115234,59.70000076293945,28.643943786621094,622800,ETR
2004-08-23,59.599998474121094,59.81999969482422,59.36000061035156,59.41999816894531,28.509607315063477,687300,ETR
2004-08-24,59.31999969482422,59.81999969482422,59.220001220703125,59.63999938964844,28.615156173706055,616100,ETR
2004-08-25,59.880001068115234,59.93000030517578,59.650001525878906,59.7599983215332,28.672725677490234,485300,ETR
2004-08-26,59.65999984741211,60.0,59.54999923706055,59.95000076293945,28.763898849487305,479400,ETR
2004-08-27,59.97999954223633,59.97999954223633,59.619998931884766,59.790000915527344,28.687135696411133,359100,ETR
2004-08-30,59.779998779296875,59.790000915527344,59.400001525878906,59.72999954223633,28.65833282470703,562000,ETR
2004-08-31,59.790000915527344,60.47999954223633,59.720001220703125,60.29999923706055,28.931827545166016,977200,ETR
2004-09-01,60.16999816894531,60.68000030517578,59.95000076293945,60.619998931884766,29.08536148071289,1016600,ETR
2004-09-02,61.619998931884766,61.619998931884766,60.619998931884766,60.72999954223633,29.138154983520508,1741300,ETR
2004-09-03,60.970001220703125,60.97999954223633,60.29999923706055,60.58000183105469,29.06616973876953,788400,ETR
2004-09-07,60.58000183105469,61.04999923706055,60.4900016784668,61.04999923706055,29.291690826416016,1228800,ETR
2004-09-08,60.849998474121094,61.04999923706055,60.529998779296875,60.959999084472656,29.248491287231445,1659400,ETR
2004-09-09,60.86000061035156,61.709999084472656,60.849998474121094,61.5,29.507591247558594,2014100,ETR
2004-09-10,61.5,61.97999954223633,61.220001220703125,61.720001220703125,29.61315155029297,1278000,ETR
2004-09-13,61.529998779296875,61.650001525878906,61.18000030517578,61.400001525878906,29.45961570739746,1117600,ETR
2004-09-14,61.650001525878906,61.650001525878906,60.970001220703125,61.08000183105469,29.30606460571289,774100,ETR
2004-09-15,61.08000183105469,61.08000183105469,60.45000076293945,60.900001525878906,29.219707489013672,1017800,ETR
2004-09-16,60.900001525878906,61.130001068115234,60.70000076293945,60.77000045776367,29.157333374023438,1212000,ETR
2004-09-17,60.77000045776367,60.900001525878906,60.5099983215332,60.66999816894531,29.10935401916504,1539500,ETR
2004-09-20,60.529998779296875,60.650001525878906,60.36000061035156,60.400001525878906,28.979801177978516,929700,ETR
2004-09-21,60.40999984741211,60.5,60.209999084472656,60.400001525878906,28.979801177978516,1149200,ETR
2004-09-22,60.150001525878906,60.34000015258789,59.900001525878906,60.25,28.907846450805664,1139400,ETR
2004-09-23,59.79999923706055,60.2400016784668,59.5099983215332,59.779998779296875,28.68233299255371,1542200,ETR
2004-09-24,59.880001068115234,60.060001373291016,59.650001525878906,59.880001068115234,28.730308532714844,844200,ETR
2004-09-27,59.88999938964844,60.279998779296875,59.56999969482422,59.95000076293945,28.763898849487305,1108200,ETR
2004-09-28,59.79999923706055,60.900001525878906,59.79999923706055,60.810001373291016,29.176530838012695,1116800,ETR
2004-09-29,60.81999969482422,60.81999969482422,60.04999923706055,60.540000915527344,29.046977996826172,969900,ETR
2004-09-30,60.5,60.900001525878906,60.220001220703125,60.61000061035156,29.080570220947266,1127000,ETR
2004-10-01,60.630001068115234,60.68000030517578,60.2599983215332,60.45000076293945,29.00380516052246,835600,ETR
2004-10-04,60.58000183105469,60.75,60.08000183105469,60.20000076293945,28.883846282958984,974900,ETR
2004-10-05,60.47999954223633,60.93000030517578,60.36000061035156,60.81999969482422,29.181324005126953,1303000,ETR
2004-10-06,60.7599983215332,62.130001068115234,60.65999984741211,61.97999954223633,29.737873077392578,1243000,ETR
2004-10-07,62.0,62.470001220703125,61.79999923706055,62.400001525878906,29.939409255981445,1452400,ETR
2004-10-08,62.5,63.189998626708984,62.369998931884766,62.91999816894531,30.18890380859375,1273600,ETR
2004-10-11,62.81999969482422,63.349998474121094,62.72999954223633,62.88999938964844,30.174503326416016,1330300,ETR
2004-10-12,62.880001068115234,62.970001220703125,62.25,62.560001373291016,30.01617431640625,1367800,ETR
2004-10-13,62.810001373291016,62.86000061035156,61.58000183105469,61.95000076293945,29.72349739074707,674900,ETR
2004-10-14,62.0,62.0,61.47999954223633,61.79999923706055,29.65152931213379,994000,ETR
2004-10-15,62.18000030517578,62.869998931884766,62.11000061035156,62.56999969482422,30.02096176147461,1021100,ETR
2004-10-18,62.43000030517578,62.58000183105469,62.04999923706055,62.40999984741211,29.944211959838867,890700,ETR
2004-10-19,62.27000045776367,63.0,62.18000030517578,62.689998626708984,30.078536987304688,1022900,ETR
2004-10-20,62.70000076293945,63.209999084472656,62.09000015258789,63.119998931884766,30.284860610961914,971800,ETR
2004-10-21,62.93000030517578,63.18000030517578,62.279998779296875,62.439998626708984,29.958587646484375,998400,ETR
2004-10-22,62.439998626708984,63.130001068115234,62.040000915527344,62.77000045776367,30.116933822631836,1065700,ETR
2004-10-25,62.150001525878906,64.7699966430664,62.150001525878906,64.44999694824219,30.922985076904297,1765800,ETR
2004-10-26,64.44999694824219,65.63999938964844,64.22000122070312,65.62000274658203,31.484359741210938,1713600,ETR
2004-10-27,65.16999816894531,66.04000091552734,64.83999633789062,64.94000244140625,31.15808868408203,1534600,ETR
2004-10-28,64.80000305175781,64.8499984741211,63.959999084472656,64.75,31.066932678222656,1362300,ETR
2004-10-29,64.83000183105469,65.36000061035156,64.5,65.36000061035156,31.359603881835938,964800,ETR
2004-11-01,64.9000015258789,65.36000061035156,64.9000015258789,65.19000244140625,31.278043746948242,1182300,ETR
2004-11-02,65.0999984741211,65.0999984741211,63.5,63.709999084472656,30.567935943603516,1813200,ETR
2004-11-03,64.05000305175781,64.83999633789062,63.869998931884766,64.7699966430664,31.0765380859375,1793400,ETR
2004-11-04,64.97000122070312,66.16999816894531,64.80000305175781,66.16999816894531,31.748231887817383,1489900,ETR
2004-11-05,65.5199966430664,65.80000305175781,64.55999755859375,65.5,31.426782608032227,1433200,ETR
2004-11-08,65.4000015258789,66.8499984741211,65.37999725341797,66.6500015258789,31.978540420532227,1470100,ETR
2004-11-09,66.80000305175781,67.12000274658203,66.66000366210938,66.75,32.02651596069336,999400,ETR
2004-11-10,67.0,67.0999984741211,66.58999633789062,67.0,32.14647674560547,918900,ETR
2004-11-11,67.05999755859375,67.98999786376953,66.86000061035156,67.83999633789062,32.54950714111328,1217800,ETR
2004-11-12,67.0999984741211,68.13999938964844,67.05000305175781,68.04000091552734,32.64547348022461,1205800,ETR
2004-11-15,67.69999694824219,67.7300033569336,66.7300033569336,66.91000366210938,32.36013412475586,787100,ETR
2004-11-16,66.80000305175781,67.66999816894531,66.69999694824219,66.86000061035156,32.3359375,647100,ETR
2004-11-17,67.19999694824219,67.66000366210938,65.66999816894531,65.83000183105469,31.837800979614258,1388700,ETR
2004-11-18,66.0199966430664,66.25,65.87999725341797,66.0,31.920019149780273,643300,ETR
2004-11-19,65.7699966430664,66.26000213623047,65.29000091552734,65.51000213623047,31.683008193969727,920300,ETR
2004-11-22,65.5999984741211,66.9000015258789,65.5999984741211,66.58999633789062,32.20534896850586,934100,ETR
2004-11-23,66.48999786376953,67.8499984741211,66.30000305175781,67.31999969482422,32.55841064453125,1204300,ETR
2004-11-24,67.9800033569336,67.98999786376953,66.81999969482422,66.8499984741211,32.33110427856445,1147400,ETR
2004-11-26,67.0,67.3499984741211,66.80000305175781,66.91999816894531,32.36495590209961,726400,ETR
2004-11-29,67.0,67.08000183105469,65.4800033569336,65.87000274658203,31.857139587402344,879900,ETR
2004-11-30,65.75,65.97000122070312,64.7699966430664,64.81999969482422,31.349319458007812,1021100,ETR
2004-12-01,64.9000015258789,64.97000122070312,64.22000122070312,64.72000122070312,31.30095672607422,1162500,ETR
2004-12-02,64.8499984741211,64.9000015258789,63.7400016784668,64.05000305175781,30.976930618286133,1183000,ETR
2004-12-03,64.2699966430664,65.06999969482422,64.25,64.94999694824219,31.41217803955078,987700,ETR
2004-12-06,64.94999694824219,65.25,64.73999786376953,65.19999694824219,31.53309440612793,1046100,ETR
2004-12-07,65.25,65.70999908447266,65.19999694824219,65.27999877929688,31.57178497314453,1100500,ETR
2004-12-08,65.29000091552734,65.62999725341797,65.08999633789062,65.13999938964844,31.504085540771484,1118600,ETR
2004-12-09,65.13999938964844,65.55999755859375,64.83999633789062,65.47000122070312,31.663686752319336,924800,ETR
2004-12-10,65.22000122070312,65.41000366210938,64.66999816894531,65.0999984741211,31.4847354888916,1107700,ETR
2004-12-13,65.25,66.6500015258789,65.19999694824219,66.45999908447266,32.142494201660156,1125300,ETR
2004-12-14,66.45999908447266,67.2699966430664,66.33999633789062,66.8499984741211,32.33110427856445,1159500,ETR
2004-12-15,66.6500015258789,67.16999816894531,66.58000183105469,67.0,32.403648376464844,1120000,ETR
2004-12-16,66.9000015258789,66.9000015258789,66.02999877929688,66.33000183105469,32.079612731933594,1239500,ETR
2004-12-17,65.5,67.13999938964844,65.5,66.69999694824219,32.25855255126953,1899300,ETR
2004-12-20,66.22000122070312,67.0,66.0,66.5199966430664,32.171485900878906,1337900,ETR
2004-12-21,66.52999877929688,67.62000274658203,66.51000213623047,67.62000274658203,32.7035026550293,1115000,ETR
2004-12-22,67.4000015258789,68.1500015258789,67.4000015258789,67.80999755859375,32.79539108276367,889700,ETR
2004-12-23,67.80999755859375,67.91000366210938,67.3499984741211,67.3499984741211,32.57292556762695,400300,ETR
2004-12-27,67.25,68.13999938964844,67.05999755859375,67.05999755859375,32.43266677856445,1040300,ETR
2004-12-28,67.54000091552734,67.80000305175781,67.22000122070312,67.5999984741211,32.69384765625,794800,ETR
2004-12-29,67.55000305175781,68.12000274658203,67.18000030517578,67.86000061035156,32.81957244873047,600200,ETR
2004-12-30,67.9000015258789,68.66999816894531,67.87999725341797,68.16000366210938,32.96467590332031,567900,ETR
2004-12-31,68.0999984741211,68.0999984741211,67.5,67.58999633789062,32.689002990722656,398300,ETR
2005-01-03,67.5999984741211,67.80000305175781,66.44999694824219,66.44999694824219,32.13766098022461,1048700,ETR
2005-01-04,66.45999908447266,67.0199966430664,65.9000015258789,65.94000244140625,31.890989303588867,1185500,ETR
2005-01-05,65.5,65.81999969482422,64.87000274658203,64.87999725341797,31.378339767456055,1478700,ETR
2005-01-06,64.8499984741211,65.11000061035156,64.4800033569336,64.94000244140625,31.40735626220703,1260600,ETR
2005-01-07,65.0,65.5199966430664,64.76000213623047,64.91000366210938,31.392847061157227,1281800,ETR
2005-01-10,64.80000305175781,65.45999908447266,64.5999984741211,65.33000183105469,31.595979690551758,1311100,ETR
2005-01-11,65.33000183105469,65.41999816894531,64.75,65.18000030517578,31.52342414855957,1293800,ETR
2005-01-12,65.05000305175781,65.7699966430664,64.76000213623047,65.58000183105469,31.71689224243164,1315000,ETR
2005-01-13,65.52999877929688,66.48999786376953,65.52999877929688,65.87999725341797,31.861974716186523,541800,ETR
2005-01-14,65.9800033569336,66.69999694824219,65.58999633789062,66.5,32.161834716796875,859900,ETR
2005-01-18,66.0,67.18000030517578,65.81999969482422,66.98999786376953,32.39881896972656,742200,ETR
2005-01-19,67.4000015258789,67.7300033569336,66.56999969482422,66.69000244140625,32.25373077392578,534100,ETR
2005-01-20,66.69000244140625,66.8499984741211,65.93000030517578,66.55000305175781,32.186012268066406,952400,ETR
2005-01-21,66.55000305175781,67.0199966430664,66.36000061035156,66.69999694824219,32.25855255126953,1092800,ETR
2005-01-24,66.80000305175781,68.37000274658203,66.69999694824219,68.01000213623047,32.89214324951172,1515800,ETR
2005-01-25,68.01000213623047,68.44999694824219,67.91000366210938,68.0199966430664,32.89694595336914,1073300,ETR
2005-01-26,68.05000305175781,69.41000366210938,67.94999694824219,69.01000213623047,33.375755310058594,1318500,ETR
2005-01-27,68.76000213623047,69.58000183105469,68.72000122070312,69.47000122070312,33.598236083984375,747800,ETR
2005-01-28,69.3499984741211,69.80000305175781,69.12000274658203,69.54000091552734,33.632083892822266,1071200,ETR
2005-01-31,69.05000305175781,70.36000061035156,69.01000213623047,69.5199966430664,33.622406005859375,1342800,ETR
2005-02-01,69.63999938964844,69.66999816894531,69.01000213623047,69.4000015258789,33.56438446044922,1224000,ETR
2005-02-02,69.4000015258789,71.12000274658203,69.2699966430664,70.66000366210938,34.173770904541016,1101600,ETR
2005-02-03,69.94999694824219,70.70999908447266,69.80999755859375,70.70999908447266,34.19792938232422,812100,ETR
2005-02-04,70.9800033569336,71.58000183105469,70.81999969482422,71.58000183105469,34.618709564208984,783900,ETR
2005-02-07,71.0199966430664,71.44999694824219,70.77999877929688,70.9000015258789,34.28984069824219,881900,ETR
2005-02-08,70.9000015258789,71.38999938964844,70.75,71.13999938964844,34.40590286254883,932700,ETR
2005-02-09,70.93000030517578,71.05999755859375,70.12000274658203,70.33000183105469,34.274322509765625,760100,ETR
2005-02-10,70.30999755859375,70.5999984741211,70.06999969482422,70.3499984741211,34.2840690612793,956100,ETR
2005-02-11,69.41000366210938,70.43000030517578,69.41000366210938,70.20999908447266,34.215843200683594,1046100,ETR
2005-02-14,69.94000244140625,70.87999725341797,69.75,70.8499984741211,34.52775192260742,964100,ETR
2005-02-15,70.86000061035156,71.0999984741211,70.30000305175781,70.61000061035156,34.41078186035156,760100,ETR
2005-02-16,70.33000183105469,70.91000366210938,69.79000091552734,70.79000091552734,34.49849319458008,621900,ETR
2005-02-17,70.63999938964844,70.94000244140625,70.44999694824219,70.6500015258789,34.43027114868164,899300,ETR
2005-02-18,69.94999694824219,70.1500015258789,68.8499984741211,68.8499984741211,33.55306625366211,988300,ETR
2005-02-22,68.2699966430664,68.44000244140625,66.75,66.77999877929688,32.54427719116211,1584000,ETR
2005-02-23,67.16000366210938,67.87000274658203,67.04000091552734,67.8499984741211,33.06573486328125,919200,ETR
2005-02-24,67.94999694824219,68.73999786376953,67.5999984741211,68.69000244140625,33.47509002685547,1045600,ETR
2005-02-25,68.7300033569336,70.41999816894531,68.37999725341797,70.2699966430664,34.24509048461914,899100,ETR
2005-02-28,69.2699966430664,70.12000274658203,69.08999633789062,69.12000274658203,33.68465042114258,1124800,ETR
2005-03-01,69.16999816894531,70.41000366210938,69.16999816894531,69.69000244140625,33.96241760253906,1010800,ETR
2005-03-02,69.5,70.23999786376953,69.16999816894531,69.66999816894531,33.95268249511719,731400,ETR
2005-03-03,69.69999694824219,70.27999877929688,69.5199966430664,69.87000274658203,34.05016326904297,557300,ETR
2005-03-04,70.0999984741211,71.26000213623047,70.0999984741211,71.19999694824219,34.69829559326172,841500,ETR
2005-03-07,71.19999694824219,71.94000244140625,71.16000366210938,71.77999877929688,34.98097229003906,662500,ETR
2005-03-08,71.37999725341797,71.62000274658203,67.5,71.16999816894531,34.683677673339844,891300,ETR
2005-03-09,70.4000015258789,70.69000244140625,69.88999938964844,70.0,34.113494873046875,945200,ETR
2005-03-10,70.01000213623047,70.7300033569336,69.3499984741211,70.38999938964844,34.303565979003906,761200,ETR
2005-03-11,70.25,70.77999877929688,69.95999908447266,70.0,34.113494873046875,681200,ETR
2005-03-14,70.4000015258789,71.9000015258789,70.0,71.9000015258789,35.0394287109375,1005700,ETR
2005-03-15,71.94999694824219,72.0,71.19999694824219,71.51000213623047,34.84938430786133,1147300,ETR
2005-03-16,71.51000213623047,71.91000366210938,70.41999816894531,70.8499984741211,34.52775192260742,854100,ETR
2005-03-17,71.0,71.12999725341797,70.05999755859375,70.30000305175781,34.259708404541016,1017000,ETR
2005-03-18,70.30000305175781,70.75,69.83999633789062,70.22000122070312,34.220726013183594,1108900,ETR
2005-03-21,69.69999694824219,70.5999984741211,69.69999694824219,70.37000274658203,34.29381561279297,651100,ETR
2005-03-22,70.56999969482422,70.94999694824219,69.16999816894531,69.2699966430664,33.75775146484375,893500,ETR
2005-03-23,68.80000305175781,69.16999816894531,67.80000305175781,68.8499984741211,33.55306625366211,1186400,ETR
2005-03-24,69.0999984741211,69.62999725341797,69.0999984741211,69.37999725341797,33.81134796142578,613300,ETR
2005-03-28,69.41999816894531,70.29000091552734,69.26000213623047,69.97000122070312,34.09888458251953,576000,ETR
2005-03-29,69.97000122070312,70.2300033569336,69.05000305175781,69.16000366210938,33.704132080078125,769100,ETR
2005-03-30,69.38999938964844,70.31999969482422,69.16000366210938,69.9800033569336,34.10375213623047,1006400,ETR
2005-03-31,70.30000305175781,70.9800033569336,70.30000305175781,70.66000366210938,34.43514633178711,1225000,ETR
2005-04-01,71.3499984741211,71.87000274658203,70.76000213623047,71.23999786376953,34.717796325683594,1245300,ETR
2005-04-04,71.23999786376953,71.48999786376953,70.45999908447266,70.79000091552734,34.49849319458008,1090100,ETR
2005-04-05,71.1500015258789,72.44999694824219,71.05000305175781,72.19999694824219,35.185638427734375,1388800,ETR
2005-04-06,72.44999694824219,72.69000244140625,72.08000183105469,72.19000244140625,35.180789947509766,751600,ETR
2005-04-07,72.25,72.83999633789062,72.22000122070312,72.4800033569336,35.32209777832031,624500,ETR
2005-04-08,72.5199966430664,72.69999694824219,71.80000305175781,72.44999694824219,35.30747604370117,812300,ETR
2005-04-11,72.69999694824219,73.27999877929688,72.66999816894531,72.93000030517578,35.5413932800293,974300,ETR
2005-04-12,72.8499984741211,73.37000274658203,72.06999969482422,73.2300033569336,35.68759536743164,1164800,ETR
2005-04-13,73.0999984741211,74.5199966430664,72.44999694824219,72.5,35.33184051513672,856300,ETR
2005-04-14,71.8499984741211,72.22000122070312,71.52999877929688,71.55999755859375,34.87374496459961,1469400,ETR
2005-04-15,71.55999755859375,71.6500015258789,70.0999984741211,70.0999984741211,34.16222381591797,1098300,ETR
2005-04-18,70.0,71.73999786376953,69.61000061035156,71.33999633789062,34.766536712646484,1214100,ETR
2005-04-19,71.44999694824219,71.97000122070312,71.33999633789062,71.75,34.966339111328125,1210900,ETR
2005-04-20,71.05000305175781,71.81999969482422,70.80999755859375,71.5,34.84450149536133,941100,ETR
2005-04-21,71.79000091552734,72.12999725341797,71.55000305175781,72.02999877929688,35.10279846191406,689200,ETR
2005-04-22,72.18000030517578,72.5,71.76000213623047,72.3499984741211,35.25874710083008,853600,ETR
2005-04-25,72.33999633789062,76.5999984741211,71.77999877929688,71.77999877929688,34.98097229003906,982600,ETR
2005-04-26,70.68000030517578,71.1500015258789,70.41999816894531,70.4800033569336,34.34743881225586,1399200,ETR
2005-04-27,70.6500015258789,71.80999755859375,70.04000091552734,71.63999938964844,34.91273498535156,1013000,ETR
2005-04-28,71.93000030517578,72.69000244140625,71.41999816894531,71.86000061035156,35.01994323730469,1728000,ETR
2005-04-29,71.95999908447266,73.48999786376953,71.5199966430664,73.30000305175781,35.721717834472656,1172700,ETR
2005-05-02,73.25,73.63999938964844,72.94000244140625,73.08999633789062,35.619361877441406,932900,ETR
2005-05-03,72.75,73.08999633789062,71.51000213623047,72.0999984741211,35.136905670166016,1475800,ETR
2005-05-04,72.12999725341797,73.0999984741211,71.5999984741211,73.0,35.57551574707031,1197900,ETR
2005-05-05,73.0,73.31999969482422,72.55000305175781,72.8499984741211,35.50240707397461,959600,ETR
2005-05-06,72.69999694824219,72.9000015258789,72.43000030517578,72.5999984741211,35.380577087402344,752400,ETR
2005-05-09,72.52999877929688,72.91999816894531,71.9000015258789,72.8499984741211,35.50240707397461,1275500,ETR
2005-05-10,72.05999755859375,72.80999755859375,72.02999877929688,72.25,35.47295379638672,1514300,ETR
2005-05-11,72.5,72.62999725341797,71.73999786376953,72.58999633789062,35.63988494873047,964700,ETR
2005-05-12,72.63999938964844,72.63999938964844,71.75,71.7699966430664,35.237274169921875,648800,ETR
2005-05-13,71.9000015258789,71.94999694824219,69.3499984741211,70.43000030517578,34.579368591308594,1471600,ETR
2005-05-16,70.18000030517578,70.55999755859375,69.5999984741211,70.55999755859375,34.64320373535156,1205600,ETR
2005-05-17,70.37999725341797,71.68000030517578,70.31999969482422,71.5,35.10472106933594,782800,ETR
2005-05-18,72.1500015258789,72.38999938964844,71.37000274658203,71.44000244140625,35.07526397705078,856000,ETR
2005-05-19,71.5,71.75,71.08000183105469,71.38999938964844,35.05071258544922,942700,ETR
2005-05-20,71.0,71.06999969482422,70.48999786376953,71.01000213623047,34.86414337158203,1510600,ETR
2005-05-23,71.13999938964844,71.75,70.56999969482422,71.6500015258789,35.17835998535156,940300,ETR
2005-05-24,71.76000213623047,71.79000091552734,71.0999984741211,71.31999969482422,35.01634216308594,909500,ETR
2005-05-25,71.33999633789062,71.44999694824219,70.69999694824219,71.06999969482422,34.89360809326172,514500,ETR
2005-05-26,71.30000305175781,71.9000015258789,70.83000183105469,71.62999725341797,35.168548583984375,752800,ETR
2005-05-27,71.68000030517578,72.20999908447266,71.66000366210938,72.06999969482422,35.38458251953125,739000,ETR
2005-05-31,72.2699966430664,72.55999755859375,71.81999969482422,71.83000183105469,35.266746520996094,1004200,ETR
2005-06-01,71.94999694824219,73.37999725341797,71.86000061035156,72.83999633789062,35.76261520385742,1197500,ETR
2005-06-02,72.80000305175781,72.91999816894531,72.45999908447266,72.5,35.59569549560547,832800,ETR
2005-06-03,72.69999694824219,72.91999816894531,72.41000366210938,72.69999694824219,35.693885803222656,1002400,ETR
2005-06-06,72.9000015258789,73.72000122070312,72.69999694824219,73.69000244140625,36.179954528808594,854100,ETR
2005-06-07,73.94000244140625,74.97000122070312,73.69000244140625,73.93000030517578,36.29779815673828,831700,ETR
2005-06-08,74.0999984741211,74.18000030517578,73.44000244140625,73.5,36.086669921875,569500,ETR
2005-06-09,73.5,73.5999984741211,73.0,73.5,36.086669921875,589600,ETR
2005-06-10,73.4800033569336,73.76000213623047,73.08000183105469,73.5999984741211,36.13577651977539,600600,ETR
2005-06-13,73.58999633789062,74.05999755859375,73.37000274658203,73.83000183105469,36.24870300292969,518000,ETR
2005-06-14,73.58000183105469,74.43000030517578,73.52999877929688,74.16000366210938,36.41072082519531,465000,ETR
2005-06-15,74.44999694824219,74.44999694824219,73.02999877929688,73.44000244140625,36.057220458984375,784200,ETR
2005-06-16,73.44000244140625,73.54000091552734,72.69999694824219,72.98999786376953,35.83626937866211,857000,ETR
2005-06-17,73.3499984741211,73.97000122070312,73.22000122070312,73.62999725341797,36.15048599243164,805500,ETR
2005-06-20,73.5199966430664,74.43000030517578,73.4800033569336,74.16000366210938,36.41072082519531,639800,ETR
2005-06-21,74.4800033569336,75.05999755859375,74.41000366210938,74.79000091552734,36.72003173828125,1139000,ETR
2005-06-22,75.11000061035156,75.41999816894531,74.70999908447266,75.3499984741211,36.994964599609375,663700,ETR
2005-06-23,75.30000305175781,76.08999633789062,75.19999694824219,75.87000274658203,37.250274658203125,1148900,ETR
2005-06-24,75.69000244140625,76.05000305175781,74.75,74.91000366210938,36.7789421081543,857500,ETR
2005-06-27,74.86000061035156,75.45999908447266,74.69999694824219,75.01000213623047,36.82804870605469,707000,ETR
2005-06-28,75.25,75.66000366210938,75.0999984741211,75.5,37.06861114501953,938600,ETR
2005-06-29,75.75,76.05999755859375,75.25,75.51000213623047,37.073509216308594,1368300,ETR
2005-06-30,75.55000305175781,75.94999694824219,75.26000213623047,75.55000305175781,37.0931510925293,2466900,ETR
2005-07-01,75.75,75.79000091552734,75.25,75.7699966430664,37.201171875,1415800,ETR
2005-07-05,75.30000305175781,76.61000061035156,75.23999786376953,76.51000213623047,37.564510345458984,725300,ETR
2005-07-06,76.47000122070312,76.80999755859375,75.44000244140625,75.45999908447266,37.04899215698242,986400,ETR
2005-07-07,75.20999908447266,76.05999755859375,75.0999984741211,76.04000091552734,37.333740234375,1150500,ETR
2005-07-08,75.94999694824219,76.58999633789062,75.69000244140625,76.58000183105469,37.598873138427734,1145200,ETR
2005-07-11,76.5,77.2300033569336,76.5,77.08999633789062,37.84925079345703,824800,ETR
2005-07-12,77.29000091552734,77.33000183105469,76.55999755859375,76.94000244140625,37.7756233215332,790500,ETR
2005-07-13,77.0999984741211,77.44000244140625,76.7300033569336,77.11000061035156,37.85910415649414,919100,ETR
2005-07-14,77.11000061035156,77.48999786376953,75.56999969482422,75.83000183105469,37.23065948486328,953400,ETR
2005-07-15,75.81999969482422,76.1500015258789,75.58000183105469,75.80000305175781,37.215919494628906,699600,ETR
2005-07-18,75.8499984741211,76.18000030517578,75.6500015258789,75.81999969482422,37.225730895996094,783800,ETR
2005-07-19,76.06999969482422,76.45999908447266,75.76000213623047,76.0999984741211,37.36320877075195,802200,ETR
2005-07-20,75.9000015258789,76.0,75.4800033569336,75.80000305175781,37.215919494628906,1281100,ETR
2005-07-21,75.69000244140625,75.80000305175781,74.6500015258789,75.5199966430664,37.07843780517578,1493000,ETR
2005-07-22,75.81999969482422,77.01000213623047,75.80000305175781,76.93000030517578,37.77073287963867,773800,ETR
2005-07-25,76.5,77.72000122070312,76.44999694824219,77.01000213623047,37.810001373291016,1023300,ETR
2005-07-26,77.26000213623047,77.75,77.01000213623047,77.44999694824219,38.02601623535156,935200,ETR
2005-07-27,77.9000015258789,78.12000274658203,77.45999908447266,77.5999984741211,38.09967803955078,755800,ETR
2005-07-28,77.6500015258789,78.13999938964844,76.97000122070312,78.0,38.29606246948242,570400,ETR
2005-07-29,77.8499984741211,78.5,77.81999969482422,77.94000244140625,38.2666015625,859900,ETR
2005-08-01,78.0999984741211,78.30000305175781,75.88999938964844,75.9000015258789,37.2650032043457,1117400,ETR
2005-08-02,76.0999984741211,77.95999908447266,76.08999633789062,77.5999984741211,38.09967803955078,1171600,ETR
2005-08-03,77.5999984741211,79.22000122070312,77.38999938964844,78.43000030517578,38.50718688964844,1143500,ETR
2005-08-04,78.44999694824219,78.44999694824219,77.55999755859375,78.0,38.29606246948242,799100,ETR
2005-08-05,77.73999786376953,77.77999877929688,75.91999816894531,76.37999725341797,37.50068283081055,810400,ETR
2005-08-08,76.31999969482422,77.0999984741211,74.87000274658203,74.87999725341797,36.76422119140625,1186700,ETR
2005-08-09,74.9000015258789,76.02999877929688,74.9000015258789,75.5999984741211,37.11772155761719,1075700,ETR
2005-08-10,75.75,76.20999908447266,74.76000213623047,75.05000305175781,37.1127815246582,1577600,ETR
2005-08-11,75.30000305175781,76.0999984741211,75.19999694824219,75.5,37.335289001464844,886900,ETR
2005-08-12,75.5199966430664,75.86000061035156,74.91000366210938,75.55000305175781,37.360015869140625,659200,ETR
2005-08-15,75.66999816894531,76.0,75.26000213623047,75.80000305175781,37.48366165161133,362500,ETR
2005-08-16,75.88999938964844,76.05000305175781,74.83000183105469,75.0,37.08804702758789,635100,ETR
2005-08-17,74.7300033569336,74.98999786376953,74.16999816894531,74.63999938964844,36.910037994384766,1068600,ETR
2005-08-18,74.69999694824219,75.33999633789062,74.11000061035156,75.13999938964844,37.15727233886719,615000,ETR
2005-08-19,75.5,75.69999694824219,75.05999755859375,75.33000183105469,37.2512321472168,794700,ETR
2005-08-22,75.33000183105469,76.0,75.27999877929688,75.9000015258789,37.5330924987793,799200,ETR
2005-08-23,75.9000015258789,76.77999877929688,75.9000015258789,76.62999725341797,37.89408874511719,640700,ETR
2005-08-24,76.76000213623047,77.61000061035156,76.4000015258789,76.47000122070312,37.814979553222656,813000,ETR
2005-08-25,76.6500015258789,77.18000030517578,76.5,76.93000030517578,38.04246520996094,529900,ETR
2005-08-26,77.9000015258789,78.12999725341797,77.2300033569336,77.29000091552734,38.22047424316406,873700,ETR
2005-08-29,76.19999694824219,77.51000213623047,76.1500015258789,77.37999725341797,38.26497268676758,865200,ETR
2005-08-30,77.19999694824219,77.38999938964844,76.0999984741211,76.62000274658203,37.88915252685547,1651600,ETR
2005-08-31,76.12999725341797,76.30999755859375,74.45999908447266,74.91000366210938,37.04354476928711,4592500,ETR
2005-09-01,74.75,74.91000366210938,73.19999694824219,73.6500015258789,36.42045211791992,5461200,ETR
2005-09-02,74.0,76.02999877929688,73.9000015258789,75.55000305175781,37.360015869140625,2909300,ETR
2005-09-06,75.5999984741211,76.41000366210938,75.41000366210938,75.66000366210938,37.41441345214844,2219700,ETR
2005-09-07,75.4000015258789,75.62999725341797,74.48999786376953,74.72000122070312,36.9495735168457,2016400,ETR
2005-09-08,74.3499984741211,74.62000274658203,73.94999694824219,74.0199966430664,36.603416442871094,1418000,ETR
2005-09-09,74.01000213623047,75.33000183105469,73.98999786376953,74.80000305175781,36.98915100097656,1890100,ETR
2005-09-12,74.5999984741211,74.79000091552734,73.9000015258789,74.04000091552734,36.613319396972656,1396300,ETR
2005-09-13,73.30000305175781,73.86000061035156,73.0,73.12000274658203,36.15837860107422,1535600,ETR
2005-09-14,73.08999633789062,73.86000061035156,72.95999908447266,73.69000244140625,36.440242767333984,1337400,ETR
2005-09-15,73.48999786376953,74.44999694824219,73.48999786376953,74.0199966430664,36.603416442871094,997600,ETR
2005-09-16,74.9000015258789,74.94999694824219,74.23999786376953,74.7699966430664,36.97431182861328,1638600,ETR
2005-09-19,75.91999816894531,76.11000061035156,74.9000015258789,75.23999786376953,37.20673751831055,1407000,ETR
2005-09-20,74.73999786376953,75.25,74.33000183105469,74.38999938964844,36.78640365600586,1659700,ETR
2005-09-21,74.0,74.41999816894531,72.12999725341797,72.25,35.728145599365234,2679800,ETR
2005-09-22,71.5999984741211,71.95999908447266,70.5199966430664,71.02999877929688,35.12485885620117,2049700,ETR
2005-09-23,70.86000061035156,72.25,70.55000305175781,72.0,35.60452651977539,2065600,ETR
2005-09-26,73.75,74.05000305175781,72.83000183105469,73.13999938964844,36.16826629638672,1741200,ETR
2005-09-27,73.0,73.5199966430664,72.94000244140625,73.19999694824219,36.19791793823242,1083700,ETR
2005-09-28,73.41000366210938,73.88999938964844,72.63999938964844,73.47000122070312,36.33143615722656,1163400,ETR
2005-09-29,73.25,74.62999725341797,73.13999938964844,74.2300033569336,36.707271575927734,925500,ETR
2005-09-30,74.19999694824219,74.69999694824219,73.91000366210938,74.31999969482422,36.75177001953125,1276200,ETR
2005-10-03,75.98999786376953,76.11000061035156,75.1500015258789,75.98999786376953,37.57761001586914,1649200,ETR
2005-10-04,75.98999786376953,76.41999816894531,74.20999908447266,74.41999816894531,36.801239013671875,1849800,ETR
2005-10-05,74.30000305175781,74.30000305175781,72.08999633789062,72.0999984741211,35.653995513916016,1687400,ETR
2005-10-06,71.9000015258789,72.29000091552734,70.11000061035156,71.5199966430664,35.36715316772461,2218300,ETR
2005-10-07,71.94999694824219,72.2300033569336,71.43000030517578,71.68000030517578,35.4462890625,905900,ETR
2005-10-10,72.19999694824219,72.19999694824219,70.25,70.66000366210938,34.941890716552734,803000,ETR
2005-10-11,71.19999694824219,71.61000061035156,70.30999755859375,70.5,34.862770080566406,1849200,ETR
2005-10-12,70.56999969482422,71.37999725341797,69.62999725341797,69.9000015258789,34.56606674194336,1205200,ETR
2005-10-13,69.4000015258789,69.69999694824219,68.25,68.9000015258789,34.07154083251953,1420000,ETR
2005-10-14,69.1500015258789,69.8499984741211,69.1500015258789,69.72000122070312,34.477046966552734,1416200,ETR
2005-10-17,69.73999786376953,70.5,69.5,69.98999786376953,34.61056137084961,1681800,ETR
2005-10-18,69.94000244140625,70.0,68.52999877929688,68.54000091552734,33.8935432434082,1359400,ETR
2005-10-19,69.54000091552734,69.68000030517578,67.97000122070312,69.26000213623047,34.249568939208984,1612600,ETR
2005-10-20,69.51000213623047,69.52999877929688,67.0199966430664,67.16000366210938,33.211116790771484,1429400,ETR
2005-10-21,67.51000213623047,68.56999969482422,67.37000274658203,68.37999725341797,33.81440734863281,1109600,ETR
2005-10-24,68.75,70.30000305175781,68.75,70.30000305175781,34.76387405395508,888000,ETR
2005-10-25,70.44000244140625,71.0,69.5,69.91999816894531,34.57595443725586,1428600,ETR
2005-10-26,69.5,69.7300033569336,68.54000091552734,68.63999938964844,33.94297409057617,1265100,ETR
2005-10-27,68.73999786376953,69.18000030517578,67.76000213623047,68.22000122070312,33.73528289794922,931100,ETR
2005-10-28,68.69999694824219,70.48999786376953,68.55000305175781,70.44000244140625,34.833106994628906,929300,ETR
2005-10-31,70.66999816894531,71.19999694824219,70.30999755859375,70.72000122070312,34.97154998779297,1121800,ETR
2005-11-01,69.0,69.16999816894531,67.0,68.63999938964844,33.94297409057617,3811200,ETR
2005-11-02,68.30000305175781,69.11000061035156,67.91999816894531,69.11000061035156,34.17538833618164,1401300,ETR
2005-11-03,69.9000015258789,71.0199966430664,69.48999786376953,70.55999755859375,34.89242935180664,1985000,ETR
2005-11-04,70.80999755859375,70.94999694824219,69.43000030517578,69.83000183105469,34.53144836425781,1127100,ETR
2005-11-07,69.83999633789062,70.94000244140625,69.30999755859375,69.86000061035156,34.54629898071289,1285500,ETR
2005-11-08,69.37000274658203,69.81999969482422,68.93000030517578,69.19999694824219,34.48647689819336,2218300,ETR
2005-11-09,69.44999694824219,69.81999969482422,69.05999755859375,69.25,34.51139450073242,907900,ETR
2005-11-10,69.5,69.54000091552734,68.1500015258789,69.37000274658203,34.57118606567383,888500,ETR
2005-11-11,69.5,69.5,68.37000274658203,68.95999908447266,34.36686325073242,783900,ETR
2005-11-14,68.80000305175781,69.19000244140625,67.95999908447266,68.2300033569336,34.00306701660156,1037400,ETR
2005-11-15,68.01000213623047,68.66000366210938,67.76000213623047,67.80000305175781,33.78877639770508,764300,ETR
2005-11-16,68.19999694824219,68.4000015258789,67.77999877929688,67.93000030517578,33.853546142578125,763200,ETR
2005-11-17,68.18000030517578,68.79000091552734,67.97000122070312,68.52999877929688,34.1525764465332,1392400,ETR
2005-11-18,68.1500015258789,68.94999694824219,68.0,68.69999694824219,34.2373046875,1338800,ETR
2005-11-21,68.8499984741211,69.16999816894531,68.33000183105469,68.66999816894531,34.222347259521484,1121700,ETR
2005-11-22,68.19999694824219,69.2699966430664,68.19999694824219,69.26000213623047,34.51637649536133,1089500,ETR
2005-11-23,69.26000213623047,70.76000213623047,69.26000213623047,70.30000305175781,35.03467559814453,941900,ETR
2005-11-25,70.63999938964844,71.0,70.5,71.0,35.38351058959961,278800,ETR
2005-11-28,70.7699966430664,71.4800033569336,70.36000061035156,71.1500015258789,35.45827865600586,1099000,ETR
2005-11-29,71.6500015258789,72.0,70.9000015258789,70.9800033569336,35.373558044433594,907900,ETR
2005-11-30,71.18000030517578,71.38999938964844,69.97000122070312,70.0,34.88515853881836,980000,ETR
2005-12-01,70.4000015258789,71.05999755859375,70.12000274658203,70.61000061035156,35.189170837402344,1006100,ETR
2005-12-02,70.72000122070312,70.83999633789062,70.04000091552734,70.19000244140625,34.979854583740234,521700,ETR
2005-12-05,69.1500015258789,70.05999755859375,68.83000183105469,69.9000015258789,34.835330963134766,1055200,ETR
2005-12-06,70.1500015258789,70.30000305175781,69.5999984741211,69.81999969482422,34.79545974731445,1107300,ETR
2005-12-07,69.91999816894531,70.25,68.94000244140625,69.26000213623047,34.51637649536133,753500,ETR
2005-12-08,69.44999694824219,70.26000213623047,69.44999694824219,69.93000030517578,34.85029602050781,814200,ETR
2005-12-09,70.18000030517578,71.11000061035156,70.05999755859375,70.44999694824219,35.10942459106445,973600,ETR
2005-12-12,70.91000366210938,71.25,69.7300033569336,70.0,34.88515853881836,779300,ETR
2005-12-13,70.08000183105469,70.62000274658203,69.86000061035156,70.52999877929688,35.1492919921875,568400,ETR
2005-12-14,70.73999786376953,72.48999786376953,70.6500015258789,70.68000030517578,35.224056243896484,2521600,ETR
2005-12-15,70.69999694824219,71.48999786376953,70.69999694824219,71.25,35.508121490478516,1894600,ETR
2005-12-16,71.44999694824219,71.56999969482422,70.38999938964844,70.4000015258789,35.08449935913086,1429000,ETR
2005-12-19,70.33000183105469,70.58000183105469,69.66999816894531,69.80000305175781,34.785491943359375,1175000,ETR
2005-12-20,69.66999816894531,70.27999877929688,69.6500015258789,70.25,35.009742736816406,584600,ETR
2005-12-21,70.1500015258789,70.5,68.9800033569336,69.18000030517578,34.47652053833008,696900,ETR
2005-12-22,69.31999969482422,69.55000305175781,69.05000305175781,69.18000030517578,34.47652053833008,703800,ETR
2005-12-23,69.43000030517578,69.47000122070312,69.0999984741211,69.18000030517578,34.47652053833008,624800,ETR
2005-12-27,69.16999816894531,69.68000030517578,69.1500015258789,69.2699966430664,34.5213623046875,577000,ETR
2005-12-28,69.37000274658203,69.86000061035156,68.87999725341797,69.12000274658203,34.44660949707031,522100,ETR
2005-12-29,68.94999694824219,69.36000061035156,68.8499984741211,68.86000061035156,34.317039489746094,413900,ETR
2005-12-30,68.79000091552734,68.94000244140625,68.29000091552734,68.6500015258789,34.21238327026367,659300,ETR
2006-01-03,69.1500015258789,70.51000213623047,69.12999725341797,70.45999908447266,35.114418029785156,1701400,ETR
2006-01-04,70.55999755859375,70.83000183105469,69.29000091552734,70.22000122070312,34.99479675292969,1230600,ETR
2006-01-05,70.4000015258789,70.43000030517578,69.68000030517578,69.80000305175781,34.785491943359375,959000,ETR
2006-01-06,70.5,70.7699966430664,69.7300033569336,70.58000183105469,35.174198150634766,830500,ETR
2006-01-09,70.62000274658203,70.81999969482422,69.80999755859375,70.23999786376953,35.0047607421875,669200,ETR
2006-01-10,69.9000015258789,70.77999877929688,69.68000030517578,70.43000030517578,35.099464416503906,680700,ETR
2006-01-11,70.80000305175781,70.8499984741211,69.94999694824219,70.06999969482422,34.920047760009766,847900,ETR
2006-01-12,70.1500015258789,70.83000183105469,69.9800033569336,70.66999816894531,35.21905517578125,1085700,ETR
2006-01-13,70.91999816894531,71.05000305175781,70.48999786376953,70.87000274658203,35.31873321533203,1232000,ETR
2006-01-17,70.37999725341797,71.13999938964844,70.11000061035156,71.0999984741211,35.43335723876953,840400,ETR
2006-01-18,71.19000244140625,71.62999725341797,71.04000091552734,71.23999786376953,35.50312423706055,794200,ETR
2006-01-19,70.95999908447266,71.68000030517578,70.61000061035156,71.58000183105469,35.672576904296875,1362000,ETR
2006-01-20,71.43000030517578,71.69999694824219,70.3499984741211,70.4800033569336,35.12438201904297,1106900,ETR
2006-01-23,70.63999938964844,71.0,70.2699966430664,70.41999816894531,35.094478607177734,660200,ETR
2006-01-24,70.38999938964844,70.9800033569336,70.27999877929688,70.93000030517578,35.3486442565918,698800,ETR
2006-01-25,70.9000015258789,71.30999755859375,69.62000274658203,69.70999908447266,34.74065017700195,1187500,ETR
2006-01-26,70.58999633789062,70.58999633789062,68.66000366210938,68.88999938964844,34.33198547363281,1507200,ETR
2006-01-27,68.88999938964844,69.80999755859375,68.8499984741211,69.77999877929688,34.77553176879883,1044400,ETR
2006-01-30,69.77999877929688,69.94000244140625,69.13999938964844,69.2300033569336,34.501426696777344,1079700,ETR
2006-01-31,68.8499984741211,70.23999786376953,68.3499984741211,69.51000213623047,34.640960693359375,1438500,ETR
2006-02-01,69.93000030517578,70.31999969482422,69.37000274658203,69.5999984741211,34.685821533203125,1457900,ETR
2006-02-02,69.69000244140625,69.94000244140625,68.79000091552734,68.98999786376953,34.38182067871094,1483000,ETR
2006-02-03,68.44999694824219,69.2699966430664,67.97000122070312,69.01000213623047,34.39177703857422,1896700,ETR
2006-02-06,69.91000366210938,69.91000366210938,68.80999755859375,69.83000183105469,34.80044937133789,1254000,ETR
2006-02-07,69.69000244140625,69.95999908447266,69.12999725341797,69.9000015258789,34.835330963134766,1235500,ETR
2006-02-08,69.27999877929688,69.75,69.16000366210938,69.5999984741211,34.955867767333984,2151000,ETR
2006-02-09,69.5199966430664,69.88999938964844,69.33000183105469,69.66000366210938,34.98600769042969,1463500,ETR
2006-02-10,69.62999725341797,70.19000244140625,69.5,70.0,35.156761169433594,1157600,ETR
2006-02-13,69.9000015258789,69.9800033569336,69.41999816894531,69.61000061035156,34.96088409423828,598200,ETR
2006-02-14,69.79000091552734,69.88999938964844,68.79000091552734,69.12000274658203,34.714786529541016,1075200,ETR
2006-02-15,69.25,70.0999984741211,69.0999984741211,70.0999984741211,35.206974029541016,1491500,ETR
2006-02-16,70.01000213623047,70.33999633789062,69.62000274658203,70.2300033569336,35.27228927612305,1073600,ETR
2006-02-17,70.4000015258789,70.94999694824219,70.27999877929688,70.7699966430664,35.54349136352539,1101900,ETR
2006-02-21,70.97000122070312,71.5999984741211,70.91000366210938,71.5199966430664,35.920162200927734,1060700,ETR
2006-02-22,71.94999694824219,72.97000122070312,71.7300033569336,72.75,36.53791809082031,2082800,ETR
2006-02-23,72.80000305175781,72.86000061035156,72.12000274658203,72.25,36.28679275512695,1647000,ETR
2006-02-24,72.25,72.52999877929688,72.08999633789062,72.18000030517578,36.25162887573242,918000,ETR
2006-02-27,72.37999725341797,72.70999908447266,72.30999755859375,72.58999633789062,36.45756149291992,1139600,ETR
2006-02-28,72.30000305175781,72.62000274658203,72.13999938964844,72.51000213623047,36.417388916015625,1051500,ETR
2006-03-01,72.44999694824219,72.47000122070312,71.73999786376953,72.0,36.1612434387207,1799100,ETR
2006-03-02,71.7699966430664,71.95999908447266,71.23999786376953,71.48999786376953,35.90507888793945,1527300,ETR
2006-03-03,71.1500015258789,71.5,70.87000274658203,70.94000244140625,35.628868103027344,1394900,ETR
2006-03-06,71.1500015258789,71.16000366210938,69.77999877929688,69.80000305175781,35.05631637573242,1408300,ETR
2006-03-07,69.52999877929688,69.91000366210938,69.19999694824219,69.9000015258789,35.10654067993164,983400,ETR
2006-03-08,69.95999908447266,70.77999877929688,69.04000091552734,70.25,35.282310485839844,1326100,ETR
2006-03-09,71.0,71.0,70.19000244140625,70.29000091552734,35.30240249633789,1084300,ETR
2006-03-10,70.16000366210938,71.0,69.8499984741211,70.93000030517578,35.623844146728516,994500,ETR
2006-03-13,71.0,71.54000091552734,70.8499984741211,71.44000244140625,35.879981994628906,879100,ETR
2006-03-14,71.30000305175781,71.72000122070312,70.91000366210938,71.52999877929688,35.92518615722656,1003900,ETR
2006-03-15,71.33000183105469,71.55000305175781,70.8499984741211,71.27999877929688,35.79962158203125,889700,ETR
2006-03-16,71.56999969482422,72.12999725341797,71.37999725341797,71.95999908447266,36.141151428222656,885100,ETR
2006-03-17,72.0,72.13999938964844,71.5,71.63999938964844,35.980430603027344,938800,ETR
2006-03-20,71.8499984741211,71.91000366210938,70.62000274658203,70.94999694824219,35.633888244628906,800900,ETR
2006-03-21,71.05000305175781,71.08000183105469,69.81999969482422,70.06999969482422,35.191917419433594,1072700,ETR
2006-03-22,70.0999984741211,70.58000183105469,69.77999877929688,70.52999877929688,35.42294692993164,578500,ETR
2006-03-23,70.4800033569336,70.48999786376953,69.56999969482422,70.1500015258789,35.232093811035156,736800,ETR
2006-03-24,70.25,70.44999694824219,69.76000213623047,69.9800033569336,35.14670944213867,551800,ETR
2006-03-27,69.9000015258789,70.0,69.2699966430664,69.41999816894531,34.86545944213867,521200,ETR
2006-03-28,69.22000122070312,69.80999755859375,68.94999694824219,69.72000122070312,35.01612854003906,970400,ETR
2006-03-29,69.8499984741211,70.20999908447266,69.4000015258789,70.08000183105469,35.19694519042969,701200,ETR
2006-03-30,69.87999725341797,70.13999938964844,68.93000030517578,69.19000244140625,34.74994659423828,1236500,ETR
2006-03-31,69.16999816894531,69.44999694824219,68.75,68.94000244140625,34.6243896484375,833100,ETR
2006-04-03,69.0,69.5999984741211,68.97000122070312,69.30000305175781,34.805198669433594,857300,ETR
2006-04-04,69.12000274658203,70.30999755859375,68.83999633789062,69.91000366210938,35.11155700683594,1143200,ETR
2006-04-05,69.91999816894531,71.12999725341797,69.88999938964844,71.05999755859375,35.689125061035156,1009500,ETR
2006-04-06,70.9000015258789,71.05000305175781,70.0,70.19999694824219,35.25719451904297,1028600,ETR
2006-04-07,70.0999984741211,70.1500015258789,69.08000183105469,69.56999969482422,34.940799713134766,1373800,ETR
2006-04-10,69.55999755859375,70.22000122070312,69.05999755859375,69.12000274658203,34.714786529541016,896100,ETR
2006-04-11,69.19999694824219,69.25,67.93000030517578,68.1500015258789,34.22761154174805,1206600,ETR
2006-04-12,68.1500015258789,68.51000213623047,68.0,68.05000305175781,34.17740249633789,966700,ETR
2006-04-13,67.69999694824219,68.05000305175781,67.54000091552734,67.66999816894531,33.986534118652344,873700,ETR
2006-04-17,68.55000305175781,68.55000305175781,66.77999877929688,67.76000213623047,34.031742095947266,489400,ETR
2006-04-18,67.7300033569336,69.30999755859375,67.7300033569336,69.30999755859375,34.810218811035156,1204000,ETR
2006-04-19,69.30999755859375,69.83000183105469,68.83999633789062,69.45999908447266,34.885555267333984,1132300,ETR
2006-04-20,69.27999877929688,70.25,69.27999877929688,69.97000122070312,35.14168930053711,1270500,ETR
2006-04-21,70.31999969482422,70.6500015258789,69.76000213623047,70.08999633789062,35.20195770263672,809100,ETR
2006-04-24,69.8499984741211,70.80999755859375,69.36000061035156,70.63999938964844,35.47819137573242,869700,ETR
2006-04-25,70.69000244140625,70.69000244140625,68.9800033569336,69.37999725341797,34.84537124633789,1427000,ETR
2006-04-26,69.2699966430664,69.80000305175781,68.38999938964844,68.86000061035156,34.58421325683594,872400,ETR
2006-04-27,68.5,70.23999786376953,68.26000213623047,70.0199966430664,35.16680908203125,864000,ETR
2006-04-28,69.9000015258789,70.2699966430664,69.48999786376953,69.94000244140625,35.126617431640625,692300,ETR
2006-05-01,69.94000244140625,70.4000015258789,68.61000061035156,69.01000213623047,34.659542083740234,760000,ETR
2006-05-02,69.22000122070312,70.01000213623047,69.12000274658203,69.54000091552734,34.925724029541016,768500,ETR
2006-05-03,69.3499984741211,69.5999984741211,68.19999694824219,68.43000030517578,34.36823272705078,1366500,ETR
2006-05-04,68.69999694824219,68.8499984741211,68.20999908447266,68.5999984741211,34.45361328125,862300,ETR
2006-05-05,69.08999633789062,70.52999877929688,69.08000183105469,70.45999908447266,35.38780212402344,938000,ETR
2006-05-08,70.41000366210938,70.56999969482422,70.19000244140625,70.33000183105469,35.322513580322266,893400,ETR
2006-05-09,69.4000015258789,69.62000274658203,68.66000366210938,68.7699966430664,34.80625915527344,1713300,ETR
2006-05-10,68.5,69.87999725341797,68.47000122070312,69.86000061035156,35.35792541503906,1095200,ETR
2006-05-11,69.6500015258789,69.7300033569336,68.69999694824219,69.2699966430664,35.05931091308594,695700,ETR
2006-05-12,68.83000183105469,69.12999725341797,67.8499984741211,68.12000274658203,34.477272033691406,996100,ETR
2006-05-15,67.5999984741211,68.94999694824219,67.5999984741211,68.7699966430664,34.80625915527344,933800,ETR
2006-05-16,68.76000213623047,68.88999938964844,68.37000274658203,68.44999694824219,34.644309997558594,495800,ETR
2006-05-17,67.8499984741211,68.52999877929688,67.13999938964844,67.9800033569336,34.406402587890625,1276900,ETR
2006-05-18,67.08000183105469,68.69999694824219,67.08000183105469,67.87999725341797,34.35580062866211,1007600,ETR
2006-05-19,67.94999694824219,69.30999755859375,67.69999694824219,68.55999755859375,34.69996643066406,1349900,ETR
2006-05-22,68.58000183105469,69.56999969482422,68.30999755859375,68.83000183105469,34.836605072021484,1417200,ETR
2006-05-23,68.9000015258789,69.30999755859375,68.1500015258789,68.22000122070312,34.52787399291992,1123900,ETR
2006-05-24,68.0,68.62999725341797,67.22000122070312,68.18000030517578,34.507652282714844,866200,ETR
2006-05-25,68.4000015258789,68.77999877929688,68.1500015258789,68.75,34.79613494873047,812200,ETR
2006-05-26,69.02999877929688,69.62999725341797,68.87000274658203,69.55999755859375,35.206085205078125,1045800,ETR
2006-05-30,69.0999984741211,69.77999877929688,69.0199966430664,69.4000015258789,35.1251106262207,1000000,ETR
2006-05-31,69.4000015258789,70.9000015258789,69.4000015258789,70.11000061035156,35.48446273803711,1169700,ETR
2006-06-01,69.87000274658203,71.61000061035156,69.69000244140625,71.58000183105469,36.22847366333008,1756900,ETR
2006-06-02,71.75,72.38999938964844,71.36000061035156,72.30999755859375,36.597930908203125,1008200,ETR
2006-06-05,72.19999694824219,72.55000305175781,71.76000213623047,71.9800033569336,36.430908203125,1408200,ETR
2006-06-06,72.05000305175781,72.16999816894531,71.19999694824219,71.87000274658203,36.375244140625,1216300,ETR
2006-06-07,71.91999816894531,71.93000030517578,71.1500015258789,71.23999786376953,36.05637741088867,815900,ETR
2006-06-08,71.23999786376953,72.19999694824219,71.05999755859375,71.87999725341797,36.38029479980469,1484300,ETR
2006-06-09,71.4000015258789,72.63999938964844,71.38999938964844,72.4800033569336,36.683982849121094,881000,ETR
2006-06-12,72.56999969482422,72.97000122070312,72.25,72.51000213623047,36.69916534423828,813400,ETR
2006-06-13,72.44999694824219,72.62000274658203,71.58999633789062,71.88999938964844,36.38536834716797,1289300,ETR
2006-06-14,71.9000015258789,71.9000015258789,70.68000030517578,71.19000244140625,36.03107452392578,685500,ETR
2006-06-15,71.25,71.66000366210938,70.69999694824219,71.44999694824219,36.162662506103516,1228200,ETR
2006-06-16,71.19999694824219,71.80000305175781,70.88999938964844,71.08000183105469,35.975399017333984,1219000,ETR
2006-06-19,71.30999755859375,71.33999633789062,70.05999755859375,70.41000366210938,35.63630676269531,776300,ETR
2006-06-20,70.47000122070312,70.83999633789062,70.08999633789062,70.47000122070312,35.666664123535156,825500,ETR
2006-06-21,70.23999786376953,70.66999816894531,69.77999877929688,70.23999786376953,35.55024719238281,756100,ETR
2006-06-22,70.05000305175781,70.16000366210938,69.37000274658203,69.98999786376953,35.42372131347656,949200,ETR
2006-06-23,69.86000061035156,70.44000244140625,69.55000305175781,69.7300033569336,35.29214859008789,617800,ETR
2006-06-26,69.83000183105469,70.3499984741211,69.58000183105469,69.87999725341797,35.3680419921875,620200,ETR
2006-06-27,69.91999816894531,70.6500015258789,69.87999725341797,70.08000183105469,35.46928787231445,889400,ETR
2006-06-28,70.20999908447266,70.7300033569336,70.0999984741211,70.54000091552734,35.70209884643555,832000,ETR
2006-06-29,70.94999694824219,71.38999938964844,70.18000030517578,70.5999984741211,35.73246765136719,1988900,ETR
2006-06-30,70.69999694824219,71.0199966430664,70.37999725341797,70.75,35.80839157104492,1566300,ETR
2006-07-03,71.0,71.52999877929688,70.80000305175781,71.44999694824219,36.162662506103516,572900,ETR
2006-07-05,71.23999786376953,71.66000366210938,71.08999633789062,71.45999908447266,36.16774368286133,739800,ETR
2006-07-06,71.25,71.44000244140625,70.98999786376953,71.3499984741211,36.1120491027832,975500,ETR
2006-07-07,71.38999938964844,72.41999816894531,71.36000061035156,72.05999755859375,36.47138977050781,1025900,ETR
2006-07-10,72.0,72.66000366210938,71.98999786376953,72.55000305175781,36.71940231323242,1024000,ETR
2006-07-11,72.44999694824219,73.33999633789062,72.44999694824219,73.25,37.073692321777344,1308400,ETR
2006-07-12,73.43000030517578,74.18000030517578,73.1500015258789,73.33999633789062,37.119232177734375,1504600,ETR
2006-07-13,73.20999908447266,74.19000244140625,73.19999694824219,73.36000061035156,37.129364013671875,1338000,ETR
2006-07-14,73.48999786376953,73.9800033569336,73.16999816894531,73.58999633789062,37.24576950073242,1314000,ETR
2006-07-17,73.72000122070312,74.47000122070312,73.56999969482422,74.16000366210938,37.534271240234375,978800,ETR
2006-07-18,74.79000091552734,75.69000244140625,74.55000305175781,75.38999938964844,38.15677261352539,2302100,ETR
2006-07-19,75.48999786376953,76.33999633789062,75.25,76.02999877929688,38.480712890625,1399200,ETR
2006-07-20,76.16999816894531,76.30999755859375,75.7300033569336,76.08999633789062,38.51108932495117,1207600,ETR
2006-07-21,76.75,76.7699966430664,76.2300033569336,76.61000061035156,38.77427291870117,1681600,ETR
2006-07-24,76.7300033569336,77.44999694824219,76.55000305175781,77.4000015258789,39.17412185668945,1313700,ETR
2006-07-25,77.4000015258789,77.93000030517578,77.33999633789062,77.75,39.351253509521484,1420400,ETR
2006-07-26,77.86000061035156,78.13999938964844,77.80000305175781,77.94999694824219,39.45248794555664,1705800,ETR
2006-07-27,78.4000015258789,78.5,77.23999786376953,77.25,39.09819030761719,1316400,ETR
2006-07-28,77.41999816894531,78.19999694824219,77.16000366210938,77.61000061035156,39.28038787841797,1095600,ETR
2006-07-31,77.2699966430664,77.94000244140625,77.02999877929688,77.0999984741211,39.02228546142578,998500,ETR
2006-08-01,77.20999908447266,78.05000305175781,76.80000305175781,77.9000015258789,39.42718505859375,1125000,ETR
2006-08-02,77.8499984741211,78.2300033569336,77.62999725341797,77.9800033569336,39.46765899658203,779500,ETR
2006-08-03,77.66999816894531,77.98999786376953,77.44000244140625,77.70999908447266,39.33102798461914,973600,ETR
2006-08-04,77.98999786376953,78.11000061035156,77.44000244140625,77.9000015258789,39.42718505859375,673700,ETR
2006-08-07,77.9000015258789,78.16000366210938,76.95999908447266,77.05999755859375,39.00203323364258,1210200,ETR
2006-08-08,77.30999755859375,79.0999984741211,77.25,78.80000305175781,39.88269805908203,2243700,ETR
2006-08-09,78.9800033569336,79.69999694824219,78.56999969482422,78.79000091552734,39.877620697021484,1288900,ETR
2006-08-10,78.5,78.79000091552734,78.20999908447266,78.54000091552734,39.75109100341797,1142500,ETR
2006-08-11,78.04000091552734,78.27999877929688,77.5999984741211,77.77999877929688,39.63897705078125,702500,ETR
2006-08-14,78.19999694824219,78.44999694824219,77.91999816894531,78.05000305175781,39.776588439941406,778400,ETR
2006-08-15,78.30000305175781,78.69999694824219,78.08999633789062,78.58000183105469,40.04668426513672,742600,ETR
2006-08-16,78.80000305175781,79.19999694824219,77.22000122070312,77.30999755859375,39.399452209472656,1150900,ETR
2006-08-17,77.4800033569336,77.5999984741211,76.55000305175781,77.01000213623047,39.24656295776367,1037300,ETR
2006-08-18,77.01000213623047,77.98999786376953,77.0,77.45999908447266,39.47589111328125,982100,ETR
2006-08-21,77.48999786376953,78.0999984741211,77.22000122070312,77.44000244140625,39.465721130371094,962800,ETR
2006-08-22,77.5999984741211,78.05000305175781,77.48999786376953,78.0,39.75110626220703,1440800,ETR
2006-08-23,78.0,78.01000213623047,77.04000091552734,77.2699966430664,39.37905502319336,918600,ETR
2006-08-24,77.55000305175781,77.80000305175781,77.1500015258789,77.38999938964844,39.44023132324219,636300,ETR
2006-08-25,76.95999908447266,77.30000305175781,76.91999816894531,77.08000183105469,39.28225326538086,1233100,ETR
2006-08-28,77.0,77.48999786376953,76.80999755859375,77.33000183105469,39.409645080566406,1056700,ETR
2006-08-29,77.30000305175781,77.37999725341797,76.81999969482422,76.94999694824219,39.21599578857422,1098100,ETR
2006-08-30,76.98999786376953,77.0,76.69000244140625,76.87999725341797,39.1803092956543,725400,ETR
2006-08-31,76.9800033569336,77.79000091552734,76.95999908447266,77.6500015258789,39.572723388671875,1246200,ETR
2006-09-01,77.6500015258789,77.94000244140625,77.4000015258789,77.54000091552734,39.516658782958984,741800,ETR
2006-09-05,77.4000015258789,77.4000015258789,76.58000183105469,77.0199966430664,39.251670837402344,878800,ETR
2006-09-06,76.58000183105469,77.33000183105469,76.29000091552734,76.93000030517578,39.2057991027832,994700,ETR
2006-09-07,76.80000305175781,77.5999984741211,76.7699966430664,77.2300033569336,39.35869598388672,1162600,ETR
2006-09-08,76.69999694824219,78.1500015258789,76.69999694824219,78.11000061035156,39.807159423828125,724200,ETR
2006-09-11,77.93000030517578,79.05000305175781,77.88999938964844,79.0,40.26072311401367,1494700,ETR
2006-09-12,79.0,79.0,77.5,77.81999969482422,39.659366607666016,1259700,ETR
2006-09-13,77.81999969482422,78.52999877929688,77.20999908447266,78.41000366210938,39.96003341674805,938200,ETR
2006-09-14,78.30000305175781,79.02999877929688,77.69000244140625,77.75,39.623695373535156,1131400,ETR
2006-09-15,78.06999969482422,78.56999969482422,78.01000213623047,78.37999725341797,39.94474792480469,830400,ETR
2006-09-18,78.1500015258789,78.33999633789062,77.5,77.72000122070312,39.6084098815918,899900,ETR
2006-09-19,77.75,78.19999694824219,77.62999725341797,77.9800033569336,39.74090576171875,957800,ETR
2006-09-20,77.97000122070312,78.18000030517578,77.73999786376953,77.76000213623047,39.628787994384766,906700,ETR
2006-09-21,77.73999786376953,77.80000305175781,77.19999694824219,77.69000244140625,39.59312057495117,578700,ETR
2006-09-22,77.66999816894531,77.81999969482422,77.0,77.01000213623047,39.24656295776367,1281900,ETR
2006-09-25,77.2300033569336,78.58999633789062,77.05999755859375,78.04000091552734,39.77149963378906,1083200,ETR
2006-09-26,78.41000366210938,78.45999908447266,77.8499984741211,78.02999877929688,39.766387939453125,800100,ETR
2006-09-27,78.08000183105469,79.9000015258789,78.01000213623047,79.79000091552734,40.663330078125,1664300,ETR
2006-09-28,79.77999877929688,80.0,79.08000183105469,79.5199966430664,40.525726318359375,781700,ETR
2006-09-29,79.61000061035156,79.66999816894531,78.22000122070312,78.2300033569336,39.86830139160156,1497600,ETR
2006-10-02,78.37999725341797,79.69000244140625,78.37999725341797,79.30000305175781,40.41361999511719,1083900,ETR
2006-10-03,79.30000305175781,80.62000274658203,79.01000213623047,80.33000183105469,40.93853759765625,2210300,ETR
2006-10-04,80.19999694824219,80.4800033569336,79.87000274658203,80.44999694824219,40.999698638916016,1256200,ETR
2006-10-05,80.08000183105469,80.5,80.01000213623047,80.36000061035156,40.953834533691406,1010400,ETR
2006-10-06,80.47000122070312,80.69000244140625,79.83000183105469,80.62999725341797,41.09143829345703,935500,ETR
2006-10-09,80.58000183105469,80.7699966430664,80.06999969482422,80.68000030517578,41.11690139770508,918600,ETR
2006-10-10,80.75,81.94000244140625,80.69000244140625,81.87999725341797,41.72846221923828,1033000,ETR
2006-10-11,81.80000305175781,81.9000015258789,80.83999633789062,81.3499984741211,41.458351135253906,1486500,ETR
2006-10-12,81.43000030517578,81.55000305175781,80.69999694824219,81.38999938964844,41.47874069213867,754100,ETR
2006-10-13,81.38999938964844,81.77999877929688,81.05999755859375,81.19999694824219,41.38191604614258,816400,ETR
2006-10-16,81.20999908447266,82.38999938964844,81.20999908447266,82.37999725341797,41.9832763671875,916100,ETR
2006-10-17,82.62999725341797,84.29000091552734,82.56999969482422,84.06999969482422,42.84455108642578,2541200,ETR
2006-10-18,84.5,85.52999877929688,84.44000244140625,85.36000061035156,43.50197982788086,2665400,ETR
2006-10-19,85.36000061035156,85.51000213623047,84.94000244140625,85.31999969482422,43.48158645629883,1212700,ETR
2006-10-20,85.55000305175781,85.83999633789062,84.8499984741211,85.30000305175781,43.47139358520508,1551300,ETR
2006-10-23,84.87999725341797,85.69000244140625,84.87999725341797,85.45999908447266,43.55293655395508,1286400,ETR
2006-10-24,84.19999694824219,85.44999694824219,84.19000244140625,85.20999908447266,43.42552947998047,2030000,ETR
2006-10-25,85.45999908447266,86.76000213623047,85.41999816894531,86.5,44.08295440673828,1797700,ETR
2006-10-26,86.45999908447266,86.77999877929688,86.19000244140625,86.44000244140625,44.052364349365234,1093200,ETR
2006-10-27,86.19999694824219,86.7300033569336,86.19999694824219,86.44999694824219,44.05746841430664,1026200,ETR
2006-10-30,86.86000061035156,86.86000061035156,86.2699966430664,86.61000061035156,44.138999938964844,856900,ETR
2006-10-31,86.9000015258789,86.94000244140625,85.70999908447266,85.83000183105469,43.741477966308594,1566200,ETR
2006-11-01,86.05999755859375,86.62999725341797,85.52999877929688,86.19999694824219,43.9300422668457,1896400,ETR
2006-11-02,86.19000244140625,86.2699966430664,84.91999816894531,85.29000091552734,43.46629333496094,1051600,ETR
2006-11-03,84.93000030517578,85.08999633789062,83.98999786376953,84.26000213623047,42.94137191772461,1370000,ETR
2006-11-06,85.51000213623047,86.1500015258789,84.80000305175781,85.94999694824219,43.802650451660156,2371000,ETR
2006-11-07,85.94999694824219,86.31999969482422,85.77999877929688,85.87999725341797,43.7669792175293,1145800,ETR
2006-11-08,85.0999984741211,86.44999694824219,85.0999984741211,86.13999938964844,44.17726516723633,730700,ETR
2006-11-09,86.13999938964844,86.54000091552734,86.04000091552734,86.33000183105469,44.27470779418945,646400,ETR
2006-11-10,86.4000015258789,86.86000061035156,86.3499984741211,86.7300033569336,44.4798469543457,1085200,ETR
2006-11-13,86.69999694824219,87.94999694824219,86.51000213623047,87.63999938964844,44.94655227661133,2909100,ETR
2006-11-14,87.75,88.05000305175781,87.26000213623047,88.0199966430664,45.14142608642578,1252500,ETR
2006-11-15,87.94999694824219,88.62999725341797,87.91000366210938,88.5999984741211,45.438880920410156,1358900,ETR
2006-11-16,89.0,89.8499984741211,88.94999694824219,89.19000244140625,45.74147415161133,1813200,ETR
2006-11-17,88.80000305175781,89.41999816894531,88.66000366210938,89.3499984741211,45.82351303100586,1171500,ETR
2006-11-20,89.0,89.55999755859375,88.97000122070312,89.37000274658203,45.833778381347656,902300,ETR
2006-11-21,89.0,89.22000122070312,88.91000366210938,89.02999877929688,45.65940856933594,731500,ETR
2006-11-22,88.9800033569336,89.66999816894531,88.9800033569336,89.3499984741211,45.82351303100586,675100,ETR
2006-11-24,89.0999984741211,89.44999694824219,89.04000091552734,89.30999755859375,45.803001403808594,243000,ETR
2006-11-27,89.05999755859375,89.77999877929688,88.91000366210938,89.29000091552734,45.79273986816406,1230900,ETR
2006-11-28,89.16000366210938,89.94999694824219,88.55999755859375,89.91000366210938,46.110740661621094,1358000,ETR
2006-11-29,89.94000244140625,91.4800033569336,89.87000274658203,91.47000122070312,46.9107780456543,1182700,ETR
2006-11-30,91.18000030517578,91.58000183105469,90.76000213623047,91.31999969482422,46.83385467529297,1237200,ETR
2006-12-01,91.0999984741211,91.81999969482422,90.5,90.83000183105469,46.582542419433594,1527300,ETR
2006-12-04,91.37999725341797,92.08999633789062,91.13999938964844,92.0,47.18258285522461,1321000,ETR
2006-12-05,92.0,92.68000030517578,91.86000061035156,91.94999694824219,47.15693283081055,1199200,ETR
2006-12-06,91.91999816894531,92.44000244140625,91.58000183105469,92.12000274658203,47.244117736816406,1206500,ETR
2006-12-07,92.19999694824219,92.38999938964844,91.45999908447266,91.52999877929688,46.941551208496094,964400,ETR
2006-12-08,91.52999877929688,91.87000274658203,91.08000183105469,91.2300033569336,46.78768539428711,839800,ETR
2006-12-11,91.4000015258789,92.0,91.23999786376953,91.87999725341797,47.12105178833008,745700,ETR
2006-12-12,92.0,92.4000015258789,91.48999786376953,92.27999877929688,47.326202392578125,946900,ETR
2006-12-13,92.26000213623047,92.69999694824219,92.0,92.33999633789062,47.3569450378418,719400,ETR
2006-12-14,92.38999938964844,92.86000061035156,91.87999725341797,92.41999816894531,47.39799499511719,1329700,ETR
2006-12-15,92.41000366210938,92.5999984741211,92.0999984741211,92.5999984741211,47.490291595458984,1075800,ETR
2006-12-18,92.48999786376953,93.11000061035156,92.12999725341797,92.3499984741211,47.36209487915039,880600,ETR
2006-12-19,92.48999786376953,93.44000244140625,92.41000366210938,93.2300033569336,47.813385009765625,1127000,ETR
2006-12-20,93.25,94.02999877929688,93.0999984741211,93.27999877929688,47.83903503417969,784300,ETR
2006-12-21,93.20999908447266,93.63999938964844,92.83000183105469,93.0,47.6954345703125,589100,ETR
2006-12-22,93.05000305175781,93.1500015258789,92.44000244140625,92.80000305175781,47.592857360839844,680600,ETR
2006-12-26,92.80000305175781,93.16999816894531,92.6500015258789,92.98999786376953,47.69031524658203,336500,ETR
2006-12-27,93.44999694824219,93.5,92.80000305175781,93.0199966430664,47.7056999206543,420900,ETR
2006-12-28,92.7699966430664,93.22000122070312,92.33000183105469,92.33999633789062,47.3569450378418,531400,ETR
2006-12-29,92.30999755859375,92.72000122070312,92.16999816894531,92.31999969482422,47.346683502197266,622300,ETR
2007-01-03,92.31999969482422,93.41999816894531,92.08999633789062,92.9800033569336,47.68518829345703,1319900,ETR
2007-01-04,92.98999786376953,94.16000366210938,92.5999984741211,94.08000183105469,48.249324798583984,2610100,ETR
2007-01-05,93.5999984741211,93.69000244140625,91.27999877929688,91.76000213623047,47.05949783325195,2269500,ETR
2007-01-08,91.55999755859375,92.45999908447266,90.87000274658203,91.06999969482422,46.70562744140625,1686800,ETR
2007-01-09,91.16999816894531,91.62000274658203,90.54000091552734,91.01000213623047,46.67485809326172,1029700,ETR
2007-01-10,90.83999633789062,92.08999633789062,90.83999633789062,91.95999908447266,47.16210174560547,676500,ETR
2007-01-11,92.05000305175781,92.95999908447266,91.8499984741211,91.87999725341797,47.12105178833008,1141800,ETR
2007-01-12,91.5999984741211,91.80000305175781,90.30999755859375,90.45999908447266,46.39277267456055,1156200,ETR
2007-01-16,90.44000244140625,90.94999694824219,90.26000213623047,90.70999908447266,46.52102279663086,1520500,ETR
2007-01-17,90.9000015258789,90.9000015258789,89.5999984741211,90.75,46.541534423828125,1562800,ETR
2007-01-18,90.9000015258789,91.01000213623047,90.3499984741211,90.44999694824219,46.38766860961914,1144000,ETR
2007-01-19,90.25,91.04000091552734,90.0,91.02999877929688,46.685115814208984,1123800,ETR
2007-01-22,91.3499984741211,92.47000122070312,90.88999938964844,92.12000274658203,47.244117736816406,1377000,ETR
2007-01-23,92.12000274658203,92.47000122070312,91.80000305175781,92.08999633789062,47.228736877441406,1024600,ETR
2007-01-24,91.88999938964844,92.45999908447266,91.80999755859375,92.44999694824219,47.41337203979492,669500,ETR
2007-01-25,92.58000183105469,92.77999877929688,91.77999877929688,91.81999969482422,47.09027862548828,727300,ETR
2007-01-26,91.58999633789062,92.0199966430664,91.22000122070312,91.87999725341797,47.12105178833008,617100,ETR
2007-01-29,91.5,92.22000122070312,91.5,92.16000366210938,47.264644622802734,948600,ETR
2007-01-30,92.54000091552734,93.0,92.16000366210938,92.58999633789062,47.48516845703125,1178900,ETR
2007-01-31,92.29000091552734,93.0,91.83999633789062,92.8499984741211,47.61850357055664,1267900,ETR
2007-02-01,92.5199966430664,94.7300033569336,92.44999694824219,94.62000274658203,48.526268005371094,2014300,ETR
2007-02-02,94.5,95.29000091552734,94.06999969482422,95.12999725341797,48.787811279296875,1514700,ETR
2007-02-05,94.9000015258789,98.12999725341797,94.69999694824219,97.69999694824219,50.10585021972656,3023700,ETR
2007-02-06,97.31999969482422,98.05999755859375,96.81999969482422,97.91999816894531,50.21868133544922,2095700,ETR
2007-02-07,97.38999938964844,98.04000091552734,96.91999816894531,97.91999816894531,50.497169494628906,1064500,ETR
2007-02-08,98.80000305175781,98.80000305175781,97.5999984741211,98.23999786376953,50.66218948364258,1207500,ETR
2007-02-09,98.4000015258789,99.0,97.75,98.12000274658203,50.60029602050781,925300,ETR
2007-02-12,97.9000015258789,98.66000366210938,97.5,97.91999816894531,50.497169494628906,1104300,ETR
2007-02-13,98.30000305175781,99.61000061035156,97.72000122070312,99.5199966430664,51.322265625,1305700,ETR
2007-02-14,99.58000183105469,100.38999938964844,99.51000213623047,99.94999694824219,51.54402542114258,1087500,ETR
2007-02-15,99.98999786376953,100.0,99.22000122070312,99.23999786376953,51.17787551879883,1299000,ETR
2007-02-16,99.4000015258789,99.66000366210938,98.87999725341797,99.66000366210938,51.394447326660156,1542500,ETR
2007-02-20,98.51000213623047,100.0,98.51000213623047,99.83000183105469,51.48215103149414,1114900,ETR
2007-02-21,99.6500015258789,99.80000305175781,98.69999694824219,99.62000274658203,51.37385177612305,1144600,ETR
2007-02-22,99.44000244140625,100.47000122070312,99.05999755859375,99.94000244140625,51.53886795043945,1032700,ETR
2007-02-23,99.94000244140625,101.3499984741211,99.6500015258789,100.94999694824219,52.059749603271484,1126400,ETR
2007-02-26,102.30999755859375,105.19999694824219,102.0,102.8499984741211,53.039546966552734,1373100,ETR
2007-02-27,102.1500015258789,102.55000305175781,97.86000061035156,98.56999969482422,50.83237838745117,1537100,ETR
2007-02-28,98.56999969482422,99.97000122070312,97.56999969482422,98.75,50.92519760131836,2154000,ETR
2007-03-01,98.75,98.91999816894531,96.83999633789062,98.55999755859375,50.82720947265625,1860900,ETR
2007-03-02,98.44000244140625,98.55999755859375,96.25,96.25,49.63594436645508,1502500,ETR
2007-03-05,95.5,96.83000183105469,95.18000030517578,95.58000183105469,49.29043960571289,1589300,ETR
2007-03-06,95.83000183105469,96.83000183105469,95.58000183105469,96.48999786376953,49.759708404541016,1618700,ETR
2007-03-07,95.94000244140625,97.5,95.87999725341797,96.55999755859375,49.795799255371094,1166400,ETR
2007-03-08,96.80999755859375,98.0,96.55999755859375,97.87999725341797,50.47654342651367,1596000,ETR
2007-03-09,98.06999969482422,98.55999755859375,97.33000183105469,97.83000183105469,50.45076370239258,1979500,ETR
2007-03-12,97.66999816894531,99.25,97.66999816894531,99.0999984741211,51.105674743652344,1004500,ETR
2007-03-13,99.73999786376953,100.55999755859375,98.45999908447266,98.55000305175781,50.82206726074219,2520900,ETR
2007-03-14,98.51000213623047,99.38999938964844,97.2699966430664,98.98999786376953,51.04896545410156,1836700,ETR
2007-03-15,98.91999816894531,100.4000015258789,98.41000366210938,100.12999725341797,51.63685607910156,2391100,ETR
2007-03-16,100.13999938964844,100.91000366210938,99.37000274658203,99.77999877929688,51.456356048583984,2315700,ETR
2007-03-19,100.02999877929688,100.97000122070312,99.61000061035156,100.6500015258789,51.904991149902344,1017200,ETR
2007-03-20,100.9000015258789,102.08999633789062,99.91999816894531,102.08999633789062,52.64761734008789,1278700,ETR
2007-03-21,101.72000122070312,104.5,101.02999877929688,104.16999816894531,53.72028732299805,1986600,ETR
2007-03-22,104.16999816894531,104.4800033569336,103.30999755859375,104.13999938964844,53.70478820800781,1864800,ETR
2007-03-23,104.30000305175781,104.41999816894531,103.62999725341797,104.05999755859375,53.66354751586914,1453600,ETR
2007-03-26,103.73999786376953,104.37000274658203,103.31999969482422,104.23999786376953,53.756370544433594,1720400,ETR
2007-03-27,103.75,104.98999786376953,103.66000366210938,104.68000030517578,53.9832649230957,1179300,ETR
2007-03-28,104.0999984741211,104.77999877929688,103.91000366210938,104.12000274658203,53.69449996948242,1091400,ETR
2007-03-29,104.9800033569336,105.26000213623047,104.0999984741211,105.16000366210938,54.2308349609375,1250800,ETR
2007-03-30,105.25,106.12999725341797,104.05999755859375,104.91999816894531,54.10703659057617,1720200,ETR
2007-04-02,105.79000091552734,107.76000213623047,104.87999725341797,107.63999938964844,55.5097541809082,1602000,ETR
2007-04-03,107.88999938964844,108.81999969482422,107.45999908447266,108.66000366210938,56.035762786865234,1707100,ETR
2007-04-04,108.81999969482422,109.4000015258789,107.86000061035156,108.47000122070312,55.93776321411133,1248800,ETR
2007-04-05,108.4800033569336,110.36000061035156,108.05999755859375,109.30000305175781,56.365821838378906,950200,ETR
2007-04-09,109.36000061035156,110.69000244140625,109.3499984741211,110.3499984741211,56.90728759765625,887100,ETR
2007-04-10,110.25,110.5999984741211,109.66000366210938,110.30000305175781,56.88148880004883,769100,ETR
2007-04-11,110.30000305175781,110.80999755859375,108.87999725341797,109.08999633789062,56.25750732421875,1309100,ETR
2007-04-12,109.0,109.05000305175781,107.54000091552734,108.6500015258789,56.03061294555664,1355700,ETR
2007-04-13,108.80000305175781,109.77999877929688,108.36000061035156,109.73999786376953,56.59272003173828,1289500,ETR
2007-04-16,109.98999786376953,111.22000122070312,109.55999755859375,111.12999725341797,57.30951690673828,1107000,ETR
2007-04-17,110.7699966430664,111.9800033569336,110.25,111.88999938964844,57.70146179199219,1352700,ETR
2007-04-18,111.79000091552734,113.16999816894531,111.3499984741211,112.86000061035156,58.2016716003418,1593700,ETR
2007-04-19,112.5999984741211,113.08999633789062,111.5199966430664,112.68000030517578,58.10886764526367,1668400,ETR
2007-04-20,113.69000244140625,114.0199966430664,112.80000305175781,113.9000015258789,58.738006591796875,1959300,ETR
2007-04-23,114.05999755859375,115.20999908447266,113.3499984741211,114.94999694824219,59.27949905395508,1186100,ETR
2007-04-24,114.51000213623047,115.55999755859375,114.19999694824219,115.29000091552734,59.4548225402832,1244000,ETR
2007-04-25,115.4000015258789,116.68000030517578,115.12000274658203,116.45999908447266,60.05821990966797,1036400,ETR
2007-04-26,117.79000091552734,117.79000091552734,114.95999908447266,115.0999984741211,59.35685348510742,1082600,ETR
2007-04-27,114.19999694824219,115.5999984741211,113.91000366210938,114.12000274658203,58.851470947265625,1225800,ETR
2007-04-30,114.54000091552734,115.33999633789062,113.13999938964844,113.13999938964844,58.3460693359375,1022100,ETR
2007-05-01,113.5999984741211,115.33000183105469,113.0,115.19999694824219,59.40842056274414,1688700,ETR
2007-05-02,115.25,116.33000183105469,115.06999969482422,116.05000305175781,59.84676742553711,691500,ETR
2007-05-03,116.30000305175781,116.91000366210938,115.62999725341797,116.44000244140625,60.04789352416992,1222100,ETR
2007-05-04,116.76000213623047,117.4800033569336,116.5,117.2699966430664,60.47590255737305,892600,ETR
2007-05-07,117.5199966430664,119.0999984741211,117.29000091552734,118.69999694824219,61.213375091552734,973400,ETR
2007-05-08,117.94999694824219,118.37000274658203,117.0,118.05999755859375,61.161563873291016,1155800,ETR
2007-05-09,117.91000366210938,118.5199966430664,117.44000244140625,118.5,61.38950729370117,989400,ETR
2007-05-10,118.0,118.69999694824219,117.79000091552734,117.79000091552734,61.02168655395508,1267100,ETR
2007-05-11,118.08999633789062,118.5999984741211,117.5,118.37000274658203,61.322147369384766,1128600,ETR
2007-05-14,117.98999786376953,119.16000366210938,117.98999786376953,118.52999877929688,61.40503692626953,649500,ETR
2007-05-15,118.80000305175781,120.47000122070312,118.5999984741211,119.08000183105469,61.68999099731445,922300,ETR
2007-05-16,119.5,119.87999725341797,118.76000213623047,119.5199966430664,61.91791534423828,993600,ETR
2007-05-17,119.0,119.4800033569336,118.47000122070312,118.69000244140625,61.4879264831543,699700,ETR
2007-05-18,118.93000030517578,119.05999755859375,117.7699966430664,118.2699966430664,61.27036666870117,1306400,ETR
2007-05-21,118.4000015258789,118.51000213623047,117.26000213623047,117.62000274658203,60.93363571166992,1450500,ETR
2007-05-22,117.69999694824219,117.8499984741211,115.9000015258789,116.01000213623047,60.09954833984375,1358800,ETR
2007-05-23,116.5199966430664,117.0,114.29000091552734,114.41000366210938,59.27064514160156,1178700,ETR
2007-05-24,114.41999816894531,114.4800033569336,110.87999725341797,110.94000244140625,57.472999572753906,1906300,ETR
2007-05-25,111.1500015258789,112.04000091552734,109.70999908447266,110.91000366210938,57.45749282836914,1275600,ETR
2007-05-29,111.36000061035156,113.12999725341797,111.36000061035156,111.87999725341797,57.9599723815918,1124800,ETR
2007-05-30,111.37999725341797,113.12000274658203,110.94000244140625,112.69999694824219,58.3847770690918,1374200,ETR
2007-05-31,112.69999694824219,113.4800033569336,112.20999908447266,112.9000015258789,58.4884033203125,1602200,ETR
2007-06-01,112.30999755859375,113.56999969482422,111.5,112.2699966430664,58.16201400756836,1182300,ETR
2007-06-04,112.0999984741211,112.12999725341797,110.30000305175781,111.72000122070312,57.8770866394043,1071800,ETR
2007-06-05,111.08999633789062,112.05999755859375,109.9800033569336,110.0,56.986026763916016,1608400,ETR
2007-06-06,109.97000122070312,109.97000122070312,108.19000244140625,108.77999877929688,56.354000091552734,1513500,ETR
2007-06-07,108.19000244140625,108.80999755859375,104.01000213623047,104.30999755859375,54.03831100463867,2916700,ETR
2007-06-08,104.30999755859375,107.66999816894531,104.0,106.80000305175781,55.32826232910156,2099300,ETR
2007-06-11,106.5,109.83000183105469,106.27999877929688,109.0,56.46798324584961,2028500,ETR
2007-06-12,108.5,109.16999816894531,107.72000122070312,108.05000305175781,55.9758415222168,2309000,ETR
2007-06-13,108.9800033569336,110.30999755859375,108.27999877929688,109.75,56.856536865234375,1331700,ETR
2007-06-14,109.69000244140625,110.87999725341797,109.19999694824219,110.36000061035156,57.17255783081055,1207200,ETR
2007-06-15,111.4000015258789,112.80999755859375,111.31999969482422,112.33999633789062,58.198280334472656,1463300,ETR
2007-06-18,112.48999786376953,112.80000305175781,110.5,110.69000244140625,57.34349060058594,992400,ETR
2007-06-19,110.18000030517578,110.55000305175781,108.91999816894531,109.1500015258789,56.545677185058594,2126100,ETR
2007-06-20,109.69000244140625,109.9000015258789,106.4800033569336,106.4800033569336,55.1624870300293,2769400,ETR
2007-06-21,106.11000061035156,108.91000366210938,105.9000015258789,108.2699966430664,56.08979034423828,1873400,ETR
2007-06-22,107.5199966430664,107.9000015258789,105.18000030517578,105.18000030517578,54.489009857177734,2926900,ETR
2007-06-25,105.12000274658203,107.86000061035156,105.0,107.12999725341797,55.49921798706055,2439400,ETR
2007-06-26,107.1500015258789,108.2300033569336,105.94999694824219,105.94999694824219,54.887916564941406,2291700,ETR
2007-06-27,104.91000366210938,107.18000030517578,104.36000061035156,107.16999816894531,55.51994705200195,1916300,ETR
2007-06-28,107.77999877929688,108.4800033569336,106.6500015258789,106.6500015258789,55.25056076049805,1690100,ETR
2007-06-29,106.87000274658203,107.83999633789062,106.0,107.3499984741211,55.61317825317383,1261100,ETR
2007-07-02,108.20999908447266,109.87000274658203,107.94999694824219,109.87000274658203,56.91869354248047,1175100,ETR
2007-07-03,109.5999984741211,110.5,107.97000122070312,108.87000274658203,56.400634765625,710800,ETR
2007-07-05,108.5,109.58999633789062,106.8499984741211,108.58000183105469,56.25040817260742,984000,ETR
2007-07-06,108.33000183105469,108.3499984741211,106.4800033569336,107.25,55.56138610839844,995100,ETR
2007-07-09,107.08000183105469,107.25,106.20999908447266,106.62000274658203,55.23501205444336,1505500,ETR
2007-07-10,105.9000015258789,106.69000244140625,103.91999816894531,103.91999816894531,53.836265563964844,2227700,ETR
2007-07-11,104.12999725341797,105.58999633789062,103.83999633789062,105.51000213623047,54.65995788574219,1397000,ETR
2007-07-12,105.5199966430664,108.5199966430664,105.51000213623047,108.5199966430664,56.21930694580078,1432900,ETR
2007-07-13,108.2300033569336,110.47000122070312,107.87000274658203,110.25,57.115543365478516,1037100,ETR
2007-07-16,108.55000305175781,110.08999633789062,107.91000366210938,107.91000366210938,55.903316497802734,1130100,ETR
2007-07-17,107.91000366210938,108.8499984741211,107.08000183105469,107.7699966430664,55.830780029296875,1351300,ETR
2007-07-18,107.7300033569336,109.66000366210938,107.0999984741211,109.41999816894531,56.68558120727539,1592000,ETR
2007-07-19,109.47000122070312,111.22000122070312,108.58999633789062,109.72000122070312,56.840980529785156,1838900,ETR
2007-07-20,111.4000015258789,111.4000015258789,106.5,106.76000213623047,55.307525634765625,2135500,ETR
2007-07-23,107.77999877929688,108.41999816894531,106.93000030517578,107.5999984741211,55.74271774291992,1316000,ETR
2007-07-24,109.31999969482422,109.31999969482422,102.80999755859375,102.8499984741211,53.28194808959961,1798200,ETR
2007-07-25,105.69000244140625,105.69000244140625,101.26000213623047,103.48999786376953,53.613494873046875,1922500,ETR
2007-07-26,101.5999984741211,102.41999816894531,98.0199966430664,99.51000213623047,51.5516357421875,4179700,ETR
2007-07-27,99.0999984741211,100.7699966430664,97.83999633789062,97.83999633789062,50.68649673461914,2098100,ETR
2007-07-30,97.83999633789062,99.08999633789062,96.05000305175781,98.4000015258789,50.97659683227539,1883200,ETR
2007-07-31,99.94999694824219,106.80000305175781,99.5,99.95999908447266,51.784751892089844,2803800,ETR
2007-08-01,101.63999938964844,102.56999969482422,98.9800033569336,101.19000244140625,52.4219856262207,2368300,ETR
2007-08-02,100.93000030517578,103.11000061035156,100.54000091552734,102.66000366210938,53.183502197265625,1752200,ETR
2007-08-03,102.18000030517578,103.66999816894531,98.55999755859375,98.55999755859375,51.05951690673828,2152400,ETR
2007-08-06,97.48999786376953,104.05999755859375,97.48999786376953,103.61000061035156,53.675662994384766,2556500,ETR
2007-08-07,102.37000274658203,105.41000366210938,102.01000213623047,104.41000366210938,54.090110778808594,2738500,ETR
2007-08-08,98.62999725341797,105.6500015258789,97.91999816894531,102.69999694824219,53.58917236328125,3006700,ETR
2007-08-09,102.69999694824219,102.69999694824219,97.16999816894531,98.58999633789062,51.4445686340332,2635300,ETR
2007-08-10,98.0999984741211,100.58999633789062,96.80999755859375,97.98999786376953,51.1314697265625,2779300,ETR
2007-08-13,98.38999938964844,101.08000183105469,98.02999877929688,100.0,52.18031311035156,1469500,ETR
2007-08-14,100.5,100.73999786376953,98.2300033569336,98.52999877929688,51.41324234008789,1443900,ETR
2007-08-15,98.86000061035156,101.87000274658203,95.75,95.9800033569336,50.08266067504883,1856500,ETR
2007-08-16,95.80000305175781,97.41999816894531,91.94000244140625,96.51000213623047,50.359222412109375,2940300,ETR
2007-08-17,100.30000305175781,104.13999938964844,94.97000122070312,99.83999633789062,52.096805572509766,2028800,ETR
2007-08-20,100.25,100.7300033569336,98.06999969482422,99.69000244140625,52.0185546875,1040400,ETR
2007-08-21,99.05000305175781,101.0,99.05000305175781,100.0,52.18031311035156,1380700,ETR
2007-08-22,101.16999816894531,102.58999633789062,100.4000015258789,102.33999633789062,53.40133285522461,1421900,ETR
2007-08-23,104.41999816894531,105.12000274658203,100.66000366210938,103.02999877929688,53.76140213012695,1291800,ETR
2007-08-24,103.27999877929688,105.29000091552734,101.76000213623047,105.11000061035156,54.84674072265625,1173000,ETR
2007-08-27,105.69999694824219,105.69999694824219,101.5,101.5199966430664,52.973445892333984,1937500,ETR
2007-08-28,100.86000061035156,101.7699966430664,99.0,99.23999786376953,51.783714294433594,1790000,ETR
2007-08-29,100.1500015258789,103.05999755859375,99.95999908447266,102.91999816894531,53.7039680480957,1389900,ETR
2007-08-30,101.80000305175781,103.48999786376953,101.68000030517578,102.38999938964844,53.427433013916016,1149100,ETR
2007-08-31,103.16000366210938,104.44999694824219,101.94000244140625,103.62000274658203,54.06924819946289,1661300,ETR
2007-09-04,104.38999938964844,106.12000274658203,103.37999725341797,105.26000213623047,54.925010681152344,1388900,ETR
2007-09-05,104.19000244140625,104.5,103.01000213623047,103.83000183105469,54.17880630493164,1303800,ETR
2007-09-06,102.12000274658203,106.47000122070312,102.12000274658203,106.29000091552734,55.46247100830078,1217000,ETR
2007-09-07,104.80000305175781,105.72000122070312,103.7300033569336,104.44000244140625,54.49711608886719,1240800,ETR
2007-09-10,105.08000183105469,105.33000183105469,103.37999725341797,104.23999786376953,54.39275360107422,920600,ETR
2007-09-11,104.45999908447266,104.9000015258789,103.0999984741211,104.9000015258789,54.73713302612305,905700,ETR
2007-09-12,104.81999969482422,105.68000030517578,104.30999755859375,105.12000274658203,54.851951599121094,1477900,ETR
2007-09-13,106.19999694824219,106.27999877929688,104.83000183105469,105.45999908447266,55.02935028076172,1349200,ETR
2007-09-14,105.30000305175781,106.22000122070312,104.5199966430664,105.69999694824219,55.15458297729492,1102000,ETR
2007-09-17,105.27999877929688,105.76000213623047,104.62999725341797,105.11000061035156,54.84674072265625,720100,ETR
2007-09-18,105.41999816894531,108.97000122070312,105.41999816894531,106.98999786376953,55.82769775390625,1678900,ETR
2007-09-19,107.81999969482422,109.58999633789062,107.30999755859375,109.19000244140625,56.97569274902344,1159900,ETR
2007-09-20,108.80999755859375,109.81999969482422,108.51000213623047,108.80000305175781,56.77217102050781,654900,ETR
2007-09-21,109.4800033569336,110.37999725341797,108.80000305175781,109.58999633789062,57.184391021728516,1468000,ETR
2007-09-24,109.23999786376953,110.76000213623047,109.23999786376953,109.5999984741211,57.18962097167969,690200,ETR
2007-09-25,109.05000305175781,110.48999786376953,108.86000061035156,109.7699966430664,57.2783317565918,827300,ETR
2007-09-26,109.4800033569336,111.23999786376953,108.55000305175781,110.95999908447266,57.899269104003906,813500,ETR
2007-09-27,109.23999786376953,111.94999694824219,109.23999786376953,110.55000305175781,57.685325622558594,1078800,ETR
2007-09-28,110.69000244140625,111.06999969482422,108.0,108.29000091552734,56.50606918334961,1033500,ETR
2007-10-01,108.81999969482422,110.33999633789062,108.20999908447266,110.33999633789062,57.57574462890625,690700,ETR
2007-10-02,110.25,110.4800033569336,109.16999816894531,109.76000213623047,57.27312469482422,897900,ETR
2007-10-03,109.33000183105469,110.97000122070312,109.05000305175781,110.58999633789062,57.706199645996094,1206700,ETR
2007-10-04,110.73999786376953,113.05000305175781,109.63999938964844,112.69999694824219,58.80719757080078,1064900,ETR
2007-10-05,113.52999877929688,115.19999694824219,112.88999938964844,114.58999633789062,59.793426513671875,1435300,ETR
2007-10-08,114.5999984741211,115.05000305175781,113.08000183105469,113.75,59.3551139831543,525900,ETR
2007-10-09,115.41000366210938,117.0,113.83999633789062,115.98999786376953,60.52394485473633,1273400,ETR
2007-10-10,115.55000305175781,115.95999908447266,114.47000122070312,115.01000213623047,60.0125732421875,752700,ETR
2007-10-11,115.83999633789062,116.33999633789062,114.16999816894531,114.8499984741211,59.9290771484375,1237800,ETR
2007-10-12,114.8499984741211,116.12000274658203,114.25,115.41999816894531,60.226539611816406,882900,ETR
2007-10-15,115.5999984741211,115.87999725341797,113.29000091552734,114.12000274658203,59.54818344116211,1653800,ETR
2007-10-16,113.9800033569336,114.88999938964844,113.4000015258789,113.83000183105469,59.39683151245117,905400,ETR
2007-10-17,115.0199966430664,115.19999694824219,112.44000244140625,113.66000366210938,59.30814743041992,1237600,ETR
2007-10-18,113.44999694824219,114.94999694824219,112.5,114.73999786376953,59.87168502807617,894300,ETR
2007-10-19,113.98999786376953,115.13999938964844,112.13999938964844,112.19000244140625,58.541099548339844,1435400,ETR
2007-10-22,111.36000061035156,114.81999969482422,111.12000274658203,113.54000091552734,59.24552917480469,1343400,ETR
2007-10-23,114.0,114.2300033569336,112.80999755859375,113.45999908447266,59.20378875732422,996900,ETR
2007-10-24,112.58000183105469,115.0,112.5,114.8499984741211,59.9290771484375,1394200,ETR
2007-10-25,115.16999816894531,118.0,114.69999694824219,117.77999877929688,61.457969665527344,2299700,ETR
2007-10-26,119.18000030517578,119.66000366210938,118.13999938964844,119.48999786376953,62.350257873535156,1835500,ETR
2007-10-29,119.5,120.86000061035156,119.3499984741211,119.69999694824219,62.45983123779297,1541400,ETR
2007-10-30,119.30000305175781,120.66999816894531,118.76000213623047,119.58999633789062,62.40242385864258,1016200,ETR
2007-10-31,120.5999984741211,120.88999938964844,118.75,119.87000274658203,62.548526763916016,1279000,ETR
2007-11-01,119.25,119.62999725341797,117.87000274658203,117.95999908447266,61.55190658569336,2159700,ETR
2007-11-02,117.98999786376953,119.4000015258789,117.26000213623047,118.69000244140625,61.93280029296875,1918000,ETR
2007-11-05,121.0,125.0,120.5,124.1500015258789,64.7818603515625,3340400,ETR
2007-11-06,120.2699966430664,123.87999725341797,120.2699966430664,123.54000091552734,64.46356201171875,2494900,ETR
2007-11-07,122.33999633789062,122.56999969482422,120.36000061035156,120.37999725341797,63.19832992553711,2304500,ETR
2007-11-08,120.97000122070312,122.93000030517578,120.0,122.20999908447266,64.15907287597656,2339100,ETR
2007-11-09,120.83999633789062,122.77999877929688,119.36000061035156,119.45999908447266,62.71533966064453,2635400,ETR
2007-11-12,117.68000030517578,119.30000305175781,115.44000244140625,115.9800033569336,60.88840103149414,2973200,ETR
2007-11-13,115.97000122070312,117.6500015258789,115.76000213623047,117.6500015258789,61.765113830566406,2048000,ETR
2007-11-14,118.12999725341797,118.87999725341797,117.0199966430664,117.69999694824219,61.791351318359375,1526000,ETR
2007-11-15,117.70999908447266,118.9000015258789,116.0,118.33999633789062,62.12735366821289,1974400,ETR
2007-11-16,119.63999938964844,119.73999786376953,116.25,117.69999694824219,61.791351318359375,3054700,ETR
2007-11-19,117.19000244140625,118.48999786376953,117.12999725341797,118.11000061035156,62.00659942626953,2155900,ETR
2007-11-20,118.54000091552734,119.55999755859375,117.83999633789062,119.13999938964844,62.547340393066406,1527700,ETR
2007-11-21,119.05000305175781,119.12999725341797,115.22000122070312,115.30999755859375,60.5366325378418,1983500,ETR
2007-11-23,116.3499984741211,116.3499984741211,114.0999984741211,115.12999725341797,60.442138671875,708100,ETR
2007-11-26,115.37000274658203,116.55999755859375,114.04000091552734,114.44000244140625,60.07988357543945,2078500,ETR
2007-11-27,114.93000030517578,116.55999755859375,114.72000122070312,116.30999755859375,61.061614990234375,2107100,ETR
2007-11-28,117.0,118.70999908447266,116.18000030517578,118.70999908447266,62.321617126464844,1862500,ETR
2007-11-29,117.94000244140625,118.80999755859375,117.33999633789062,118.41999816894531,62.169349670410156,1361100,ETR
2007-11-30,118.05999755859375,119.7699966430664,118.05999755859375,119.54000091552734,62.75733184814453,2009500,ETR
2007-12-03,120.0,120.68000030517578,119.31999969482422,119.69000244140625,62.836055755615234,1475500,ETR
2007-12-04,119.20999908447266,121.0999984741211,119.01000213623047,120.06999969482422,63.03558349609375,1450400,ETR
2007-12-05,121.43000030517578,122.5999984741211,120.13999938964844,122.36000061035156,64.23779296875,1387500,ETR
2007-12-06,122.31999969482422,122.56999969482422,120.62000274658203,122.56999969482422,64.34803771972656,822800,ETR
2007-12-07,123.04000091552734,123.38999938964844,120.93000030517578,122.45999908447266,64.29032897949219,989200,ETR
2007-12-10,122.55999755859375,122.63999938964844,121.2300033569336,121.66000366210938,63.87031173706055,993400,ETR
2007-12-11,121.5999984741211,122.44999694824219,118.76000213623047,118.76000213623047,62.34787368774414,1247900,ETR
2007-12-12,121.66000366210938,122.12000274658203,116.47000122070312,117.80999755859375,61.84910583496094,2945300,ETR
2007-12-13,117.16999816894531,120.04000091552734,116.76000213623047,120.04000091552734,63.01983642578125,1392300,ETR
2007-12-14,120.48999786376953,120.48999786376953,116.80999755859375,116.87000274658203,61.35560989379883,1273700,ETR
2007-12-17,116.55999755859375,116.86000061035156,114.73999786376953,115.30000305175781,60.53135681152344,1554700,ETR
2007-12-18,116.4000015258789,117.5999984741211,115.98999786376953,117.29000091552734,61.57612228393555,1029800,ETR
2007-12-19,117.54000091552734,118.31999969482422,116.30000305175781,116.5999984741211,61.21384811401367,1127100,ETR
2007-12-20,117.22000122070312,119.01000213623047,116.54000091552734,118.81999969482422,62.37934875488281,1310300,ETR
2007-12-21,120.23999786376953,121.3499984741211,119.66000366210938,120.05999755859375,63.030338287353516,1809000,ETR
2007-12-24,120.51000213623047,120.93000030517578,119.83999633789062,120.05000305175781,63.02507400512695,249700,ETR
2007-12-26,119.93000030517578,120.23999786376953,119.08999633789062,119.31999969482422,62.641841888427734,375400,ETR
2007-12-27,119.11000061035156,120.88999938964844,118.80000305175781,118.91000366210938,62.42658996582031,905000,ETR
2007-12-28,120.16999816894531,120.97000122070312,119.08000183105469,120.73999786376953,63.38733673095703,879800,ETR
2007-12-31,120.05999755859375,120.66999816894531,118.63999938964844,119.5199966430664,62.74680709838867,754200,ETR
2008-01-02,119.2699966430664,120.4000015258789,116.80999755859375,117.04000091552734,61.44487762451172,1420200,ETR
2008-01-03,117.62000274658203,119.2699966430664,117.45999908447266,117.98999786376953,61.9435920715332,1006300,ETR
2008-01-04,117.11000061035156,119.80000305175781,117.11000061035156,118.69999694824219,62.316349029541016,1460500,ETR
2008-01-07,119.5199966430664,123.54000091552734,119.30000305175781,123.37000274658203,64.76805114746094,2068700,ETR
2008-01-08,123.52999877929688,127.4800033569336,123.47000122070312,124.88999938964844,65.56602478027344,4442100,ETR
2008-01-09,124.30999755859375,126.06999969482422,123.88999938964844,126.06999969482422,66.18553924560547,1650900,ETR
2008-01-10,124.87999725341797,126.19999694824219,121.83000183105469,124.30999755859375,65.26153564453125,2443500,ETR
2008-01-11,121.5,125.12999725341797,121.01000213623047,124.38999938964844,65.30352020263672,2134600,ETR
2008-01-14,125.41999816894531,126.30999755859375,122.9800033569336,123.0999984741211,64.62629699707031,2200000,ETR
2008-01-15,121.81999969482422,123.58000183105469,119.91999816894531,119.91999816894531,62.95684051513672,2271400,ETR
2008-01-16,120.0,121.18000030517578,117.83000183105469,118.37000274658203,62.14310073852539,1808600,ETR
2008-01-17,118.48999786376953,118.48999786376953,111.83000183105469,112.19999694824219,58.90391540527344,3491800,ETR
2008-01-18,113.19000244140625,121.97000122070312,110.12000274658203,111.25,58.40517807006836,2925600,ETR
2008-01-22,106.4800033569336,109.08000183105469,103.25,107.23999786376953,56.299964904785156,3688600,ETR
2008-01-23,104.30999755859375,111.69999694824219,99.44999694824219,111.66999816894531,58.62568283081055,2811900,ETR
2008-01-24,111.5,111.62000274658203,107.91999816894531,108.19999694824219,56.80396270751953,2211000,ETR
2008-01-25,109.45999908447266,110.87999725341797,106.0,106.33000183105469,55.82222366333008,2944500,ETR
2008-01-28,106.31999969482422,108.26000213623047,105.18000030517578,106.94000244140625,56.14246368408203,1555100,ETR
2008-01-29,106.9000015258789,108.44999694824219,105.25,106.33999633789062,55.827476501464844,2362000,ETR
2008-01-30,106.75,107.52999877929688,104.44999694824219,104.79000091552734,55.013729095458984,3363200,ETR
2008-01-31,104.44000244140625,108.86000061035156,102.83999633789062,108.18000030517578,56.7934455871582,2662300,ETR
2008-02-01,108.36000061035156,109.87999725341797,107.26000213623047,109.56999969482422,57.5231819152832,1471200,ETR
2008-02-04,110.0999984741211,112.66000366210938,108.87000274658203,111.76000213623047,58.67291259765625,1676700,ETR
2008-02-05,110.0199966430664,111.01000213623047,105.9800033569336,105.9800033569336,55.63848114013672,1915800,ETR
2008-02-06,106.91999816894531,107.37999725341797,103.86000061035156,104.56999969482422,55.28953170776367,2693900,ETR
2008-02-07,103.79000091552734,106.05000305175781,103.30000305175781,105.36000061035156,55.70721435546875,1897700,ETR
2008-02-08,104.4800033569336,105.33999633789062,103.55999755859375,104.30000305175781,55.146732330322266,1391000,ETR
2008-02-11,104.25,107.08000183105469,103.80999755859375,106.94999694824219,56.547889709472656,1833200,ETR
2008-02-12,106.94999694824219,109.29000091552734,106.91999816894531,107.77999877929688,56.98674774169922,1848900,ETR
2008-02-13,108.81999969482422,109.9000015258789,108.04000091552734,108.86000061035156,57.557796478271484,1894000,ETR
2008-02-14,108.86000061035156,109.86000061035156,106.05000305175781,106.56999969482422,56.34697341918945,1750400,ETR
2008-02-15,106.29000091552734,107.37000274658203,105.41000366210938,106.48999786376953,56.3046760559082,1818600,ETR
2008-02-19,107.5,107.58000183105469,105.33999633789062,106.01000213623047,56.050865173339844,1282800,ETR
2008-02-20,106.04000091552734,106.61000061035156,104.22000122070312,106.26000213623047,56.18305969238281,1193700,ETR
2008-02-21,106.44999694824219,106.80000305175781,103.43000030517578,103.77999877929688,54.87179183959961,1308800,ETR
2008-02-22,104.41000366210938,104.61000061035156,102.68000030517578,104.5,55.25251388549805,1901200,ETR
2008-02-25,104.79000091552734,105.11000061035156,103.04000091552734,104.41000366210938,55.20493698120117,2100000,ETR
2008-02-26,104.11000061035156,106.41000366210938,103.52999877929688,106.41000366210938,56.26238250732422,1502100,ETR
2008-02-27,106.04000091552734,106.5999984741211,103.19999694824219,103.56999969482422,54.76076889038086,1810000,ETR
2008-02-28,103.01000213623047,104.69999694824219,102.08999633789062,104.37000274658203,55.183773040771484,1689300,ETR
2008-02-29,103.44000244140625,106.08000183105469,101.95999908447266,102.73999786376953,54.321937561035156,2258200,ETR
2008-03-03,103.0,105.79000091552734,102.83999633789062,105.44999694824219,55.754798889160156,2528000,ETR
2008-03-04,104.4000015258789,108.55000305175781,104.4000015258789,108.47000122070312,57.351566314697266,2646500,ETR
2008-03-05,108.5,110.33000183105469,107.5999984741211,108.95999908447266,57.61064529418945,2397800,ETR
2008-03-06,108.86000061035156,109.0999984741211,106.72000122070312,106.80999755859375,56.473873138427734,1596500,ETR
2008-03-07,106.18000030517578,106.38999938964844,104.5199966430664,105.4800033569336,55.770652770996094,1637400,ETR
2008-03-10,105.41000366210938,105.9000015258789,103.86000061035156,104.77999877929688,55.40053176879883,1238400,ETR
2008-03-11,106.93000030517578,108.5,106.08999633789062,108.43000030517578,57.330421447753906,1641600,ETR
2008-03-12,108.5,110.08000183105469,107.69000244140625,107.9000015258789,57.05018997192383,1841300,ETR
2008-03-13,106.5999984741211,109.3499984741211,105.80000305175781,108.93000030517578,57.59478759765625,1547500,ETR
2008-03-14,109.5,109.5,105.38999938964844,107.30000305175781,56.73295974731445,2165600,ETR
2008-03-17,105.5199966430664,107.70999908447266,104.8499984741211,106.86000061035156,56.50032424926758,1668500,ETR
2008-03-18,109.37000274658203,109.37000274658203,105.0999984741211,107.27999877929688,56.722381591796875,2272000,ETR
2008-03-19,108.48999786376953,109.0,104.83000183105469,104.83000183105469,55.426971435546875,1691900,ETR
2008-03-20,105.5,105.73999786376953,103.25,105.55000305175781,55.807674407958984,2005500,ETR
2008-03-24,105.80000305175781,107.27999877929688,103.75,104.63999938964844,55.3265266418457,1298000,ETR
2008-03-25,104.63999938964844,105.97000122070312,103.88999938964844,105.05000305175781,55.54328536987305,1795400,ETR
2008-03-26,104.47000122070312,107.08000183105469,104.27999877929688,106.5199966430664,56.32054138183594,1281400,ETR
2008-03-27,106.97000122070312,109.36000061035156,106.97000122070312,108.37999725341797,57.30397033691406,1683400,ETR
2008-03-28,109.02999877929688,110.0,107.80000305175781,108.05999755859375,57.13478088378906,1225600,ETR
2008-03-31,108.43000030517578,109.27999877929688,107.62000274658203,109.08000183105469,57.67410659790039,1194700,ETR
2008-04-01,109.45999908447266,110.69999694824219,108.33000183105469,110.4000015258789,58.37202072143555,1351500,ETR
2008-04-02,110.56999969482422,111.5,110.0999984741211,110.83000183105469,58.59933090209961,938500,ETR
2008-04-03,110.7300033569336,112.08999633789062,110.05000305175781,111.37999725341797,58.89016342163086,1444800,ETR
2008-04-04,111.33000183105469,113.56999969482422,111.04000091552734,111.3499984741211,58.874298095703125,1467800,ETR
2008-04-07,111.73999786376953,111.73999786376953,109.73999786376953,110.36000061035156,58.35087203979492,1073500,ETR
2008-04-08,109.80000305175781,112.31999969482422,109.51000213623047,111.98999786376953,59.21269989013672,1192700,ETR
2008-04-09,111.83000183105469,112.88999938964844,110.83000183105469,111.5,58.95362091064453,1345300,ETR
2008-04-10,110.87000274658203,111.52999877929688,108.36000061035156,108.68000030517578,57.46260070800781,2528400,ETR
2008-04-11,108.08000183105469,110.04000091552734,107.94000244140625,109.19000244140625,57.73225402832031,994500,ETR
2008-04-14,109.01000213623047,109.69999694824219,108.1500015258789,109.27999877929688,57.779823303222656,909600,ETR
2008-04-15,109.55000305175781,109.8499984741211,108.29000091552734,109.3499984741211,57.816837310791016,821400,ETR
2008-04-16,110.5,112.80000305175781,109.79000091552734,112.68000030517578,59.57753372192383,1407900,ETR
2008-04-17,112.51000213623047,114.55999755859375,112.30000305175781,114.29000091552734,60.42878723144531,1428900,ETR
2008-04-18,114.05000305175781,115.4000015258789,113.19000244140625,113.86000061035156,60.201438903808594,1464600,ETR
2008-04-21,113.45999908447266,114.13999938964844,112.33000183105469,114.08999633789062,60.323020935058594,1401900,ETR
2008-04-22,114.08000183105469,115.91999816894531,113.41000366210938,115.62999725341797,61.13728713989258,1604300,ETR
2008-04-23,115.8499984741211,117.37000274658203,115.2699966430664,115.91999816894531,61.290626525878906,1610500,ETR
2008-04-24,115.62999725341797,116.41999816894531,113.20999908447266,113.72000122070312,60.127403259277344,1340500,ETR
2008-04-25,117.75,117.75,112.95999908447266,113.20999908447266,59.857749938964844,1493000,ETR
2008-04-28,113.16000366210938,113.4000015258789,111.63999938964844,112.54000091552734,59.503509521484375,1450200,ETR
2008-04-29,112.76000213623047,112.77999877929688,111.01000213623047,112.0199966430664,59.22856521606445,1776400,ETR
2008-04-30,112.0199966430664,114.9800033569336,111.80000305175781,114.86000061035156,60.73013687133789,2239100,ETR
2008-05-01,114.47000122070312,115.61000061035156,113.31999969482422,114.0,60.27543258666992,1838400,ETR
2008-05-02,114.77999877929688,116.70999908447266,114.44999694824219,115.8499984741211,61.25360870361328,1288600,ETR
2008-05-05,115.45999908447266,115.80000305175781,114.0199966430664,114.72000122070312,60.6561393737793,1181300,ETR
2008-05-06,114.02999877929688,115.37999725341797,113.0999984741211,115.19000244140625,60.904659271240234,973900,ETR
2008-05-07,115.0199966430664,115.0199966430664,112.37000274658203,112.62000274658203,59.93603515625,1085200,ETR
2008-05-08,113.38999938964844,114.86000061035156,112.4800033569336,113.80000305175781,60.564048767089844,917100,ETR
2008-05-09,113.37000274658203,115.5999984741211,110.97000122070312,114.31999969482422,60.840763092041016,861900,ETR
2008-05-12,114.3499984741211,115.79000091552734,113.94000244140625,115.69999694824219,61.575191497802734,887900,ETR
2008-05-13,115.69999694824219,116.0,113.77999877929688,115.45999908447266,61.4474983215332,1367000,ETR
2008-05-14,115.2300033569336,116.44999694824219,114.55000305175781,116.33999633789062,61.91579818725586,1122400,ETR
2008-05-15,115.81999969482422,119.45999908447266,115.04000091552734,118.1500015258789,62.87910079956055,2876100,ETR
2008-05-16,117.41000366210938,119.25,117.0,119.0999984741211,63.38468933105469,2016700,ETR
2008-05-19,119.22000122070312,121.69000244140625,118.08000183105469,121.01000213623047,64.40117645263672,2284400,ETR
2008-05-20,120.44999694824219,122.37999725341797,120.44000244140625,121.88999938964844,64.86951446533203,2307000,ETR
2008-05-21,121.63999938964844,123.2699966430664,119.9000015258789,120.04000091552734,63.884952545166016,2312800,ETR
2008-05-22,120.19000244140625,122.2699966430664,119.62000274658203,122.01000213623047,64.9333724975586,1770400,ETR
2008-05-23,121.76000213623047,122.02999877929688,120.0,120.37999725341797,64.06587982177734,2168200,ETR
2008-05-27,119.95999908447266,122.20999908447266,119.94000244140625,121.81999969482422,64.83226013183594,1046000,ETR
2008-05-28,122.3499984741211,122.98999786376953,120.27999877929688,121.05999755859375,64.42778015136719,988400,ETR
2008-05-29,121.08000183105469,122.0199966430664,119.9800033569336,120.80999755859375,64.29473114013672,1273400,ETR
2008-05-30,120.66000366210938,121.5199966430664,119.68000030517578,120.7699966430664,64.27342987060547,1127000,ETR
2008-06-02,120.0,120.94000244140625,119.30000305175781,120.0,63.863643646240234,1136700,ETR
2008-06-03,120.63999938964844,121.08999633789062,116.83999633789062,117.1500015258789,62.34688949584961,2159400,ETR
2008-06-04,117.29000091552734,119.5199966430664,117.19999694824219,119.30000305175781,63.491127014160156,1750000,ETR
2008-06-05,119.47000122070312,119.83999633789062,118.26000213623047,119.83999633789062,63.77850341796875,1475200,ETR
2008-06-06,119.26000213623047,119.62999725341797,117.44999694824219,117.76000213623047,62.67155838012695,1790200,ETR
2008-06-09,118.0,120.91000366210938,117.8499984741211,120.26000213623047,64.00203704833984,902100,ETR
2008-06-10,119.4000015258789,121.83000183105469,118.87000274658203,121.51000213623047,64.66728210449219,2114100,ETR
2008-06-11,120.87000274658203,121.36000061035156,118.43000030517578,118.5,63.06537628173828,1775200,ETR
2008-06-12,118.5,119.66000366210938,118.18000030517578,118.86000061035156,63.25695037841797,1158200,ETR
2008-06-13,119.8499984741211,122.22000122070312,119.37999725341797,121.20999908447266,64.50758361816406,1560600,ETR
2008-06-16,120.68000030517578,121.19000244140625,119.30000305175781,121.0199966430664,64.406494140625,708000,ETR
2008-06-17,121.1500015258789,121.8499984741211,119.69999694824219,120.02999877929688,63.879642486572266,881900,ETR
2008-06-18,119.72000122070312,122.0,119.44999694824219,121.4000015258789,64.60871887207031,1382100,ETR
2008-06-19,120.47000122070312,122.5,120.13999938964844,122.1500015258789,65.00785827636719,2092000,ETR
2008-06-20,121.8499984741211,122.25,119.91999816894531,120.9800033569336,64.38520812988281,1715300,ETR
2008-06-23,121.56999969482422,123.13999938964844,121.01000213623047,122.83999633789062,65.3750991821289,1735200,ETR
2008-06-24,122.62999725341797,122.80000305175781,121.41000366210938,121.6500015258789,64.74179077148438,1390700,ETR
2008-06-25,121.86000061035156,122.66999816894531,121.18000030517578,122.19999694824219,65.03447723388672,1033700,ETR
2008-06-26,119.04000091552734,121.29000091552734,117.52999877929688,117.87999725341797,62.73541259765625,2357100,ETR
2008-06-27,118.02999877929688,118.91000366210938,116.47000122070312,117.72000122070312,62.65024185180664,2495300,ETR
2008-06-30,117.66000366210938,121.08999633789062,117.05999755859375,120.4800033569336,64.1191177368164,2328300,ETR
2008-07-01,119.45999908447266,122.23999786376953,118.52999877929688,121.22000122070312,64.51293182373047,2122300,ETR
2008-07-02,121.48999786376953,122.87999725341797,120.98999786376953,120.98999786376953,64.39051818847656,1454000,ETR
2008-07-03,121.75,122.19999694824219,120.02999877929688,120.5,64.12976837158203,893200,ETR
2008-07-07,120.83000183105469,121.66000366210938,118.31999969482422,119.62000274658203,63.661399841308594,1108500,ETR
2008-07-08,119.68000030517578,120.68000030517578,117.19000244140625,118.58999633789062,63.11328887939453,1954500,ETR
2008-07-09,119.0999984741211,122.51000213623047,119.08000183105469,121.55000305175781,64.68853759765625,1759000,ETR
2008-07-10,121.91999816894531,122.13999938964844,120.98999786376953,121.9800033569336,64.91739654541016,1203200,ETR
2008-07-11,120.87999725341797,121.29000091552734,119.16999816894531,119.70999908447266,63.70932388305664,1852200,ETR
2008-07-14,120.88999938964844,120.88999938964844,118.44999694824219,118.7300033569336,63.18777084350586,1148000,ETR
2008-07-15,117.7300033569336,118.80000305175781,116.5,118.27999877929688,62.94830322265625,2127900,ETR
2008-07-16,118.18000030517578,118.94000244140625,114.94000244140625,115.61000061035156,61.527320861816406,1875600,ETR
2008-07-17,110.4000015258789,115.1500015258789,109.06999969482422,110.66000366210938,58.89292907714844,2650900,ETR
2008-07-18,113.41999816894531,115.7699966430664,110.12000274658203,110.5999984741211,58.86100387573242,3058900,ETR
2008-07-21,111.16999816894531,113.37999725341797,110.12000274658203,113.0199966430664,60.14894104003906,2385000,ETR
2008-07-22,112.13999938964844,114.7699966430664,111.37000274658203,112.41000366210938,59.82427978515625,1870500,ETR
2008-07-23,112.30999755859375,112.30999755859375,107.3499984741211,108.31999969482422,57.6475944519043,2423800,ETR
2008-07-24,107.30000305175781,108.3499984741211,104.2699966430664,106.44999694824219,56.652381896972656,2744500,ETR
2008-07-25,106.76000213623047,107.93000030517578,105.22000122070312,107.01000213623047,56.9504280090332,2123300,ETR
2008-07-28,106.16999816894531,108.80000305175781,106.16999816894531,106.87000274658203,56.87593078613281,1178300,ETR
2008-07-29,105.80000305175781,110.30000305175781,105.77999877929688,109.58999633789062,58.3234977722168,1578900,ETR
2008-07-30,109.33999633789062,110.4800033569336,108.7699966430664,110.18000030517578,58.63747024536133,2284200,ETR
2008-07-31,109.30000305175781,110.19000244140625,106.62000274658203,106.91999816894531,56.90251541137695,1640900,ETR
2008-08-01,107.16999816894531,108.04000091552734,103.87999725341797,104.12000274658203,55.412357330322266,2358200,ETR
2008-08-04,104.75,106.05000305175781,102.80999755859375,102.83000183105469,54.725830078125,2869900,ETR
2008-08-05,103.68000030517578,105.66000366210938,101.97000122070312,103.9000015258789,55.29528045654297,1953400,ETR
2008-08-06,103.4000015258789,105.69999694824219,103.0999984741211,103.68000030517578,55.57940673828125,1082400,ETR
2008-08-07,103.4000015258789,105.37999725341797,102.18000030517578,103.23999786376953,55.343528747558594,1250800,ETR
2008-08-08,104.2300033569336,104.2300033569336,101.66999816894531,102.05000305175781,54.70561599731445,1628500,ETR
2008-08-11,102.0999984741211,103.80999755859375,101.20999908447266,102.69999694824219,55.05405044555664,1500200,ETR
2008-08-12,102.6500015258789,102.66999816894531,99.25,99.58999633789062,53.38687515258789,1679400,ETR
2008-08-13,99.45999908447266,101.08000183105469,99.30000305175781,100.86000061035156,54.06770324707031,2091600,ETR
2008-08-14,100.41999816894531,100.41999816894531,98.81999969482422,98.87999725341797,53.00629425048828,1726400,ETR
2008-08-15,99.0199966430664,100.88999938964844,98.0999984741211,100.55000305175781,53.90150451660156,2423900,ETR
2008-08-18,100.80000305175781,101.1500015258789,99.38999938964844,99.9800033569336,53.5959587097168,1160500,ETR
2008-08-19,99.36000061035156,100.62000274658203,99.36000061035156,99.83999633789062,53.52090072631836,1430400,ETR
2008-08-20,99.48999786376953,101.08000183105469,99.23999786376953,100.9000015258789,54.08913040161133,1205900,ETR
2008-08-21,100.56999969482422,103.55000305175781,100.31999969482422,103.0999984741211,55.268497467041016,1688400,ETR
2008-08-22,103.3499984741211,103.62999725341797,102.08000183105469,102.5,54.94683837890625,861800,ETR
2008-08-25,102.02999877929688,103.31999969482422,101.58000183105469,102.87000274658203,55.145179748535156,1149100,ETR
2008-08-26,103.02999877929688,106.5999984741211,102.81999969482422,106.11000061035156,56.882022857666016,2252800,ETR
2008-08-27,106.33999633789062,106.98999786376953,105.66000366210938,106.3499984741211,57.0107307434082,954300,ETR
2008-08-28,106.7699966430664,106.98999786376953,104.94999694824219,106.20999908447266,56.93563461303711,806200,ETR
2008-08-29,105.91999816894531,106.26000213623047,103.11000061035156,103.38999938964844,55.4239387512207,1228400,ETR
2008-09-02,104.01000213623047,105.2699966430664,99.7699966430664,100.12000274658203,53.6710090637207,2680300,ETR
2008-09-03,100.62999725341797,100.95999908447266,98.26000213623047,99.58999633789062,53.38687515258789,2091200,ETR
2008-09-04,99.33999633789062,100.33000183105469,97.72000122070312,98.86000061035156,52.99554443359375,1679200,ETR
2008-09-05,98.2699966430664,100.54000091552734,96.31999969482422,96.8499984741211,51.91807174682617,2451300,ETR
2008-09-08,98.72000122070312,99.05999755859375,96.48999786376953,97.66000366210938,52.3522834777832,2291900,ETR
2008-09-09,98.83000183105469,102.87000274658203,94.0999984741211,94.69999694824219,50.76551818847656,3287800,ETR
2008-09-10,95.20999908447266,96.9000015258789,94.86000061035156,95.9000015258789,51.40879821777344,1375700,ETR
2008-09-11,95.25,98.11000061035156,93.44999694824219,97.94999694824219,52.50773620605469,2019600,ETR
2008-09-12,97.62000274658203,101.1500015258789,97.33000183105469,100.5999984741211,53.928306579589844,1536300,ETR
2008-09-15,97.4800033569336,99.23999786376953,96.62999725341797,96.73999786376953,51.85909652709961,2798100,ETR
2008-09-16,95.94000244140625,97.38999938964844,88.62999725341797,92.44999694824219,49.559364318847656,3772400,ETR
2008-09-17,91.04000091552734,91.52999877929688,86.12999725341797,87.29000091552734,46.79325485229492,3906400,ETR
2008-09-18,88.08999633789062,90.27999877929688,85.75,87.3499984741211,46.825435638427734,3565700,ETR
2008-09-19,87.76000213623047,94.58000183105469,85.0199966430664,91.23999786376953,48.91072082519531,3177200,ETR
2008-09-22,91.54000091552734,91.9000015258789,89.5199966430664,89.7699966430664,48.122718811035156,1185900,ETR
2008-09-23,89.7699966430664,91.9800033569336,89.5,89.80999755859375,48.14413833618164,1578400,ETR
2008-09-24,89.61000061035156,90.75,88.13999938964844,90.56999969482422,48.55156326293945,1176400,ETR
2008-09-25,91.04000091552734,94.66000366210938,90.41000366210938,93.56999969482422,50.159751892089844,1558300,ETR
2008-09-26,92.83999633789062,94.0999984741211,89.16000366210938,90.52999877929688,48.53010940551758,1469300,ETR
2008-09-29,89.58999633789062,90.88999938964844,83.77999877929688,84.81999969482422,45.46917724609375,2823000,ETR
2008-09-30,85.02999877929688,89.1500015258789,85.02999877929688,89.01000213623047,47.715301513671875,2506100,ETR
2008-10-01,88.05000305175781,89.0999984741211,86.33000183105469,87.98999786376953,47.16852569580078,1353100,ETR
2008-10-02,87.62000274658203,88.38999938964844,85.61000061035156,86.6500015258789,46.4501838684082,2264800,ETR
2008-10-03,87.38999938964844,89.76000213623047,86.36000061035156,86.6500015258789,46.4501838684082,1681200,ETR
2008-10-06,85.19999694824219,87.66000366210938,81.18000030517578,82.91999816894531,44.45064926147461,3383500,ETR
2008-10-07,83.5199966430664,85.26000213623047,78.94000244140625,79.30000305175781,42.510101318359375,2737600,ETR
2008-10-08,78.18000030517578,80.69999694824219,76.06999969482422,76.06999969482422,40.77860641479492,4220100,ETR
2008-10-09,76.47000122070312,77.91000366210938,73.3499984741211,73.41000366210938,39.3526611328125,3442600,ETR
2008-10-10,70.73999786376953,71.83000183105469,61.93000030517578,68.25,36.58656692504883,4857900,ETR
2008-10-13,70.08000183105469,77.94000244140625,68.0999984741211,77.94000244140625,41.78103256225586,2238200,ETR
2008-10-14,80.38999938964844,81.06999969482422,75.80000305175781,79.30999755859375,42.51545715332031,3354300,ETR
2008-10-15,77.94999694824219,77.94999694824219,73.30999755859375,73.5,39.40091323852539,2921900,ETR
2008-10-16,73.37999725341797,77.55999755859375,70.13999938964844,77.25,41.41115951538086,3818500,ETR
2008-10-17,77.0,84.38999938964844,75.33000183105469,80.8499984741211,43.340999603271484,3117700,ETR
2008-10-20,81.69000244140625,87.70999908447266,79.68000030517578,87.58999633789062,46.954063415527344,2112800,ETR
2008-10-21,87.02999877929688,87.02999877929688,81.23999786376953,82.0,43.95747756958008,2293900,ETR
2008-10-22,80.05000305175781,80.62999725341797,72.86000061035156,75.61000061035156,40.531982421875,2747600,ETR
2008-10-23,75.94000244140625,80.63999938964844,73.26000213623047,79.5,42.617305755615234,2204400,ETR
2008-10-24,75.2300033569336,80.97000122070312,72.37999725341797,79.2699966430664,42.493988037109375,2667300,ETR
2008-10-27,81.06999969482422,81.06999969482422,73.37999725341797,73.76000213623047,39.540279388427734,2045500,ETR
2008-10-28,75.36000061035156,81.29000091552734,72.45999908447266,81.01000213623047,43.42677307128906,1928900,ETR
2008-10-29,81.58000183105469,84.30999755859375,78.91999816894531,79.72000122070312,42.735225677490234,1995100,ETR
2008-10-30,81.98999786376953,83.38999938964844,78.01000213623047,81.33000183105469,43.598297119140625,1730000,ETR
2008-10-31,79.19000244140625,82.80000305175781,76.91000366210938,78.05000305175781,41.84001159667969,2044300,ETR
2008-11-03,78.05000305175781,79.58000183105469,76.22000122070312,79.16999816894531,42.44039535522461,1276500,ETR
2008-11-04,81.13999938964844,83.91000366210938,80.18000030517578,82.29000091552734,44.1129264831543,1691100,ETR
2008-11-05,82.75,85.5,78.63999938964844,78.93000030517578,42.31174087524414,2138000,ETR
2008-11-06,78.73999786376953,79.5,74.7300033569336,76.16999816894531,40.83219528198242,1402200,ETR
2008-11-07,76.5199966430664,80.86000061035156,75.25,80.0999984741211,43.36595153808594,1323100,ETR
2008-11-10,81.6500015258789,81.6500015258789,76.66999816894531,78.19999694824219,42.3372802734375,1486700,ETR
2008-11-11,77.02999877929688,79.37999725341797,75.7300033569336,77.91000366210938,42.180274963378906,910000,ETR
2008-11-12,76.70999908447266,77.44999694824219,75.25,75.86000061035156,41.0704231262207,1235900,ETR
2008-11-13,76.30000305175781,82.81999969482422,74.0,82.81999969482422,44.83852767944336,2048900,ETR
2008-11-14,80.30000305175781,84.0,79.01000213623047,79.98999786376953,43.306396484375,1645000,ETR
2008-11-17,78.70999908447266,81.43000030517578,76.41000366210938,78.37000274658203,42.42934036254883,1746900,ETR
2008-11-18,77.81999969482422,79.4000015258789,76.11000061035156,79.12999725341797,42.84078598022461,2368700,ETR
2008-11-19,79.12999725341797,82.30000305175781,78.26000213623047,78.26000213623047,42.36977767944336,2218300,ETR
2008-11-20,77.16999816894531,81.88999938964844,76.0199966430664,76.98999786376953,41.68220138549805,3145600,ETR
2008-11-21,78.7300033569336,85.76000213623047,77.1500015258789,85.76000213623047,46.43024826049805,4105800,ETR
2008-11-24,85.87999725341797,87.58000183105469,83.27999877929688,84.94999694824219,45.99171829223633,3416100,ETR
2008-11-25,86.55000305175781,86.95999908447266,82.13999938964844,83.98999786376953,45.47196578979492,2134700,ETR
2008-11-26,82.58999633789062,84.58999633789062,81.36000061035156,83.9000015258789,45.423240661621094,1698900,ETR
2008-11-28,84.08000183105469,85.18000030517578,83.25,85.0999984741211,46.07292556762695,456300,ETR
2008-12-01,83.23999786376953,83.98999786376953,81.13999938964844,81.13999938964844,43.928993225097656,1688500,ETR
2008-12-02,82.13999938964844,83.20999908447266,80.94999694824219,82.95999908447266,44.914337158203125,1641000,ETR
2008-12-03,81.25,84.1500015258789,80.68000030517578,83.86000061035156,45.4015998840332,2343800,ETR
2008-12-04,83.02999877929688,84.19000244140625,80.02999877929688,81.66000366210938,44.21052551269531,2497900,ETR
2008-12-05,80.5199966430664,83.3499984741211,77.27999877929688,83.11000061035156,44.99555587768555,2533700,ETR
2008-12-08,84.26000213623047,85.0,80.25,81.81999969482422,44.29713439941406,2192900,ETR
2008-12-09,81.63999938964844,82.05999755859375,79.33999633789062,79.8499984741211,43.23058319091797,1781500,ETR
2008-12-10,80.95999908447266,81.36000061035156,79.08000183105469,80.88999938964844,43.79365158081055,1609400,ETR
2008-12-11,80.58999633789062,82.83999633789062,80.01000213623047,80.66000366210938,43.66911315917969,2000700,ETR
2008-12-12,78.56999969482422,82.04000091552734,78.55999755859375,81.54000091552734,44.145538330078125,1388500,ETR
2008-12-15,82.02999877929688,82.04000091552734,79.4800033569336,80.62999725341797,43.65287399291992,1300500,ETR
2008-12-16,81.12000274658203,83.12999725341797,79.66999816894531,82.58999633789062,44.714012145996094,1962200,ETR
2008-12-17,81.76000213623047,82.37000274658203,80.20999908447266,80.97000122070312,43.836952209472656,955600,ETR
2008-12-18,81.37999725341797,83.5,80.55000305175781,81.4800033569336,44.11305618286133,2029300,ETR
2008-12-19,82.08000183105469,83.87000274658203,81.52999877929688,81.86000061035156,44.31879806518555,1693400,ETR
2008-12-22,81.62000274658203,83.16999816894531,80.5999984741211,81.9800033569336,44.38376235961914,1213500,ETR
2008-12-23,82.27999877929688,82.6500015258789,80.37000274658203,80.7300033569336,43.707035064697266,986800,ETR
2008-12-24,80.76000213623047,81.58999633789062,80.55000305175781,81.4800033569336,44.11305618286133,228200,ETR
2008-12-26,82.12999725341797,82.83999633789062,81.37000274658203,81.72000122070312,44.243019104003906,297400,ETR
2008-12-29,81.77999877929688,81.98999786376953,80.69000244140625,81.70999908447266,44.23759078979492,621400,ETR
2008-12-30,82.25,82.5999984741211,81.58000183105469,82.29000091552734,44.551597595214844,737100,ETR
2008-12-31,82.83000183105469,83.87000274658203,82.58999633789062,83.12999725341797,45.006378173828125,1044000,ETR
2009-01-02,83.70999908447266,84.9800033569336,82.88999938964844,84.69000244140625,45.8509635925293,1047500,ETR
2009-01-05,84.66999816894531,86.41000366210938,84.30000305175781,85.44000244140625,46.25700378417969,1578200,ETR
2009-01-06,85.55999755859375,86.61000061035156,83.37999725341797,84.0,45.47739028930664,1847700,ETR
2009-01-07,82.95999908447266,84.2699966430664,82.43000030517578,82.93000030517578,44.89809799194336,1877700,ETR
2009-01-08,82.8499984741211,83.4800033569336,82.0999984741211,82.94000244140625,44.90352249145508,1501200,ETR
2009-01-09,81.7300033569336,81.7300033569336,78.47000122070312,80.12000274658203,43.37678527832031,3015100,ETR
2009-01-12,80.31999969482422,81.43000030517578,80.30000305175781,80.81999969482422,43.75575637817383,1438600,ETR
2009-01-13,80.95999908447266,80.95999908447266,77.05999755859375,77.61000061035156,42.01786422729492,1999300,ETR
2009-01-14,76.56999969482422,77.05999755859375,74.58999633789062,76.19000244140625,41.24907684326172,2318900,ETR
2009-01-15,76.20999908447266,76.83000183105469,74.22000122070312,76.16999816894531,41.23823928833008,1799400,ETR
2009-01-16,77.05000305175781,78.29000091552734,75.8499984741211,77.11000061035156,41.74717330932617,1563800,ETR
2009-01-20,76.91999816894531,79.94000244140625,76.44000244140625,78.30999755859375,42.396846771240234,2692300,ETR
2009-01-21,79.25,79.41999816894531,75.95999908447266,77.86000061035156,42.153228759765625,1929600,ETR
2009-01-22,76.62000274658203,78.19000244140625,76.19000244140625,77.37000274658203,41.88793182373047,1794800,ETR
2009-01-23,76.16999816894531,78.41000366210938,75.23999786376953,78.05999755859375,42.26148223876953,1705900,ETR
2009-01-26,78.19000244140625,80.56999969482422,77.87000274658203,79.68000030517578,43.1385612487793,1483200,ETR
2009-01-27,80.20999908447266,80.20999908447266,78.69999694824219,79.68000030517578,43.1385612487793,1174800,ETR
2009-01-28,80.11000061035156,81.0,79.11000061035156,79.83000183105469,43.219757080078125,1407100,ETR
2009-01-29,78.76000213623047,79.98999786376953,77.05000305175781,77.52999877929688,41.97455596923828,2044500,ETR
2009-01-30,77.44999694824219,78.58999633789062,76.05999755859375,76.36000061035156,41.34113311767578,1882800,ETR
2009-02-02,73.5199966430664,74.52999877929688,73.23999786376953,73.37999725341797,39.727752685546875,2566600,ETR
2009-02-03,73.30999755859375,74.36000061035156,71.0,73.80999755859375,39.960548400878906,2613300,ETR
2009-02-04,74.48999786376953,74.63999938964844,71.52999877929688,73.25,39.65736389160156,2725500,ETR
2009-02-05,71.69999694824219,74.05999755859375,71.58999633789062,72.8499984741211,39.440818786621094,2087400,ETR
2009-02-06,72.58999633789062,74.61000061035156,71.3499984741211,74.29000091552734,40.22041702270508,3070700,ETR
2009-02-09,73.9000015258789,74.27999877929688,72.29000091552734,72.55000305175781,39.67897033691406,1832900,ETR
2009-02-10,72.12999725341797,72.81999969482422,70.30000305175781,70.56999969482422,38.59608459472656,1786000,ETR
2009-02-11,70.7699966430664,71.38999938964844,69.93000030517578,70.80000305175781,38.721858978271484,1482000,ETR
2009-02-12,69.11000061035156,70.30999755859375,67.88999938964844,69.37000274658203,37.939781188964844,2069500,ETR
2009-02-13,69.62000274658203,70.86000061035156,68.93000030517578,69.9800033569336,38.273380279541016,1444200,ETR
2009-02-17,69.7300033569336,70.30000305175781,68.02999877929688,69.36000061035156,37.93429946899414,2935100,ETR
2009-02-18,69.97000122070312,70.01000213623047,68.18000030517578,68.66999816894531,37.55692672729492,2093800,ETR
2009-02-19,69.02999877929688,70.7300033569336,68.76000213623047,69.5,38.01087188720703,1490800,ETR
2009-02-20,68.26000213623047,69.44999694824219,66.95999908447266,67.63999938964844,36.99359130859375,2395000,ETR
2009-02-23,68.1500015258789,68.66000366210938,65.47000122070312,66.0199966430664,36.10759353637695,2125000,ETR
2009-02-24,66.66999816894531,68.41000366210938,66.13999938964844,68.25,37.327239990234375,1839800,ETR
2009-02-25,67.62999725341797,69.3499984741211,67.25,68.47000122070312,37.447547912597656,2106000,ETR
2009-02-26,68.97000122070312,70.19999694824219,68.29000091552734,68.38999938964844,37.4037971496582,2122200,ETR
2009-02-27,67.1500015258789,68.94999694824219,65.66000366210938,67.38999938964844,36.856876373291016,1862000,ETR
2009-03-02,66.33000183105469,68.41000366210938,65.31999969482422,65.4000015258789,35.76848602294922,1885700,ETR
2009-03-03,65.83999633789062,66.83999633789062,62.529998779296875,63.040000915527344,34.47777557373047,2121100,ETR
2009-03-04,63.779998779296875,65.5199966430664,63.33000183105469,64.48999786376953,35.27079772949219,1749500,ETR
2009-03-05,63.380001068115234,63.599998474121094,62.04999923706055,63.45000076293945,34.70201110839844,2154000,ETR
2009-03-06,63.88999938964844,65.70999908447266,62.029998779296875,63.52000045776367,34.740291595458984,1850200,ETR
2009-03-09,63.47999954223633,64.11000061035156,60.689998626708984,61.209999084472656,33.47690200805664,2112000,ETR
2009-03-10,62.099998474121094,63.45000076293945,61.599998474121094,62.939998626708984,34.423072814941406,2341000,ETR
2009-03-11,63.220001220703125,63.279998779296875,61.31999969482422,61.40999984741211,33.5863037109375,2389800,ETR
2009-03-12,61.54999923706055,61.75,60.060001373291016,61.11000061035156,33.42222595214844,2492200,ETR
2009-03-13,61.45000076293945,61.77000045776367,59.869998931884766,60.529998779296875,33.105003356933594,2615100,ETR
2009-03-16,61.06999969482422,63.029998779296875,61.040000915527344,62.439998626708984,34.149627685546875,2436900,ETR
2009-03-17,62.52000045776367,64.13999938964844,61.5,64.13999938964844,35.07938766479492,1877300,ETR
2009-03-18,63.849998474121094,67.30999755859375,62.869998931884766,66.80999755859375,36.5396614074707,3099700,ETR
2009-03-19,66.97000122070312,68.19999694824219,66.62999725341797,67.52999877929688,36.93343734741211,1799700,ETR
2009-03-20,67.58999633789062,68.55999755859375,66.77999877929688,67.05000305175781,36.67091751098633,1453900,ETR
2009-03-23,67.7300033569336,69.2300033569336,67.20999908447266,69.2300033569336,37.86321258544922,849200,ETR
2009-03-24,68.63999938964844,69.05999755859375,67.37000274658203,67.38999938964844,36.856876373291016,1092600,ETR
2009-03-25,67.56999969482422,68.41999816894531,66.19999694824219,67.0199966430664,36.654518127441406,1000400,ETR
2009-03-26,67.4000015258789,68.93000030517578,66.18000030517578,68.83000183105469,37.644432067871094,1116200,ETR
2009-03-27,67.66999816894531,68.47000122070312,67.55999755859375,68.0,37.190494537353516,735600,ETR
2009-03-30,66.76000213623047,67.66000366210938,65.91000366210938,66.93000030517578,36.605289459228516,1074900,ETR
2009-03-31,67.30000305175781,68.98999786376953,67.02999877929688,68.08999633789062,37.23971176147461,1394800,ETR
2009-04-01,67.54000091552734,68.98999786376953,67.2699966430664,68.69999694824219,37.573326110839844,1658300,ETR
2009-04-02,69.73999786376953,70.47000122070312,68.25,69.63999938964844,38.087432861328125,1287500,ETR
2009-04-03,69.54000091552734,69.9800033569336,68.58000183105469,69.22000122070312,37.85772705078125,1188800,ETR
2009-04-06,68.5,69.22000122070312,67.7699966430664,68.2300033569336,37.3162841796875,1041900,ETR
2009-04-07,67.29000091552734,68.98999786376953,67.02999877929688,67.8499984741211,37.10844421386719,1366000,ETR
2009-04-08,68.19999694824219,68.19999694824219,66.41000366210938,67.7300033569336,37.04281997680664,1601500,ETR
2009-04-09,68.94000244140625,69.0199966430664,65.58999633789062,65.83999633789062,36.0091438293457,2369200,ETR
2009-04-13,65.77999877929688,65.91000366210938,64.16999816894531,64.44000244140625,35.24346160888672,1926700,ETR
2009-04-14,63.900001525878906,64.80000305175781,63.38999938964844,63.97999954223633,34.99188995361328,1294400,ETR
2009-04-15,63.95000076293945,65.55000305175781,63.95000076293945,65.44999694824219,35.795860290527344,1427900,ETR
2009-04-16,65.68000030517578,67.16000366210938,64.8499984741211,66.8499984741211,36.56153869628906,2236100,ETR
2009-04-17,67.13999938964844,68.4000015258789,66.4800033569336,68.19000244140625,37.29441452026367,1561500,ETR
2009-04-20,67.4000015258789,68.05000305175781,66.58999633789062,66.62000274658203,36.43573760986328,1251900,ETR
2009-04-21,66.9000015258789,67.1500015258789,65.91999816894531,66.12999725341797,36.167747497558594,1563100,ETR
2009-04-22,65.58000183105469,65.80999755859375,64.83999633789062,65.02999877929688,35.56614303588867,1424000,ETR
2009-04-23,65.16999816894531,65.22000122070312,64.08000183105469,64.83999633789062,35.46223449707031,1567900,ETR
2009-04-24,65.16000366210938,65.45999908447266,63.5,64.0,35.00281524658203,1703500,ETR
2009-04-27,64.58999633789062,65.45999908447266,63.959999084472656,64.69000244140625,35.380191802978516,3130200,ETR
2009-04-28,64.54000091552734,64.83000183105469,63.86000061035156,64.27999877929688,35.15595245361328,2434500,ETR
2009-04-29,64.81999969482422,65.4000015258789,64.19000244140625,65.02999877929688,35.56614303588867,1480700,ETR
2009-04-30,65.5999984741211,65.75,63.93000030517578,64.7699966430664,35.423946380615234,2253100,ETR
2009-05-01,64.9000015258789,66.9000015258789,64.72000122070312,66.9000015258789,36.58888626098633,5193300,ETR
2009-05-04,67.56999969482422,71.08000183105469,66.88999938964844,71.08000183105469,38.8750114440918,3869500,ETR
2009-05-05,70.81999969482422,72.04000091552734,70.44999694824219,71.77999877929688,39.25785446166992,2623500,ETR
2009-05-06,72.3499984741211,73.12999725341797,71.7300033569336,73.08999633789062,39.97430419921875,2135100,ETR
2009-05-07,73.75,74.79000091552734,72.97000122070312,74.58000183105469,40.789222717285156,2272500,ETR
2009-05-08,75.13999938964844,76.4800033569336,74.2699966430664,74.69999694824219,40.8548469543457,2335700,ETR
2009-05-11,74.37999725341797,74.37999725341797,72.51000213623047,73.44999694824219,40.57862091064453,1914000,ETR
2009-05-12,74.25,74.5199966430664,73.04000091552734,74.30999755859375,41.05374526977539,2133800,ETR
2009-05-13,74.01000213623047,75.4800033569336,73.31999969482422,73.80999755859375,40.777503967285156,3663800,ETR
2009-05-14,74.05000305175781,74.36000061035156,72.05000305175781,73.56999969482422,40.644920349121094,2221800,ETR
2009-05-15,73.13999938964844,73.93000030517578,72.55000305175781,73.41999816894531,40.56204605102539,3393200,ETR
2009-05-18,73.93000030517578,74.05999755859375,71.75,73.54000091552734,40.62833786010742,2177000,ETR
2009-05-19,73.37000274658203,75.5,73.37000274658203,74.75,41.296817779541016,2009400,ETR
2009-05-20,75.38999938964844,76.11000061035156,73.88999938964844,74.08000183105469,40.926673889160156,2187100,ETR
2009-05-21,73.87999725341797,73.9800033569336,71.75,72.0999984741211,39.83279037475586,1885900,ETR
2009-05-22,72.0999984741211,73.19000244140625,72.02999877929688,72.58000183105469,40.09798049926758,1444400,ETR
2009-05-26,72.41000366210938,73.73999786376953,71.19000244140625,73.73999786376953,40.73883819580078,1164200,ETR
2009-05-27,73.73999786376953,73.9000015258789,72.2300033569336,72.51000213623047,40.059303283691406,998000,ETR
2009-05-28,72.58000183105469,73.97000122070312,72.18000030517578,73.68000030517578,40.70567321777344,1195700,ETR
2009-05-29,74.12000274658203,74.91000366210938,73.30999755859375,74.62000274658203,41.225006103515625,1051600,ETR
2009-06-01,75.38999938964844,76.93000030517578,74.94000244140625,76.80000305175781,42.429378509521484,1566400,ETR
2009-06-02,76.66999816894531,77.4000015258789,75.16999816894531,75.58000183105469,41.75537872314453,1421800,ETR
2009-06-03,75.5199966430664,75.7699966430664,73.3499984741211,74.13999938964844,40.95982360839844,1121400,ETR
2009-06-04,74.6500015258789,74.86000061035156,73.93000030517578,74.44000244140625,41.12554931640625,930700,ETR
2009-06-05,74.88999938964844,75.62000274658203,73.66999816894531,74.16999816894531,40.97639083862305,1027200,ETR
2009-06-08,73.91000366210938,74.80000305175781,72.91000366210938,73.5,40.606239318847656,1205400,ETR
2009-06-09,73.80999755859375,74.52999877929688,73.04000091552734,73.45999908447266,40.584136962890625,1281300,ETR
2009-06-10,73.5,74.86000061035156,73.5,74.51000213623047,41.16422653198242,1074300,ETR
2009-06-11,74.43000030517578,77.08999633789062,74.0999984741211,76.01000213623047,41.99292755126953,1385600,ETR
2009-06-12,75.81999969482422,78.66999816894531,74.94999694824219,78.23999786376953,43.22493362426758,1600900,ETR
2009-06-15,77.47000122070312,77.80999755859375,75.43000030517578,76.23999786376953,42.11998748779297,1006000,ETR
2009-06-16,76.33000183105469,77.37999725341797,75.94000244140625,76.4800033569336,42.25258255004883,1506500,ETR
2009-06-17,76.22000122070312,77.0999984741211,75.30999755859375,76.22000122070312,42.108943939208984,1075700,ETR
2009-06-18,76.83000183105469,78.43000030517578,76.41999816894531,78.16000366210938,43.18074417114258,1209000,ETR
2009-06-19,78.22000122070312,78.77999877929688,76.7699966430664,76.87000274658203,42.468048095703125,2611500,ETR
2009-06-22,76.77999877929688,77.54000091552734,76.0199966430664,76.7300033569336,42.390689849853516,1346800,ETR
2009-06-23,76.62000274658203,76.62000274658203,75.38999938964844,75.7699966430664,41.86032485961914,1013500,ETR
2009-06-24,76.12000274658203,76.81999969482422,74.77999877929688,75.54000091552734,41.7332649230957,1143100,ETR
2009-06-25,76.91000366210938,78.0199966430664,75.75,77.51000213623047,42.82161331176758,2352600,ETR
2009-06-26,77.33000183105469,77.51000213623047,76.37000274658203,76.43000030517578,42.22496032714844,2998800,ETR
2009-06-29,76.62999725341797,78.43000030517578,76.5,78.2300033569336,43.21940612792969,1404800,ETR
2009-06-30,78.37999725341797,78.37999725341797,76.94000244140625,77.5199966430664,42.827144622802734,1356400,ETR
2009-07-01,77.7300033569336,78.69000244140625,77.55000305175781,78.18000030517578,43.191768646240234,806600,ETR
2009-07-02,77.54000091552734,77.54000091552734,74.68000030517578,74.68000030517578,41.258155822753906,930300,ETR
2009-07-06,74.47000122070312,76.4000015258789,74.1500015258789,75.47000122070312,41.69459533691406,1056000,ETR
2009-07-07,75.22000122070312,75.36000061035156,73.0,73.08000183105469,40.374210357666016,1039300,ETR
2009-07-08,73.6500015258789,74.58000183105469,72.68000030517578,73.2699966430664,40.479164123535156,1306000,ETR
2009-07-09,73.29000091552734,73.91999816894531,72.36000061035156,73.43000030517578,40.56756591796875,850700,ETR
2009-07-10,72.91000366210938,73.62000274658203,72.4000015258789,72.70999908447266,40.169803619384766,1040900,ETR
2009-07-13,72.70999908447266,73.91000366210938,72.26000213623047,73.75,40.744346618652344,903200,ETR
2009-07-14,73.98999786376953,74.91999816894531,73.5,74.81999969482422,41.335506439208984,1296700,ETR
2009-07-15,75.25,75.62000274658203,74.19999694824219,75.58000183105469,41.75537872314453,1526400,ETR
2009-07-16,75.58000183105469,75.83000183105469,74.37000274658203,75.63999938964844,41.78852081298828,945600,ETR
2009-07-17,75.6500015258789,75.66000366210938,74.16000366210938,74.86000061035156,41.35758590698242,891300,ETR
2009-07-20,73.51000213623047,76.36000061035156,71.76000213623047,76.2699966430664,42.136566162109375,1923000,ETR
2009-07-21,76.4800033569336,77.8499984741211,76.29000091552734,77.58999633789062,42.865814208984375,1476700,ETR
2009-07-22,77.13999938964844,77.69999694824219,76.31999969482422,77.25,42.67798614501953,1147400,ETR
2009-07-23,76.86000061035156,79.91999816894531,76.86000061035156,79.38999938964844,43.86027145385742,1727300,ETR
2009-07-24,79.19000244140625,81.05000305175781,79.08999633789062,80.95999908447266,44.727630615234375,1154800,ETR
2009-07-27,80.9800033569336,81.26000213623047,79.86000061035156,80.26000213623047,44.34090042114258,1053100,ETR
2009-07-28,79.37999725341797,80.45999908447266,78.51000213623047,79.54000091552734,43.94313430786133,1379900,ETR
2009-07-29,79.22000122070312,79.94999694824219,78.37999725341797,79.33000183105469,43.827117919921875,1060100,ETR
2009-07-30,79.97000122070312,81.44000244140625,79.83000183105469,80.73999786376953,44.606075286865234,1285200,ETR
2009-07-31,81.0199966430664,81.30000305175781,80.25,80.33000183105469,44.37959289550781,1170800,ETR
2009-08-03,81.12000274658203,81.51000213623047,80.12999725341797,80.9800033569336,44.73869323730469,999200,ETR
2009-08-04,80.9000015258789,80.9000015258789,77.83000183105469,78.25,43.23044967651367,1541600,ETR
2009-08-05,78.29000091552734,78.29000091552734,76.47000122070312,77.37000274658203,42.74428176879883,1271300,ETR
2009-08-06,77.18000030517578,79.1500015258789,77.01000213623047,78.9000015258789,43.58956527709961,1841500,ETR
2009-08-07,79.52999877929688,79.91000366210938,78.75,78.87000274658203,43.57297897338867,995900,ETR
2009-08-10,78.12999725341797,78.25,76.88999938964844,77.9800033569336,43.49488830566406,531400,ETR
2009-08-11,77.91000366210938,79.2300033569336,77.58999633789062,78.79000091552734,43.94670486450195,937800,ETR
2009-08-12,78.62999725341797,80.52999877929688,78.37999725341797,79.77999877929688,44.49888610839844,1144100,ETR
2009-08-13,79.87000274658203,80.0999984741211,78.75,79.80000305175781,44.510040283203125,955200,ETR
2009-08-14,79.81999969482422,80.2699966430664,78.62999725341797,79.05999755859375,44.0972785949707,1012600,ETR
2009-08-17,78.58999633789062,78.66999816894531,77.44999694824219,78.1500015258789,43.589725494384766,1179100,ETR
2009-08-18,78.12999725341797,79.12000274658203,77.91000366210938,79.05000305175781,44.09170913696289,1162400,ETR
2009-08-19,78.54000091552734,80.2300033569336,78.47000122070312,79.54000091552734,44.36501693725586,1723300,ETR
2009-08-20,79.7300033569336,80.04000091552734,79.33999633789062,79.80999755859375,44.51561737060547,950400,ETR
2009-08-21,80.11000061035156,81.91999816894531,79.95999908447266,81.77999877929688,45.61442947387695,1097200,ETR
2009-08-24,81.88999938964844,82.38999938964844,81.13999938964844,81.72000122070312,45.58095932006836,1169800,ETR
2009-08-25,81.79000091552734,82.33999633789062,81.5999984741211,81.79000091552734,45.62000274658203,1672200,ETR
2009-08-26,81.48999786376953,81.94999694824219,80.69999694824219,81.0,45.17937088012695,1279300,ETR
2009-08-27,80.68000030517578,80.91000366210938,79.70999908447266,80.25,44.76103210449219,1427900,ETR
2009-08-28,80.33000183105469,80.69000244140625,79.30999755859375,79.94999694824219,44.593692779541016,1713200,ETR
2009-08-31,79.86000061035156,79.86000061035156,78.56999969482422,79.0,44.0638313293457,865300,ETR
2009-09-01,78.5199966430664,79.83000183105469,78.5199966430664,78.83000183105469,43.968997955322266,1515000,ETR
2009-09-02,78.7300033569336,79.1500015258789,78.2300033569336,78.48999786376953,43.77936553955078,888300,ETR
2009-09-03,78.58999633789062,79.51000213623047,78.58999633789062,79.4800033569336,44.331546783447266,968000,ETR
2009-09-04,79.69999694824219,79.80000305175781,79.11000061035156,79.58000183105469,44.38732147216797,864400,ETR
2009-09-08,79.93000030517578,79.93000030517578,79.05999755859375,79.52999877929688,44.35945129394531,873900,ETR
2009-09-09,79.54000091552734,79.55000305175781,78.56999969482422,78.95999908447266,44.041500091552734,1336100,ETR
2009-09-10,78.94999694824219,78.94999694824219,77.91999816894531,78.08000183105469,43.55067825317383,1389300,ETR
2009-09-11,78.44000244140625,78.44000244140625,77.58000183105469,77.69000244140625,43.33313751220703,1223500,ETR
2009-09-14,77.55999755859375,78.58999633789062,77.33000183105469,78.48999786376953,43.77936553955078,1454400,ETR
2009-09-15,78.38999938964844,78.6500015258789,77.5199966430664,78.4800033569336,43.77378463745117,1820800,ETR
2009-09-16,78.73999786376953,80.05000305175781,78.29000091552734,80.02999877929688,44.638328552246094,1673000,ETR
2009-09-17,79.62000274658203,80.19999694824219,79.33999633789062,79.58000183105469,44.38732147216797,1340700,ETR
2009-09-18,80.56999969482422,81.26000213623047,79.7699966430664,80.88999938964844,45.118011474609375,2005700,ETR
2009-09-21,80.58000183105469,81.08999633789062,79.41000366210938,80.58999633789062,44.9506721496582,1326400,ETR
2009-09-22,80.51000213623047,80.80000305175781,79.98999786376953,80.43000030517578,44.86144256591797,924500,ETR
2009-09-23,80.11000061035156,81.72000122070312,80.11000061035156,80.20999908447266,44.738712310791016,962400,ETR
2009-09-24,80.5199966430664,81.0999984741211,79.62000274658203,79.81999969482422,44.521202087402344,806400,ETR
2009-09-25,79.52999877929688,80.0,79.30000305175781,79.36000061035156,44.26462173461914,507200,ETR
2009-09-28,79.54000091552734,80.30000305175781,79.43000030517578,79.80000305175781,44.510040283203125,492900,ETR
2009-09-29,79.80000305175781,80.66000366210938,79.5,80.45999908447266,44.878170013427734,1309900,ETR
2009-09-30,80.3499984741211,80.44999694824219,79.30000305175781,79.86000061035156,44.54350662231445,1220800,ETR
2009-10-01,79.23999786376953,79.33000183105469,77.66000366210938,77.81999969482422,43.4056510925293,1093800,ETR
2009-10-02,77.16999816894531,77.66999816894531,77.0,77.37999725341797,43.16022491455078,1111600,ETR
2009-10-05,77.75,79.08999633789062,77.0199966430664,78.72000122070312,43.90764236450195,1299700,ETR
2009-10-06,78.9000015258789,79.61000061035156,78.3499984741211,79.22000122070312,44.18653106689453,1421500,ETR
2009-10-07,78.73999786376953,79.2699966430664,78.54000091552734,78.94000244140625,44.030357360839844,836800,ETR
2009-10-08,78.9800033569336,79.37000274658203,78.58999633789062,78.86000061035156,43.98573684692383,1345700,ETR
2009-10-09,79.12000274658203,80.62999725341797,79.12000274658203,79.7300033569336,44.47099304199219,2126400,ETR
2009-10-12,79.80999755859375,80.44999694824219,79.62000274658203,80.0199966430664,44.63274002075195,952200,ETR
2009-10-13,79.68000030517578,80.05000305175781,78.69999694824219,78.80999755859375,43.95783233642578,974900,ETR
2009-10-14,79.33999633789062,79.47000122070312,78.2699966430664,78.81999969482422,43.963409423828125,1062500,ETR
2009-10-15,78.2300033569336,80.47000122070312,78.2300033569336,80.1500015258789,44.70525360107422,1549400,ETR
2009-10-16,79.62000274658203,80.91000366210938,79.30000305175781,80.63999938964844,44.97856140136719,1050000,ETR
2009-10-19,80.41999816894531,81.16999816894531,80.36000061035156,80.97000122070312,45.16263198852539,1525700,ETR
2009-10-20,81.19000244140625,81.81999969482422,79.4000015258789,80.0,44.6215705871582,764000,ETR
2009-10-21,80.01000213623047,81.80999755859375,79.80000305175781,80.75,45.039920806884766,1180400,ETR
2009-10-22,80.5,81.31999969482422,79.5,80.88999938964844,45.118011474609375,1285700,ETR
2009-10-23,80.86000061035156,80.88999938964844,78.79000091552734,79.29000091552734,44.225582122802734,1007300,ETR
2009-10-26,79.26000213623047,80.48999786376953,78.20999908447266,78.41000366210938,43.73473358154297,1166800,ETR
2009-10-27,78.56999969482422,79.44000244140625,78.0199966430664,78.37999725341797,43.7180061340332,1089500,ETR
2009-10-28,78.37999725341797,78.83000183105469,77.23999786376953,77.63999938964844,43.30524826049805,1469100,ETR
2009-10-29,77.80999755859375,78.66999816894531,77.1500015258789,78.55000305175781,43.81282424926758,864400,ETR
2009-10-30,78.45999908447266,78.76000213623047,76.55999755859375,76.72000122070312,42.7921028137207,1421800,ETR
2009-11-02,76.98999786376953,77.95999908447266,76.45999908447266,77.19999694824219,43.05982208251953,1105100,ETR
2009-11-03,77.19999694824219,77.26000213623047,76.0999984741211,76.26000213623047,42.5355224609375,1143000,ETR
2009-11-04,77.48999786376953,77.69999694824219,76.2699966430664,76.81999969482422,42.847869873046875,1133100,ETR
2009-11-05,77.37000274658203,77.87999725341797,76.86000061035156,77.68000030517578,43.327571868896484,833300,ETR
2009-11-06,77.86000061035156,77.86000061035156,76.5199966430664,77.01000213623047,42.95386505126953,820100,ETR
2009-11-09,77.06999969482422,77.58000183105469,76.47000122070312,77.58000183105469,43.69734573364258,746200,ETR
2009-11-10,77.19999694824219,78.29000091552734,77.19999694824219,77.52999877929688,43.669189453125,845900,ETR
2009-11-11,77.94999694824219,78.1500015258789,77.13999938964844,77.55999755859375,43.68611145019531,697000,ETR
2009-11-12,77.55999755859375,78.22000122070312,76.72000122070312,76.79000091552734,43.25238037109375,575400,ETR
2009-11-13,76.9000015258789,78.81999969482422,76.37999725341797,78.63999938964844,44.294395446777344,1680200,ETR
2009-11-16,78.8499984741211,79.98999786376953,78.76000213623047,79.66999816894531,44.874549865722656,1110400,ETR
2009-11-17,79.68000030517578,79.83999633789062,79.2300033569336,79.41999816894531,44.733768463134766,473000,ETR
2009-11-18,79.20999908447266,79.45999908447266,78.54000091552734,78.72000122070312,44.339447021484375,821300,ETR
2009-11-19,78.29000091552734,78.58999633789062,77.23999786376953,77.80999755859375,43.826900482177734,956500,ETR
2009-11-20,77.5199966430664,78.13999938964844,77.20999908447266,77.79000091552734,43.81565475463867,870700,ETR
2009-11-23,78.2699966430664,79.47000122070312,78.2699966430664,78.94000244140625,44.4633903503418,505600,ETR
2009-11-24,79.12000274658203,79.5,78.62000274658203,79.26000213623047,44.643619537353516,667600,ETR
2009-11-25,79.33000183105469,80.30000305175781,79.05999755859375,80.05999755859375,45.0942268371582,524200,ETR
2009-11-27,78.69999694824219,79.29000091552734,78.0999984741211,78.5,44.21553421020508,351400,ETR
2009-11-30,78.56999969482422,79.2300033569336,78.25,78.6500015258789,44.30002212524414,1169400,ETR
2009-12-01,79.23999786376953,81.08999633789062,78.87000274658203,81.05000305175781,45.65186309814453,1460900,ETR
2009-12-02,81.12000274658203,82.30999755859375,80.88999938964844,81.5199966430664,45.916595458984375,1266100,ETR
2009-12-03,81.62999725341797,82.16000366210938,80.86000061035156,81.05999755859375,45.657470703125,1171900,ETR
2009-12-04,81.77999877929688,82.19000244140625,79.12999725341797,80.45999908447266,45.31953811645508,1559400,ETR
2009-12-07,80.5999984741211,81.58999633789062,80.45999908447266,81.1500015258789,45.70817947387695,1046000,ETR
2009-12-08,80.83000183105469,81.2300033569336,80.08999633789062,80.91999816894531,45.5786247253418,1182500,ETR
2009-12-09,80.93000030517578,81.0,80.37000274658203,80.87999725341797,45.55610275268555,744400,ETR
2009-12-10,81.3499984741211,82.08999633789062,80.80999755859375,81.75,46.046119689941406,1349600,ETR
2009-12-11,81.87000274658203,83.11000061035156,81.68000030517578,83.05999755859375,46.78398513793945,1029700,ETR
2009-12-14,83.69999694824219,84.12999725341797,83.30999755859375,83.76000213623047,47.178279876708984,1217000,ETR
2009-12-15,83.37000274658203,83.66999816894531,82.45999908447266,83.0,46.750186920166016,1069500,ETR
2009-12-16,83.44999694824219,83.44999694824219,82.1500015258789,82.3499984741211,46.384071350097656,1007000,ETR
2009-12-17,82.05000305175781,83.33999633789062,81.77999877929688,82.7300033569336,46.59812545776367,1565300,ETR
2009-12-18,81.0,83.25,81.0,83.04000091552734,46.77273941040039,2885700,ETR
2009-12-21,83.45999908447266,84.25,83.08999633789062,84.01000213623047,47.3190803527832,1306300,ETR
2009-12-22,84.25,84.44000244140625,82.7300033569336,82.87999725341797,46.6826057434082,1070600,ETR
2009-12-23,82.9000015258789,83.26000213623047,82.55000305175781,82.80999755859375,46.64319610595703,808300,ETR
2009-12-24,82.9800033569336,83.58000183105469,82.9800033569336,83.44999694824219,47.00368118286133,259900,ETR
2009-12-28,83.48999786376953,83.73999786376953,83.1500015258789,83.3499984741211,46.94734191894531,672500,ETR
2009-12-29,83.69999694824219,83.77999877929688,83.16999816894531,83.26000213623047,46.896644592285156,515000,ETR
2009-12-30,82.87999725341797,83.4800033569336,82.7699966430664,83.08000183105469,46.79526901245117,544900,ETR
2009-12-31,83.4000015258789,83.4000015258789,81.81999969482422,81.83999633789062,46.096824645996094,659800,ETR
2010-01-04,82.0999984741211,82.7300033569336,81.75,82.1500015258789,46.271446228027344,1049400,ETR
2010-01-05,82.27999877929688,82.30000305175781,80.36000061035156,80.83999633789062,45.533565521240234,1157100,ETR
2010-01-06,80.79000091552734,81.33999633789062,80.41999816894531,81.25,45.76451110839844,1011900,ETR
2010-01-07,80.95999908447266,81.02999877929688,80.25,80.27999877929688,45.21813201904297,1243600,ETR
2010-01-08,80.37999725341797,80.56999969482422,79.22000122070312,79.51000213623047,44.7844352722168,1652800,ETR
2010-01-11,79.9800033569336,81.52999877929688,79.75,81.05000305175781,45.65186309814453,2014100,ETR
2010-01-12,81.7699966430664,82.12000274658203,81.19999694824219,81.72000122070312,46.029232025146484,1786400,ETR
2010-01-13,81.70999908447266,83.01000213623047,81.66000366210938,82.87999725341797,46.6826057434082,1104200,ETR
2010-01-14,82.87000274658203,83.08999633789062,82.1500015258789,82.80000305175781,46.637542724609375,966000,ETR
2010-01-15,82.55000305175781,82.62000274658203,80.93000030517578,81.8499984741211,46.10245895385742,1918900,ETR
2010-01-19,81.9000015258789,82.19000244140625,80.87000274658203,82.16000366210938,46.277061462402344,884100,ETR
2010-01-20,81.94999694824219,81.94999694824219,80.05999755859375,81.05999755859375,45.657470703125,1263500,ETR
2010-01-21,81.58000183105469,82.7300033569336,79.30000305175781,79.75,44.919620513916016,2484000,ETR
2010-01-22,79.73999786376953,79.80999755859375,78.4800033569336,78.54000091552734,44.238075256347656,1455700,ETR
2010-01-25,79.19999694824219,79.23999786376953,77.76000213623047,78.7300033569336,44.34510040283203,1176000,ETR
2010-01-26,78.58999633789062,79.55000305175781,78.0999984741211,79.30999755859375,44.671783447265625,1297900,ETR
2010-01-27,79.30000305175781,79.30000305175781,77.72000122070312,78.72000122070312,44.339447021484375,1031900,ETR
2010-01-28,78.8499984741211,79.02999877929688,77.08000183105469,77.0999984741211,43.42699432373047,1630800,ETR
2010-01-29,77.48999786376953,77.81999969482422,76.2300033569336,76.30999755859375,42.98200988769531,2528800,ETR
2010-02-01,76.62000274658203,77.43000030517578,75.9000015258789,77.2300033569336,43.500221252441406,1383800,ETR
2010-02-02,77.29000091552734,79.7300033569336,76.61000061035156,78.77999877929688,44.373252868652344,1713300,ETR
2010-02-03,79.0,79.93000030517578,78.77999877929688,79.73999786376953,44.91398239135742,1634400,ETR
2010-02-04,79.08000183105469,80.18000030517578,77.04000091552734,77.11000061035156,43.4326171875,2353100,ETR
2010-02-05,76.97000122070312,77.20999908447266,75.5199966430664,77.08999633789062,43.42137145996094,1891300,ETR
2010-02-08,77.05000305175781,77.3499984741211,76.22000122070312,76.29000091552734,42.97075271606445,1008400,ETR
2010-02-09,75.91000366210938,76.94000244140625,75.54000091552734,76.26000213623047,43.38032150268555,2135900,ETR
2010-02-10,77.70999908447266,77.70999908447266,75.94999694824219,76.66999816894531,43.61355209350586,1956100,ETR
2010-02-11,76.7300033569336,77.7699966430664,75.9800033569336,77.55000305175781,44.1141357421875,2168900,ETR
2010-02-12,76.5199966430664,77.2300033569336,76.30000305175781,77.13999938964844,43.88090515136719,1645300,ETR
2010-02-16,77.7699966430664,79.0,77.55000305175781,78.98999786376953,44.93327713012695,1063400,ETR
2010-02-17,79.44000244140625,79.5199966430664,77.83999633789062,78.26000213623047,44.51802062988281,2060200,ETR
2010-02-18,78.08999633789062,78.75,77.69999694824219,78.04000091552734,44.392887115478516,1477000,ETR
2010-02-19,77.98999786376953,78.81999969482422,77.38999938964844,78.75,44.796756744384766,1774000,ETR
2010-02-22,79.18000030517578,79.18000030517578,77.61000061035156,77.72000122070312,44.210838317871094,1089200,ETR
2010-02-23,77.69000244140625,77.88999938964844,76.9000015258789,77.4000015258789,44.0288200378418,1167600,ETR
2010-02-24,77.44000244140625,77.44000244140625,75.69000244140625,76.7300033569336,43.647674560546875,1416700,ETR
2010-02-25,76.37000274658203,76.55999755859375,75.25,76.5199966430664,43.52820587158203,1232000,ETR
2010-02-26,76.41999816894531,76.76000213623047,75.87000274658203,75.97000122070312,43.21536636352539,1452700,ETR
2010-03-01,76.06999969482422,78.1500015258789,75.97000122070312,77.7699966430664,44.23928451538086,1348100,ETR
2010-03-02,78.12999725341797,78.72000122070312,78.12999725341797,78.44999694824219,44.6260871887207,1842200,ETR
2010-03-03,78.44999694824219,78.63999938964844,77.6500015258789,77.83000183105469,44.27341079711914,1181400,ETR
2010-03-04,77.7300033569336,78.27999877929688,77.2699966430664,78.23999786376953,44.50664520263672,1118000,ETR
2010-03-05,78.27999877929688,79.63999938964844,77.98999786376953,79.44999694824219,45.194942474365234,1482600,ETR
2010-03-08,79.47000122070312,79.69000244140625,79.27999877929688,79.55000305175781,45.25184631347656,1080100,ETR
2010-03-09,79.33999633789062,79.58000183105469,78.9000015258789,79.16999816894531,45.03565979003906,1254200,ETR
2010-03-10,79.0199966430664,79.56999969482422,78.88999938964844,79.5199966430664,45.23477554321289,1006100,ETR
2010-03-11,79.29000091552734,79.80000305175781,78.94000244140625,79.80000305175781,45.394046783447266,756700,ETR
2010-03-12,79.87000274658203,79.87000274658203,78.13999938964844,78.25,44.5123291015625,717900,ETR
2010-03-15,78.36000061035156,78.91999816894531,77.91000366210938,78.80999755859375,44.83088684082031,739300,ETR
2010-03-16,78.94999694824219,80.37999725341797,78.41999816894531,80.26000213623047,45.65571594238281,995700,ETR
2010-03-17,80.30999755859375,80.6500015258789,79.7699966430664,80.58000183105469,45.83774185180664,1291400,ETR
2010-03-18,80.37000274658203,80.44000244140625,79.41999816894531,80.37000274658203,45.71827697753906,1553800,ETR
2010-03-19,80.69000244140625,80.91000366210938,80.12000274658203,80.69000244140625,45.90031051635742,1925100,ETR
2010-03-22,80.4000015258789,80.87000274658203,79.8499984741211,79.91000366210938,45.45662307739258,1133000,ETR
2010-03-23,80.0199966430664,80.52999877929688,79.73999786376953,80.06999969482422,45.547637939453125,960000,ETR
2010-03-24,80.0,80.0,79.1500015258789,79.19999694824219,45.052734375,813200,ETR
2010-03-25,79.38999938964844,79.88999938964844,78.5,79.38999938964844,45.16083526611328,1953700,ETR
2010-03-26,79.3499984741211,80.4800033569336,79.12999725341797,80.27999877929688,45.667083740234375,1349600,ETR
2010-03-29,80.5999984741211,81.75,80.55999755859375,81.61000061035156,46.42365646362305,949600,ETR
2010-03-30,81.47000122070312,82.11000061035156,81.23999786376953,82.05000305175781,46.673973083496094,964400,ETR
2010-03-31,81.55999755859375,81.86000061035156,80.76000213623047,81.3499984741211,46.275760650634766,892300,ETR
2010-04-01,81.76000213623047,82.6500015258789,81.62999725341797,82.31999969482422,46.827537536621094,785600,ETR
2010-04-05,82.33999633789062,82.33999633789062,80.08000183105469,81.61000061035156,46.42365646362305,2747600,ETR
2010-04-06,81.38999938964844,84.33000183105469,80.93000030517578,84.06999969482422,47.823028564453125,2208900,ETR
2010-04-07,83.77999877929688,83.91999816894531,81.72000122070312,82.0999984741211,46.702392578125,2368900,ETR
2010-04-08,81.94000244140625,82.25,81.43000030517578,81.97000122070312,46.628456115722656,1339500,ETR
2010-04-09,81.94000244140625,82.37000274658203,81.08000183105469,82.26000213623047,46.79341125488281,873900,ETR
2010-04-12,82.58999633789062,82.8499984741211,82.02999877929688,82.20999908447266,46.76497268676758,778100,ETR
2010-04-13,82.11000061035156,82.11000061035156,81.13999938964844,81.66000366210938,46.45210647583008,1300300,ETR
2010-04-14,81.77999877929688,82.23999786376953,81.01000213623047,81.37999725341797,46.292823791503906,1500000,ETR
2010-04-15,81.48999786376953,81.62000274658203,80.68000030517578,81.05999755859375,46.110782623291016,1306100,ETR
2010-04-16,81.0,81.23999786376953,79.88999938964844,80.19000244140625,45.61590576171875,1365500,ETR
2010-04-19,80.01000213623047,80.62000274658203,79.70999908447266,80.55000305175781,45.8206672668457,1127900,ETR
2010-04-20,80.91000366210938,81.69999694824219,80.73999786376953,81.69999694824219,46.474849700927734,983900,ETR
2010-04-21,81.58999633789062,82.19000244140625,81.51000213623047,82.0,46.64550018310547,1465600,ETR
2010-04-22,81.6500015258789,82.20999908447266,81.11000061035156,82.08000183105469,46.69102096557617,1402400,ETR
2010-04-23,81.80999755859375,82.29000091552734,81.37999725341797,82.27999877929688,46.8047981262207,941800,ETR
2010-04-26,82.25,82.55999755859375,81.69999694824219,81.7300033569336,46.491939544677734,971600,ETR
2010-04-27,81.16999816894531,82.13999938964844,80.18000030517578,80.36000061035156,45.712608337402344,1053900,ETR
2010-04-28,80.86000061035156,81.06999969482422,79.70999908447266,79.94999694824219,45.47936248779297,1970600,ETR
2010-04-29,80.22000122070312,81.1500015258789,79.66000366210938,80.55000305175781,45.8206672668457,952900,ETR
2010-04-30,80.69000244140625,81.87999725341797,80.25,81.29000091552734,46.24162673950195,1422300,ETR
2010-05-03,81.54000091552734,81.95999908447266,81.0999984741211,81.56999969482422,46.40090560913086,1151700,ETR
2010-05-04,81.0,81.08999633789062,79.26000213623047,79.63999938964844,45.30302047729492,1051100,ETR
2010-05-05,79.22000122070312,79.98999786376953,78.58999633789062,79.19000244140625,45.04704666137695,1142000,ETR
2010-05-06,79.08000183105469,79.33000183105469,72.5999984741211,76.5999984741211,43.57373809814453,2530400,ETR
2010-05-07,76.5999984741211,76.94999694824219,74.79000091552734,75.79000091552734,43.11295700073242,2777000,ETR
2010-05-10,77.5,77.5,75.87000274658203,76.66000366210938,44.09072494506836,2072500,ETR
2010-05-11,76.08999633789062,78.55999755859375,75.77999877929688,77.62999725341797,44.64860916137695,1608500,ETR
2010-05-12,77.4800033569336,79.26000213623047,77.4800033569336,78.97000122070312,45.4193115234375,1478800,ETR
2010-05-13,78.66000366210938,79.77999877929688,77.81999969482422,78.66999816894531,45.246761322021484,1609600,ETR
2010-05-14,78.20999908447266,78.66999816894531,77.1500015258789,77.41999816894531,44.527828216552734,1510200,ETR
2010-05-17,77.56999969482422,77.77999877929688,76.63999938964844,77.47000122070312,44.556583404541016,1526500,ETR
2010-05-18,77.5999984741211,78.0999984741211,76.81999969482422,76.94999694824219,44.257503509521484,1455800,ETR
2010-05-19,76.80999755859375,77.29000091552734,76.37000274658203,76.80000305175781,44.17124557495117,1259900,ETR
2010-05-20,75.4000015258789,76.37999725341797,74.55000305175781,74.73999786376953,42.98644256591797,1368300,ETR
2010-05-21,74.0,75.05000305175781,72.93000030517578,74.5999984741211,42.90590286254883,2050300,ETR
2010-05-24,74.19000244140625,75.13999938964844,73.63999938964844,73.80000305175781,42.44579315185547,1328900,ETR
2010-05-25,72.4000015258789,72.94999694824219,71.27999877929688,72.81999969482422,41.882144927978516,1755500,ETR
2010-05-26,73.37000274658203,73.93000030517578,72.80000305175781,73.16999816894531,42.08345413208008,1529300,ETR
2010-05-27,73.7300033569336,75.81999969482422,73.61000061035156,75.81999969482422,43.607601165771484,1660000,ETR
2010-05-28,76.0199966430664,76.25,74.66999816894531,75.06999969482422,43.17622375488281,2271700,ETR
2010-06-01,74.94000244140625,75.30999755859375,73.12999725341797,73.2300033569336,42.11796188354492,1751700,ETR
2010-06-02,73.62000274658203,74.33000183105469,73.06999969482422,74.2699966430664,42.71611785888672,1581600,ETR
2010-06-03,74.6500015258789,74.94000244140625,74.30000305175781,74.55000305175781,42.87716293334961,1890700,ETR
2010-06-04,73.61000061035156,73.62999725341797,71.73999786376953,71.98999786376953,41.40478515625,3129300,ETR
2010-06-07,72.23999786376953,73.41000366210938,72.01000213623047,72.3499984741211,41.61183166503906,1753200,ETR
2010-06-08,72.16000366210938,73.01000213623047,71.86000061035156,72.79000091552734,41.864891052246094,2117900,ETR
2010-06-09,73.27999877929688,73.43000030517578,72.05000305175781,72.26000213623047,41.56007385253906,1782000,ETR
2010-06-10,73.0999984741211,73.55000305175781,72.8499984741211,73.41999816894531,42.22724533081055,1510500,ETR
2010-06-11,72.70999908447266,74.5,72.55999755859375,74.38999938964844,42.78512191772461,1710200,ETR
2010-06-14,74.88999938964844,75.73999786376953,74.30999755859375,75.0999984741211,43.19347381591797,1397000,ETR
2010-06-15,75.58000183105469,76.79000091552734,75.3499984741211,76.79000091552734,44.165496826171875,1133000,ETR
2010-06-16,76.30999755859375,78.12000274658203,75.98999786376953,77.4800033569336,44.562339782714844,1522200,ETR
2010-06-17,77.69000244140625,78.08000183105469,76.79000091552734,77.97000122070312,44.844173431396484,1332200,ETR
2010-06-18,78.01000213623047,78.36000061035156,77.68000030517578,78.0999984741211,44.9189338684082,932200,ETR
2010-06-21,78.58000183105469,78.72000122070312,76.81999969482422,77.37999725341797,44.504817962646484,1144500,ETR
2010-06-22,76.12999725341797,76.62999725341797,74.44999694824219,74.73999786376953,42.98644256591797,2875700,ETR
2010-06-23,74.77999877929688,74.97000122070312,73.23999786376953,73.51000213623047,42.278995513916016,1534700,ETR
2010-06-24,73.37999725341797,74.38999938964844,72.94999694824219,73.08999633789062,42.03744125366211,1426000,ETR
2010-06-25,73.12999725341797,73.97000122070312,72.30000305175781,73.43000030517578,42.233001708984375,1599200,ETR
2010-06-28,73.69000244140625,74.30000305175781,73.2300033569336,73.93000030517578,42.52057647705078,1018100,ETR
2010-06-29,73.19999694824219,73.19999694824219,72.01000213623047,72.44000244140625,41.66358947753906,1420800,ETR
2010-06-30,72.12000274658203,72.91000366210938,71.43000030517578,71.62000274658203,41.19197082519531,1726000,ETR
2010-07-01,71.72000122070312,71.7300033569336,70.3499984741211,71.19000244140625,40.94467544555664,1378400,ETR
2010-07-02,71.33999633789062,71.73999786376953,70.45999908447266,70.69999694824219,40.662845611572266,1418000,ETR
2010-07-06,71.52999877929688,72.5199966430664,70.98999786376953,72.18000030517578,41.51405715942383,1416000,ETR
2010-07-07,72.33000183105469,74.31999969482422,72.29000091552734,74.29000091552734,42.72761917114258,1340500,ETR
2010-07-08,74.87999725341797,74.91999816894531,74.16000366210938,74.63999938964844,42.928924560546875,1575400,ETR
2010-07-09,74.56999969482422,76.25,74.33000183105469,76.11000061035156,43.77436447143555,2062100,ETR
2010-07-12,75.58999633789062,76.48999786376953,75.55000305175781,76.01000213623047,43.71687316894531,1110700,ETR
2010-07-13,76.37000274658203,77.12999725341797,75.87999725341797,76.55999755859375,44.0331916809082,1280000,ETR
2010-07-14,76.19999694824219,76.41999816894531,75.31999969482422,76.18000030517578,43.814640045166016,1275900,ETR
2010-07-15,75.98999786376953,77.25,75.75,77.04000091552734,44.30927276611328,1273400,ETR
2010-07-16,76.76000213623047,77.0,75.7300033569336,75.95999908447266,43.68809127807617,1258800,ETR
2010-07-19,76.63999938964844,77.87000274658203,76.16000366210938,77.63999938964844,44.654354095458984,1511400,ETR
2010-07-20,76.61000061035156,78.0999984741211,76.33000183105469,78.0,44.86140823364258,1127300,ETR
2010-07-21,78.22000122070312,78.37000274658203,76.1500015258789,76.55000305175781,44.027442932128906,1038100,ETR
2010-07-22,77.26000213623047,78.51000213623047,77.05000305175781,78.2699966430664,45.016700744628906,1631400,ETR
2010-07-23,78.12000274658203,78.94999694824219,77.61000061035156,78.29000091552734,45.02820587158203,1225000,ETR
2010-07-26,78.44999694824219,79.0,78.30999755859375,78.81999969482422,45.33303451538086,1135000,ETR
2010-07-27,78.30999755859375,79.86000061035156,77.97000122070312,79.77999877929688,45.885169982910156,1360400,ETR
2010-07-28,79.61000061035156,80.02999877929688,79.2699966430664,79.3499984741211,45.637847900390625,1265400,ETR
2010-07-29,79.79000091552734,80.0,77.91999816894531,78.19999694824219,44.97645568847656,1561700,ETR
2010-07-30,77.55999755859375,78.08000183105469,77.16000366210938,77.51000213623047,44.57957458496094,1451800,ETR
2010-08-02,78.3499984741211,79.79000091552734,78.3499984741211,79.55999755859375,45.758636474609375,1494000,ETR
2010-08-03,79.19000244140625,80.0,76.5,79.18000030517578,45.54008483886719,960200,ETR
2010-08-04,79.3499984741211,79.66000366210938,78.30000305175781,78.94000244140625,45.40205764770508,977600,ETR
2010-08-05,78.58999633789062,79.69000244140625,78.19999694824219,79.4800033569336,45.712642669677734,1801700,ETR
2010-08-06,78.62999725341797,79.9800033569336,78.62999725341797,79.75,45.8679313659668,1649000,ETR
2010-08-09,80.0,80.19999694824219,79.5,79.6500015258789,45.81040954589844,1537500,ETR
2010-08-10,78.63999938964844,79.80000305175781,77.86000061035156,79.55000305175781,46.234676361083984,1571100,ETR
2010-08-11,78.58999633789062,78.91000366210938,78.05999755859375,78.58000183105469,45.67091369628906,1433800,ETR
2010-08-12,77.45999908447266,78.37999725341797,77.16999816894531,77.91999816894531,45.28730392456055,1183900,ETR
2010-08-13,77.62999725341797,79.02999877929688,77.5199966430664,78.11000061035156,45.39775085449219,941300,ETR
2010-08-16,77.77999877929688,78.2300033569336,77.06999969482422,78.16000366210938,45.42682647705078,1534900,ETR
2010-08-17,78.66000366210938,79.83000183105469,78.37000274658203,79.2300033569336,46.048709869384766,1108700,ETR
2010-08-18,79.2699966430664,79.66000366210938,78.33999633789062,79.37999725341797,46.13587951660156,1293100,ETR
2010-08-19,79.0999984741211,79.0999984741211,77.04000091552734,77.86000061035156,45.25245666503906,1213900,ETR
2010-08-20,77.29000091552734,77.7699966430664,76.58000183105469,77.45999908447266,45.01996612548828,1092800,ETR
2010-08-23,78.0199966430664,79.02999877929688,77.79000091552734,78.38999938964844,45.560489654541016,1100300,ETR
2010-08-24,77.69000244140625,78.86000061035156,77.51000213623047,78.16999816894531,45.4326171875,1448100,ETR
2010-08-25,77.9000015258789,78.44999694824219,77.20999908447266,78.30999755859375,45.51399612426758,1271100,ETR
2010-08-26,78.66999816894531,78.76000213623047,77.45999908447266,77.5,45.043212890625,1350900,ETR
2010-08-27,77.81999969482422,80.08999633789062,77.58999633789062,79.63999938964844,46.28699493408203,2468900,ETR
2010-08-30,79.55000305175781,79.66999816894531,78.3499984741211,78.3499984741211,45.53725051879883,1183600,ETR
2010-08-31,77.94000244140625,79.2300033569336,77.37000274658203,78.83999633789062,45.82202911376953,1321900,ETR
2010-09-01,79.27999877929688,80.55000305175781,79.25,80.33000183105469,46.68800735473633,2286900,ETR
2010-09-02,80.58999633789062,80.68000030517578,79.58000183105469,79.93000030517578,46.45553207397461,1067100,ETR
2010-09-03,80.41000366210938,80.80000305175781,79.69999694824219,79.97000122070312,46.47878646850586,1513300,ETR
2010-09-07,79.58000183105469,80.26000213623047,79.58000183105469,79.7699966430664,46.3625373840332,1306400,ETR
2010-09-08,80.01000213623047,80.41999816894531,79.45999908447266,79.62000274658203,46.27537536621094,987400,ETR
2010-09-09,80.3499984741211,80.79000091552734,80.18000030517578,80.31999969482422,46.68219757080078,1259000,ETR
2010-09-10,80.18000030517578,80.43000030517578,79.72000122070312,80.08999633789062,46.54852294921875,1144100,ETR
2010-09-13,80.68000030517578,80.68000030517578,79.38999938964844,79.55999755859375,46.2404899597168,1403200,ETR
2010-09-14,78.27999877929688,78.8499984741211,77.04000091552734,78.13999938964844,45.41518020629883,2134500,ETR
2010-09-15,78.06999969482422,78.55000305175781,77.45999908447266,78.37000274658203,45.548858642578125,1367800,ETR
2010-09-16,78.12000274658203,78.44000244140625,77.55000305175781,77.69999694824219,45.159446716308594,1464400,ETR
2010-09-17,78.16000366210938,78.16000366210938,76.54000091552734,76.68000030517578,44.56662368774414,2676100,ETR
2010-09-20,76.29000091552734,77.08999633789062,76.16000366210938,76.75,44.60730743408203,2209900,ETR
2010-09-21,76.54000091552734,76.80000305175781,76.0199966430664,76.37999725341797,44.39227294921875,2670300,ETR
2010-09-22,76.38999938964844,77.38999938964844,76.38999938964844,77.05000305175781,44.78168869018555,1921800,ETR
2010-09-23,76.41000366210938,77.0999984741211,75.87999725341797,76.4000015258789,44.403900146484375,2003200,ETR
2010-09-24,76.69000244140625,77.48999786376953,76.69000244140625,77.05000305175781,44.78168869018555,1804700,ETR
2010-09-27,77.05000305175781,77.93000030517578,76.69999694824219,77.25,44.89790725708008,1646600,ETR
2010-09-28,77.5199966430664,77.69999694824219,76.58999633789062,77.55999755859375,45.078086853027344,1647300,ETR
2010-09-29,77.43000030517578,77.51000213623047,76.45999908447266,77.23999786376953,44.89209747314453,1161700,ETR
2010-09-30,77.44000244140625,77.73999786376953,76.30000305175781,76.52999877929688,44.479434967041016,1334900,ETR
2010-10-01,76.69999694824219,77.41999816894531,76.51000213623047,77.16999816894531,44.8514289855957,1245600,ETR
2010-10-04,77.16999816894531,77.48999786376953,76.16000366210938,76.66000366210938,44.55501174926758,1184000,ETR
2010-10-05,77.30999755859375,77.9000015258789,76.88999938964844,77.63999938964844,45.124576568603516,1296100,ETR
2010-10-06,77.44000244140625,77.58999633789062,76.45999908447266,76.66999816894531,44.56081771850586,1896800,ETR
2010-10-07,77.02999877929688,77.12000274658203,76.41000366210938,76.44000244140625,44.4271354675293,1434100,ETR
2010-10-08,76.30999755859375,76.72000122070312,75.91999816894531,76.12000274658203,44.24116134643555,1427900,ETR
2010-10-11,76.1500015258789,77.87999725341797,76.11000061035156,77.13999938964844,44.833980560302734,1443300,ETR
2010-10-12,76.94000244140625,77.05000305175781,76.4000015258789,76.80999755859375,44.642181396484375,1356700,ETR
2010-10-13,77.26000213623047,77.62000274658203,76.87000274658203,77.30000305175781,44.926979064941406,1359600,ETR
2010-10-14,77.33999633789062,77.75,76.87999725341797,77.0,44.752601623535156,1218100,ETR
2010-10-15,77.54000091552734,77.69000244140625,76.5199966430664,76.97000122070312,44.73518753051758,1445700,ETR
2010-10-18,77.08999633789062,77.72000122070312,77.02999877929688,77.45999908447266,45.01996612548828,702200,ETR
2010-10-19,76.7699966430664,77.06999969482422,76.3499984741211,76.52999877929688,44.479434967041016,1393700,ETR
2010-10-20,76.77999877929688,77.62999725341797,76.70999908447266,77.11000061035156,44.8165397644043,1148800,ETR
2010-10-21,77.0,77.37000274658203,75.08000183105469,75.27999877929688,43.7529296875,2533900,ETR
2010-10-22,75.16000366210938,75.58000183105469,74.5,74.58999633789062,43.35190200805664,1929900,ETR
2010-10-25,74.52999877929688,74.75,73.2699966430664,73.7300033569336,42.852088928222656,1840200,ETR
2010-10-26,73.61000061035156,74.3499984741211,73.27999877929688,74.0999984741211,43.0671272277832,1685400,ETR
2010-10-27,73.6500015258789,73.6500015258789,72.66999816894531,73.26000213623047,42.57890701293945,2233900,ETR
2010-10-28,73.5999984741211,74.20999908447266,73.5999984741211,73.97000122070312,42.9915657043457,2042500,ETR
2010-10-29,73.94999694824219,74.63999938964844,73.66000366210938,74.52999877929688,43.31704330444336,2162000,ETR
2010-11-01,75.37000274658203,77.08000183105469,73.19999694824219,73.83000183105469,42.91019058227539,3107000,ETR
2010-11-02,74.13999938964844,74.83000183105469,74.13999938964844,74.55999755859375,43.3344841003418,1346500,ETR
2010-11-03,74.58000183105469,74.70999908447266,73.79000091552734,74.66000366210938,43.392601013183594,1206100,ETR
2010-11-04,75.18000030517578,75.76000213623047,74.87000274658203,75.4000015258789,43.82268142700195,2127100,ETR
2010-11-05,75.5,75.69000244140625,74.94999694824219,75.4000015258789,43.82268142700195,1278400,ETR
2010-11-08,75.01000213623047,75.2300033569336,74.63999938964844,75.20999908447266,43.712257385253906,1253000,ETR
2010-11-09,74.5,74.7300033569336,73.72000122070312,73.83999633789062,43.39490509033203,1811200,ETR
2010-11-10,73.70999908447266,73.76000213623047,72.61000061035156,73.31999969482422,43.08930969238281,1714600,ETR
2010-11-11,72.91000366210938,73.69999694824219,72.91000366210938,73.41000366210938,43.14220428466797,1951100,ETR
2010-11-12,73.05999755859375,73.18000030517578,72.16000366210938,72.26000213623047,42.466365814208984,1268800,ETR
2010-11-15,72.4000015258789,72.8499984741211,72.37999725341797,72.55000305175781,42.63678741455078,1186700,ETR
2010-11-16,72.0999984741211,72.6500015258789,71.63999938964844,71.98999786376953,42.30768585205078,1438300,ETR
2010-11-17,71.70999908447266,73.0,71.70999908447266,72.6500015258789,42.69554901123047,2474200,ETR
2010-11-18,73.25,73.44999694824219,72.75,73.19000244140625,43.012916564941406,1672900,ETR
2010-11-19,73.01000213623047,74.19000244140625,72.45999908447266,73.73999786376953,43.33614730834961,2611600,ETR
2010-11-22,73.27999877929688,73.55000305175781,72.56999969482422,73.41999816894531,43.14808654785156,1826000,ETR
2010-11-23,72.97000122070312,72.97000122070312,71.80000305175781,72.3499984741211,42.51924514770508,1558400,ETR
2010-11-24,72.5199966430664,72.8499984741211,72.25,72.48999786376953,42.601524353027344,1137700,ETR
2010-11-26,71.80999755859375,72.79000091552734,71.75,72.31999969482422,42.501625061035156,416300,ETR
2010-11-29,72.02999877929688,72.05000305175781,71.22000122070312,71.94999694824219,42.284175872802734,948800,ETR
2010-11-30,71.66000366210938,71.73999786376953,71.12000274658203,71.23999786376953,41.86690902709961,2306200,ETR
2010-12-01,71.95999908447266,72.20999908447266,71.37000274658203,71.8499984741211,42.22541046142578,2053800,ETR
2010-12-02,71.94999694824219,72.55000305175781,71.77999877929688,72.3499984741211,42.51924514770508,1909700,ETR
2010-12-03,72.11000061035156,72.69999694824219,71.98999786376953,72.38999938964844,42.54275131225586,1744400,ETR
2010-12-06,72.30999755859375,72.31999969482422,71.29000091552734,71.33000183105469,41.91980743408203,1290900,ETR
2010-12-07,71.76000213623047,71.9000015258789,70.33999633789062,70.41000366210938,41.37912368774414,2535200,ETR
2010-12-08,70.16000366210938,70.5199966430664,69.36000061035156,69.43000030517578,40.8032112121582,3682300,ETR
2010-12-09,69.48999786376953,69.91000366210938,68.6500015258789,69.81999969482422,41.03240203857422,1943800,ETR
2010-12-10,69.86000061035156,70.5999984741211,69.6500015258789,70.37000274658203,41.35562515258789,1406900,ETR
2010-12-13,70.66999816894531,70.98999786376953,70.41999816894531,70.66999816894531,41.53192901611328,1698300,ETR
2010-12-14,70.55000305175781,71.05000305175781,70.19999694824219,70.70999908447266,41.555450439453125,1314700,ETR
2010-12-15,70.51000213623047,70.72000122070312,70.22000122070312,70.29000091552734,41.30861282348633,1558200,ETR
2010-12-16,70.30000305175781,70.6500015258789,70.04000091552734,70.41999816894531,41.385005950927734,1254900,ETR
2010-12-17,70.0,70.51000213623047,69.7300033569336,70.51000213623047,41.43790817260742,4514000,ETR
2010-12-20,70.51000213623047,70.95999908447266,70.19999694824219,70.79000091552734,41.60246276855469,780500,ETR
2010-12-21,70.86000061035156,71.0,70.11000061035156,70.51000213623047,41.43790817260742,1644200,ETR
2010-12-22,70.47000122070312,71.91999816894531,70.47000122070312,71.56999969482422,42.060848236083984,1257100,ETR
2010-12-23,71.56999969482422,71.72000122070312,71.33000183105469,71.55000305175781,42.04909896850586,844800,ETR
2010-12-27,71.5,71.62000274658203,71.0199966430664,71.44000244140625,41.984466552734375,546300,ETR
2010-12-28,71.41999816894531,71.56999969482422,70.94000244140625,71.5,42.019710540771484,527100,ETR
2010-12-29,71.55000305175781,71.56999969482422,71.06999969482422,71.08000183105469,41.772884368896484,651900,ETR
2010-12-30,71.01000213623047,71.25,70.48999786376953,70.80000305175781,41.60834503173828,848300,ETR
2010-12-31,70.68000030517578,71.0999984741211,70.63999938964844,70.83000183105469,41.62596893310547,608700,ETR
2011-01-03,71.7300033569336,72.19000244140625,71.43000030517578,71.97000122070312,42.29593276977539,1448000,ETR
2011-01-04,72.13999938964844,73.22000122070312,71.58000183105469,73.11000061035156,42.96591567993164,1794600,ETR
2011-01-05,72.23999786376953,72.66000366210938,72.0,72.52999877929688,42.625038146972656,2164800,ETR
2011-01-06,72.25,72.43000030517578,71.80999755859375,72.05000305175781,42.34293746948242,1538200,ETR
2011-01-07,72.2300033569336,72.44999694824219,71.77999877929688,72.3499984741211,42.51924514770508,1473200,ETR
2011-01-10,72.2699966430664,72.76000213623047,72.0,72.62999725341797,42.68380355834961,1255800,ETR
2011-01-11,72.72000122070312,73.02999877929688,72.11000061035156,72.19000244140625,42.425228118896484,1110300,ETR
2011-01-12,72.56999969482422,72.77999877929688,72.20999908447266,72.69999694824219,42.72494125366211,913200,ETR
2011-01-13,72.77999877929688,72.93000030517578,72.36000061035156,72.7699966430664,42.76606750488281,810000,ETR
2011-01-14,72.76000213623047,73.2300033569336,72.52999877929688,73.11000061035156,42.96591567993164,711100,ETR
2011-01-18,72.5999984741211,73.0,72.33999633789062,72.66999816894531,42.707298278808594,1119700,ETR
2011-01-19,72.61000061035156,73.16999816894531,72.41999816894531,72.55999755859375,42.642669677734375,1017500,ETR
2011-01-20,72.62000274658203,73.75,72.62000274658203,73.2300033569336,43.03641891479492,1074400,ETR
2011-01-21,73.66000366210938,73.66000366210938,72.33000183105469,73.04000091552734,42.924747467041016,1134500,ETR
2011-01-24,73.13999938964844,74.5,73.12000274658203,73.7699966430664,43.35376739501953,1539400,ETR
2011-01-25,73.51000213623047,73.81999969482422,73.2699966430664,73.5,43.195098876953125,1319400,ETR
2011-01-26,73.61000061035156,73.7300033569336,72.72000122070312,73.12999725341797,42.97765350341797,877300,ETR
2011-01-27,73.12999725341797,73.27999877929688,72.31999969482422,72.79000091552734,42.77782440185547,1035200,ETR
2011-01-28,72.72000122070312,73.06999969482422,72.0,72.06999969482422,42.35470962524414,960000,ETR
2011-01-31,72.22000122070312,72.47000122070312,71.97000122070312,72.16999816894531,42.41347122192383,1463500,ETR
2011-02-01,72.55000305175781,73.88999938964844,72.52999877929688,73.86000061035156,43.40666198730469,1504300,ETR
2011-02-02,73.5199966430664,73.69000244140625,73.23999786376953,73.33000183105469,43.095184326171875,975100,ETR
2011-02-03,73.37999725341797,73.48999786376953,72.95999908447266,73.20999908447266,43.0246696472168,1106200,ETR
2011-02-04,73.30000305175781,73.36000061035156,72.37999725341797,73.25,43.04817581176758,973100,ETR
2011-02-07,73.44000244140625,73.95999908447266,73.31999969482422,73.91000366210938,43.436058044433594,1409200,ETR
2011-02-08,73.25,73.25,72.41999816894531,72.69999694824219,43.2101936340332,1089100,ETR
2011-02-09,72.05999755859375,72.62999725341797,72.05999755859375,72.62000274658203,43.16263198852539,814000,ETR
2011-02-10,72.36000061035156,72.61000061035156,72.18000030517578,72.48999786376953,43.08536148071289,841900,ETR
2011-02-11,72.11000061035156,72.47000122070312,72.0,72.11000061035156,42.85951614379883,1028500,ETR
2011-02-14,72.16999816894531,72.16999816894531,71.13999938964844,71.36000061035156,42.41373825073242,1669100,ETR
2011-02-15,71.26000213623047,71.95999908447266,71.05000305175781,71.83000183105469,42.693084716796875,866100,ETR
2011-02-16,71.91999816894531,72.06999969482422,71.05000305175781,71.36000061035156,42.41373825073242,691400,ETR
2011-02-17,71.22000122070312,72.0,71.20999908447266,71.80999755859375,42.68120574951172,807400,ETR
2011-02-18,71.55999755859375,71.87999725341797,71.5,71.70999908447266,42.62176513671875,680600,ETR
2011-02-22,71.25,71.66999816894531,71.12000274658203,71.45999908447266,42.473175048828125,786100,ETR
2011-02-23,71.4800033569336,71.66999816894531,71.04000091552734,71.08999633789062,42.253257751464844,909500,ETR
2011-02-24,71.20999908447266,71.27999877929688,70.61000061035156,70.80999755859375,42.086849212646484,1217300,ETR
2011-02-25,71.16000366210938,71.22000122070312,70.56999969482422,70.93000030517578,42.15816879272461,747700,ETR
2011-02-28,71.05000305175781,71.83000183105469,71.0,71.19999694824219,42.318641662597656,1709500,ETR
2011-03-01,71.41999816894531,71.76000213623047,70.8499984741211,70.87999725341797,42.12843704223633,1275900,ETR
2011-03-02,71.0,71.48999786376953,70.69999694824219,71.1500015258789,42.28892517089844,1243300,ETR
2011-03-03,71.54000091552734,72.97000122070312,71.5,72.58000183105469,43.13885498046875,1474000,ETR
2011-03-04,72.63999938964844,72.91000366210938,71.63999938964844,72.25,42.94271469116211,1019400,ETR
2011-03-07,72.54000091552734,73.37999725341797,72.33000183105469,72.94000244140625,43.352821350097656,1393800,ETR
2011-03-08,72.97000122070312,73.54000091552734,72.37999725341797,73.30000305175781,43.56680679321289,1457900,ETR
2011-03-09,73.31999969482422,74.26000213623047,73.20999908447266,74.18000030517578,44.0898323059082,925600,ETR
2011-03-10,73.55999755859375,74.19000244140625,73.22000122070312,73.62999725341797,43.762943267822266,1436700,ETR
2011-03-11,73.58999633789062,74.04000091552734,73.45999908447266,73.69000244140625,43.798606872558594,909800,ETR
2011-03-14,70.98999786376953,71.94999694824219,69.31999969482422,70.08999633789062,41.658897399902344,4903900,ETR
2011-03-15,68.91000366210938,69.30999755859375,68.08999633789062,68.48999786376953,40.707923889160156,3305400,ETR
2011-03-16,68.4000015258789,68.47000122070312,66.30999755859375,66.6500015258789,39.61429214477539,2774400,ETR
2011-03-17,66.87999725341797,67.0,64.72000122070312,65.47000122070312,38.91294860839844,3742600,ETR
2011-03-18,65.91999816894531,66.0199966430664,65.25,65.63999938964844,39.01397705078125,3335900,ETR
2011-03-21,66.4000015258789,66.4000015258789,65.51000213623047,65.69000244140625,39.04370880126953,2183400,ETR
2011-03-22,65.8499984741211,67.16999816894531,65.61000061035156,66.9000015258789,39.76288604736328,2515000,ETR
2011-03-23,66.75,67.19999694824219,66.36000061035156,66.94000244140625,39.78666305541992,1100500,ETR
2011-03-24,67.26000213623047,67.63999938964844,66.9000015258789,67.0,39.822303771972656,1163800,ETR
2011-03-25,67.02999877929688,67.1500015258789,66.43000030517578,66.61000061035156,39.59052276611328,1212200,ETR
2011-03-28,66.9000015258789,67.13999938964844,66.55999755859375,66.5999984741211,39.584571838378906,1014900,ETR
2011-03-29,66.6500015258789,67.52999877929688,66.55999755859375,67.33000183105469,40.018455505371094,1143200,ETR
2011-03-30,67.47000122070312,68.51000213623047,67.47000122070312,68.0,40.41668701171875,1407700,ETR
2011-03-31,68.0,68.58000183105469,67.02999877929688,67.20999908447266,39.947139739990234,1764000,ETR
2011-04-01,67.69000244140625,67.79000091552734,67.19999694824219,67.63999938964844,40.202701568603516,1219200,ETR
2011-04-04,67.87000274658203,67.88999938964844,67.13999938964844,67.33999633789062,40.0244140625,1175300,ETR
2011-04-05,67.31999969482422,67.37000274658203,66.62000274658203,66.73999786376953,39.66777420043945,2006300,ETR
2011-04-06,66.8499984741211,67.69000244140625,66.8499984741211,67.22000122070312,39.953086853027344,1737900,ETR
2011-04-07,67.16000366210938,67.19999694824219,66.62999725341797,66.6500015258789,39.61429214477539,1261100,ETR
2011-04-08,66.86000061035156,67.16000366210938,66.08000183105469,66.30000305175781,39.406272888183594,1867800,ETR
2011-04-11,66.30999755859375,66.4000015258789,65.22000122070312,65.44000244140625,38.895118713378906,3191300,ETR
2011-04-12,65.37000274658203,65.69999694824219,65.19000244140625,65.36000061035156,38.847557067871094,2103800,ETR
2011-04-13,65.69999694824219,65.95999908447266,65.36000061035156,65.52999877929688,38.948604583740234,1901300,ETR
2011-04-14,65.27999877929688,65.93000030517578,65.1500015258789,65.76000213623047,39.08531188964844,1421400,ETR
2011-04-15,65.75,66.8499984741211,65.69999694824219,66.5199966430664,39.537017822265625,1629300,ETR
2011-04-18,66.27999877929688,66.37999725341797,65.6500015258789,65.97000122070312,39.21013641357422,1391300,ETR
2011-04-19,66.19000244140625,67.1500015258789,65.80999755859375,67.12999725341797,39.89958572387695,1986500,ETR
2011-04-20,67.61000061035156,68.25,67.4800033569336,67.69999694824219,40.23837661743164,1703400,ETR
2011-04-21,67.8499984741211,68.08999633789062,67.41000366210938,68.05999755859375,40.45233154296875,999500,ETR
2011-04-25,68.06999969482422,68.95999908447266,67.98999786376953,68.6500015258789,40.80301284790039,1414200,ETR
2011-04-26,69.05999755859375,69.5199966430664,68.69999694824219,69.16000366210938,41.10614013671875,1800000,ETR
2011-04-27,69.36000061035156,69.80000305175781,69.0999984741211,69.63999938964844,41.39143753051758,1581100,ETR
2011-04-28,69.38999938964844,70.0,68.81999969482422,69.9800033569336,41.593505859375,2042300,ETR
2011-04-29,70.05000305175781,70.4000015258789,69.0,69.72000122070312,41.43898391723633,1473300,ETR
2011-05-02,69.75,69.86000061035156,68.75,69.19999694824219,41.12991714477539,1912900,ETR
2011-05-03,69.20999908447266,69.83999633789062,68.68000030517578,69.5199966430664,41.32011795043945,1569500,ETR
2011-05-04,69.44000244140625,69.62000274658203,68.8499984741211,69.30000305175781,41.18935012817383,1293300,ETR
2011-05-05,69.12999725341797,69.31999969482422,68.5,68.69999694824219,40.83272171020508,1418700,ETR
2011-05-06,69.31999969482422,69.81999969482422,69.08999633789062,69.33000183105469,41.20718765258789,1474200,ETR
2011-05-09,69.37000274658203,69.45999908447266,68.55000305175781,69.0199966430664,41.02293395996094,1250600,ETR
2011-05-10,68.37000274658203,69.43000030517578,68.2300033569336,69.0999984741211,41.57037353515625,1325700,ETR
2011-05-11,69.12999725341797,69.25,68.68000030517578,68.94000244140625,41.4741325378418,1565600,ETR
2011-05-12,68.62000274658203,69.87999725341797,68.62000274658203,69.77999877929688,41.9794921875,1310300,ETR
2011-05-13,69.87000274658203,69.94000244140625,68.83000183105469,68.98999786376953,41.50419998168945,1249300,ETR
2011-05-16,68.98999786376953,69.33000183105469,68.66000366210938,68.88999938964844,41.444061279296875,1810500,ETR
2011-05-17,68.87000274658203,69.29000091552734,68.72000122070312,68.98999786376953,41.50419998168945,936800,ETR
2011-05-18,68.98999786376953,69.13999938964844,68.51000213623047,68.83999633789062,41.41396713256836,911800,ETR
2011-05-19,69.22000122070312,69.22000122070312,68.75,69.19000244140625,41.624542236328125,1071200,ETR
2011-05-20,69.05999755859375,69.3499984741211,68.7300033569336,69.04000091552734,41.53428649902344,910200,ETR
2011-05-23,68.41000366210938,68.70999908447266,67.45999908447266,67.5,40.607826232910156,1707800,ETR
2011-05-24,67.7699966430664,67.81999969482422,67.20999908447266,67.2300033569336,40.44540023803711,2079000,ETR
2011-05-25,67.19999694824219,67.26000213623047,66.43000030517578,66.69999694824219,40.12654495239258,1915100,ETR
2011-05-26,66.4800033569336,67.30999755859375,66.44000244140625,67.22000122070312,40.43939208984375,1234800,ETR
2011-05-27,68.4000015258789,68.9800033569336,67.55000305175781,67.7699966430664,40.77024459838867,1864900,ETR
2011-05-31,67.98999786376953,68.16999816894531,67.72000122070312,68.1500015258789,40.99886703491211,1164700,ETR
2011-06-01,68.08000183105469,68.12000274658203,67.37000274658203,67.37999725341797,40.53563690185547,1181200,ETR
2011-06-02,67.52999877929688,67.54000091552734,66.58000183105469,67.25,40.45743179321289,1317100,ETR
2011-06-03,66.5999984741211,67.12000274658203,66.51000213623047,66.61000061035156,40.072410583496094,1287700,ETR
2011-06-06,66.61000061035156,66.70999908447266,66.18000030517578,66.44000244140625,39.97014617919922,867700,ETR
2011-06-07,66.7300033569336,67.37999725341797,66.5199966430664,67.12999725341797,40.38523864746094,1376000,ETR
2011-06-08,67.16999816894531,67.51000213623047,66.91999816894531,67.33999633789062,40.51157760620117,1525400,ETR
2011-06-09,67.4000015258789,68.22000122070312,67.12000274658203,67.87999725341797,40.83644104003906,1174500,ETR
2011-06-10,67.61000061035156,68.05000305175781,67.4800033569336,67.7699966430664,40.77024459838867,1506200,ETR
2011-06-13,67.94999694824219,69.0199966430664,67.80999755859375,68.83999633789062,41.41396713256836,1705700,ETR
2011-06-14,69.44000244140625,70.05000305175781,68.94000244140625,69.37000274658203,41.732818603515625,2183800,ETR
2011-06-15,68.94999694824219,69.69000244140625,68.19000244140625,68.31999969482422,41.101131439208984,1693400,ETR
2011-06-16,68.5199966430664,69.0999984741211,68.4000015258789,68.61000061035156,41.27560806274414,1643500,ETR
2011-06-17,69.02999877929688,69.73999786376953,68.91999816894531,69.3499984741211,41.72078323364258,1391000,ETR
2011-06-20,69.30000305175781,69.70999908447266,68.80000305175781,69.4000015258789,41.7508659362793,1158500,ETR
2011-06-21,69.72000122070312,69.7300033569336,69.12999725341797,69.38999938964844,41.74485397338867,1018300,ETR
2011-06-22,69.0,69.30999755859375,68.73999786376953,68.79000091552734,41.3838996887207,1242300,ETR
2011-06-23,68.30999755859375,68.47000122070312,67.79000091552734,68.22000122070312,41.04097366333008,1329200,ETR
2011-06-24,68.44000244140625,69.02999877929688,67.9800033569336,68.16999816894531,41.01090621948242,3060000,ETR
2011-06-27,68.44000244140625,69.41000366210938,68.29000091552734,69.23999786376953,41.65460205078125,1393300,ETR
2011-06-28,69.31999969482422,69.5,68.94999694824219,69.16000366210938,41.60649108886719,1060600,ETR
2011-06-29,69.3499984741211,69.3499984741211,68.12999725341797,68.29000091552734,41.083099365234375,2403700,ETR
2011-06-30,68.4000015258789,68.4000015258789,67.94000244140625,68.27999877929688,41.07707214355469,1838300,ETR
2011-07-01,68.4000015258789,68.44000244140625,68.08999633789062,68.37999725341797,41.137237548828125,2176700,ETR
2011-07-05,68.12000274658203,68.16000366210938,67.0999984741211,67.33000183105469,40.505550384521484,2194400,ETR
2011-07-06,67.33000183105469,68.5999984741211,67.0199966430664,67.44999694824219,40.57773971557617,2228500,ETR
2011-07-07,67.83000183105469,68.05000305175781,67.12000274658203,68.01000213623047,40.914642333984375,1725800,ETR
2011-07-08,67.69000244140625,68.27999877929688,67.62000274658203,67.94000244140625,40.87253189086914,1545800,ETR
2011-07-11,67.41999816894531,67.56999969482422,66.9000015258789,67.29000091552734,40.48149490356445,1130300,ETR
2011-07-12,67.05000305175781,67.58000183105469,66.9000015258789,67.33999633789062,40.51157760620117,1506600,ETR
2011-07-13,67.5199966430664,67.70999908447266,67.12999725341797,67.33999633789062,40.51157760620117,1291400,ETR
2011-07-14,67.56999969482422,68.1500015258789,67.29000091552734,67.4800033569336,40.59580993652344,1436700,ETR
2011-07-15,67.5199966430664,67.97000122070312,66.8499984741211,67.33999633789062,40.51157760620117,1164800,ETR
2011-07-18,67.3499984741211,67.94999694824219,66.83000183105469,67.22000122070312,40.43939208984375,1683500,ETR
2011-07-19,66.5,67.26000213623047,66.19999694824219,66.79000091552734,40.180686950683594,2320600,ETR
2011-07-20,67.05000305175781,67.77999877929688,66.66000366210938,67.43000030517578,40.56572723388672,1328200,ETR
2011-07-21,67.7300033569336,69.13999938964844,67.58000183105469,68.98999786376953,41.50419998168945,1834800,ETR
2011-07-22,69.05999755859375,69.06999969482422,68.19999694824219,68.30999755859375,41.095115661621094,1399900,ETR
2011-07-25,67.9000015258789,68.95999908447266,67.9000015258789,68.77999877929688,41.377872467041016,1171000,ETR
2011-07-26,68.79000091552734,68.91999816894531,68.3499984741211,68.51000213623047,41.21544647216797,1142400,ETR
2011-07-27,68.38999938964844,68.75,68.0999984741211,68.13999938964844,40.99285888671875,1154400,ETR
2011-07-28,68.0,68.12999725341797,67.16999816894531,67.2699966430664,40.469459533691406,3582600,ETR
2011-07-29,66.93000030517578,67.08999633789062,66.54000091552734,66.80000305175781,40.18670654296875,4343000,ETR
2011-08-01,67.23999786376953,67.37999725341797,66.2300033569336,66.41000366210938,39.95209884643555,3631300,ETR
2011-08-02,66.1500015258789,66.41000366210938,65.19000244140625,65.25,39.254234313964844,3229900,ETR
2011-08-03,65.25,65.27999877929688,64.23999786376953,65.06999969482422,39.14594650268555,1787200,ETR
2011-08-04,64.4000015258789,64.5999984741211,62.540000915527344,62.54999923706055,37.62993240356445,2547300,ETR
2011-08-05,63.040000915527344,63.2599983215332,61.5099983215332,62.84000015258789,37.80438232421875,2741400,ETR
2011-08-08,62.02000045776367,62.38999938964844,59.31999969482422,59.56999969482422,35.83715057373047,3131100,ETR
2011-08-09,59.630001068115234,61.310001373291016,57.599998474121094,61.209999084472656,37.34409713745117,3502100,ETR
2011-08-10,60.560001373291016,61.95000076293945,59.22999954223633,60.209999084472656,36.734004974365234,3515800,ETR
2011-08-11,60.310001373291016,62.72999954223633,60.11000061035156,62.189998626708984,37.941993713378906,2013600,ETR
2011-08-12,62.599998474121094,63.0,61.189998626708984,61.54999923706055,37.55153274536133,1370500,ETR
2011-08-15,61.810001373291016,63.61000061035156,61.79999923706055,63.58000183105469,38.790035247802734,1368000,ETR
2011-08-16,63.029998779296875,63.4900016784668,62.61000061035156,63.15999984741211,38.533790588378906,976800,ETR
2011-08-17,63.45000076293945,64.47000122070312,63.34000015258789,63.58000183105469,38.790035247802734,1068200,ETR
2011-08-18,62.36000061035156,62.84000015258789,61.529998779296875,62.47999954223633,38.118934631347656,1982400,ETR
2011-08-19,61.7599983215332,62.619998931884766,61.65999984741211,61.880001068115234,37.752872467041016,1595900,ETR
2011-08-22,62.68000030517578,63.0,61.380001068115234,61.630001068115234,37.60033416748047,1395300,ETR
2011-08-23,61.939998626708984,62.959999084472656,61.08000183105469,62.36000061035156,38.045711517333984,3428900,ETR
2011-08-24,62.349998474121094,64.23999786376953,62.09000015258789,63.939998626708984,39.009666442871094,1690600,ETR
2011-08-25,64.0999984741211,64.16000366210938,62.52000045776367,62.86000061035156,38.35076904296875,1227100,ETR
2011-08-26,62.4900016784668,62.7400016784668,61.16999816894531,62.43000030517578,38.08842468261719,1091900,ETR
2011-08-29,63.220001220703125,64.69000244140625,63.220001220703125,64.62999725341797,39.430633544921875,1485800,ETR
2011-08-30,64.5,64.88999938964844,64.13999938964844,64.58999633789062,39.40623092651367,888700,ETR
2011-08-31,64.7699966430664,65.44000244140625,64.58999633789062,65.20999908447266,39.78449249267578,1432700,ETR
2011-09-01,65.4000015258789,65.94000244140625,64.8499984741211,64.94000244140625,39.61977005004883,1522500,ETR
2011-09-02,64.19000244140625,64.26000213623047,63.540000915527344,63.619998931884766,38.814430236816406,1236300,ETR
2011-09-06,62.599998474121094,63.08000183105469,61.720001220703125,63.0099983215332,38.44227981567383,1137100,ETR
2011-09-07,63.709999084472656,64.05999755859375,63.33000183105469,63.970001220703125,39.0279655456543,853300,ETR
2011-09-08,63.61000061035156,64.4800033569336,63.38999938964844,63.790000915527344,38.91816329956055,1186000,ETR
2011-09-09,63.38999938964844,63.40999984741211,62.02000045776367,62.29999923706055,38.00910186767578,1359100,ETR
2011-09-12,61.84000015258789,62.970001220703125,61.619998931884766,62.900001525878906,38.37516403198242,1179200,ETR
2011-09-13,62.959999084472656,63.630001068115234,62.529998779296875,63.540000915527344,38.76563262939453,1515900,ETR
2011-09-14,63.61000061035156,64.06999969482422,63.02000045776367,63.56999969482422,38.783939361572266,1729700,ETR
2011-09-15,63.86000061035156,64.91999816894531,63.619998931884766,64.58000183105469,39.4001350402832,1315400,ETR
2011-09-16,64.80000305175781,65.98999786376953,64.75,65.5999984741211,40.02242660522461,1957500,ETR
2011-09-19,64.81999969482422,65.52999877929688,64.66999816894531,65.2699966430664,39.821102142333984,1086500,ETR
2011-09-20,65.5,67.69000244140625,65.45999908447266,66.45999908447266,40.54713439941406,1827400,ETR
2011-09-21,66.33000183105469,66.75,65.0999984741211,65.18000030517578,39.76618957519531,1422500,ETR
2011-09-22,63.9900016784668,64.48999786376953,63.31999969482422,64.2300033569336,39.186607360839844,1839400,ETR
2011-09-23,64.19999694824219,65.88999938964844,64.0199966430664,65.2699966430664,39.821102142333984,1841800,ETR
2011-09-26,66.01000213623047,66.61000061035156,65.30999755859375,66.52999877929688,40.58982849121094,1388100,ETR
2011-09-27,67.5,67.9000015258789,66.5199966430664,66.80999755859375,40.76063919067383,1973500,ETR
2011-09-28,66.87999725341797,67.37000274658203,65.87000274658203,66.0,40.266475677490234,1498300,ETR
2011-09-29,67.04000091552734,67.27999877929688,66.25,67.0199966430664,40.88877868652344,3001900,ETR
2011-09-30,66.62000274658203,67.30000305175781,66.2300033569336,66.29000091552734,40.443397521972656,1548400,ETR
2011-10-03,66.05999755859375,66.83999633789062,64.51000213623047,64.55999755859375,39.3879280090332,1414500,ETR
2011-10-04,64.12999725341797,64.4000015258789,62.65999984741211,64.37999725341797,39.278106689453125,1390800,ETR
2011-10-05,64.58000183105469,64.69999694824219,63.560001373291016,64.41999816894531,39.302528381347656,1149100,ETR
2011-10-06,64.37999725341797,64.72000122070312,63.95000076293945,64.69000244140625,39.467247009277344,1180400,ETR
2011-10-07,64.94999694824219,65.87000274658203,64.5999984741211,65.37999725341797,39.888206481933594,1539200,ETR
2011-10-10,66.12000274658203,66.70999908447266,66.06999969482422,66.70999908447266,40.69964599609375,1027000,ETR
2011-10-11,66.63999938964844,66.63999938964844,65.62999725341797,65.72000122070312,40.09565734863281,1425000,ETR
2011-10-12,65.94000244140625,66.25,65.58000183105469,65.9800033569336,40.25426483154297,1715200,ETR
2011-10-13,65.6500015258789,66.30999755859375,65.5,66.2300033569336,40.406795501708984,1346900,ETR
2011-10-14,66.6500015258789,66.80000305175781,66.19999694824219,66.69000244140625,40.68743896484375,1128100,ETR
2011-10-17,66.66999816894531,66.8499984741211,66.06999969482422,66.0999984741211,40.32748794555664,821100,ETR
2011-10-18,66.22000122070312,67.16000366210938,65.66999816894531,66.80000305175781,40.754547119140625,1405600,ETR
2011-10-19,66.88999938964844,67.94000244140625,66.88999938964844,66.98999786376953,40.8704719543457,1120700,ETR
2011-10-20,67.0999984741211,67.75,66.86000061035156,67.5199966430664,41.193817138671875,1244700,ETR
2011-10-21,68.05999755859375,68.5,67.94999694824219,68.4800033569336,41.77950668334961,1017800,ETR
2011-10-24,68.48999786376953,68.83999633789062,68.05000305175781,68.83999633789062,41.9991569519043,1205500,ETR
2011-10-25,67.98999786376953,68.80999755859375,67.98999786376953,68.2699966430664,41.65139389038086,1263600,ETR
2011-10-26,68.95999908447266,69.20999908447266,68.37999725341797,68.91000366210938,42.04185485839844,1273300,ETR
2011-10-27,69.93000030517578,70.16000366210938,69.41000366210938,69.68000030517578,42.51163864135742,1876300,ETR
2011-10-28,69.7699966430664,69.7699966430664,68.88999938964844,69.01000213623047,42.102867126464844,1537300,ETR
2011-10-31,68.5199966430664,69.66999816894531,68.5199966430664,69.16999816894531,42.200477600097656,1973900,ETR
2011-11-01,68.19999694824219,70.0,67.6500015258789,67.91000366210938,41.431758880615234,2136800,ETR
2011-11-02,68.83999633789062,69.45999908447266,68.54000091552734,68.79000091552734,41.96865463256836,1339000,ETR
2011-11-03,69.12999725341797,69.66000366210938,68.62999725341797,69.55999755859375,42.43843460083008,4634600,ETR
2011-11-04,69.12000274658203,69.55999755859375,68.75,69.45999908447266,42.377410888671875,4617700,ETR
2011-11-07,68.9000015258789,69.41999816894531,68.41999816894531,69.41999816894531,42.35301208496094,2097900,ETR
2011-11-08,68.30000305175781,68.88999938964844,68.02999877929688,68.88999938964844,42.53825759887695,1710200,ETR
2011-11-09,67.93000030517578,68.63999938964844,67.70999908447266,68.01000213623047,41.99485778808594,1817200,ETR
2011-11-10,68.63999938964844,69.33999633789062,68.16999816894531,69.0199966430664,42.61851501464844,1955600,ETR
2011-11-11,69.30999755859375,70.13999938964844,69.30999755859375,69.94999694824219,43.19277572631836,1612900,ETR
2011-11-14,69.8499984741211,70.04000091552734,68.95999908447266,69.0,42.6061897277832,3218000,ETR
2011-11-15,68.97000122070312,70.05999755859375,68.97000122070312,69.94999694824219,43.19277572631836,2138800,ETR
2011-11-16,69.37000274658203,70.12999725341797,69.08999633789062,69.37000274658203,42.83464050292969,1738200,ETR
2011-11-17,69.41999816894531,69.41999816894531,67.80999755859375,68.37000274658203,42.2171630859375,1648000,ETR
2011-11-18,68.81999969482422,69.0999984741211,68.37000274658203,68.7699966430664,42.46415710449219,1519300,ETR
2011-11-21,68.41999816894531,68.61000061035156,67.56999969482422,68.30000305175781,42.17394256591797,1348700,ETR
2011-11-22,68.23999786376953,68.41999816894531,67.30999755859375,67.36000061035156,41.593505859375,1108400,ETR
2011-11-23,67.11000061035156,67.2300033569336,66.19999694824219,66.30000305175781,40.93898010253906,808700,ETR
2011-11-25,66.48999786376953,67.20999908447266,66.4000015258789,66.54000091552734,41.08717727661133,414200,ETR
2011-11-28,68.0199966430664,68.26000213623047,66.87000274658203,67.18000030517578,41.48236846923828,1002500,ETR
2011-11-29,67.5199966430664,68.27999877929688,67.41999816894531,67.94999694824219,41.95780563354492,718500,ETR
2011-11-30,69.25,70.37999725341797,69.04000091552734,70.36000061035156,43.44595718383789,1929200,ETR
2011-12-01,70.31999969482422,70.91000366210938,70.0,70.52999877929688,43.550926208496094,1428000,ETR
2011-12-02,71.0,71.0,69.54000091552734,69.63999938964844,43.00135803222656,1548900,ETR
2011-12-05,72.76000213623047,74.0,71.77999877929688,72.38999938964844,44.699432373046875,4283700,ETR
2011-12-06,72.66999816894531,72.87000274658203,71.41000366210938,71.94000244140625,44.42156219482422,2019600,ETR
2011-12-07,71.79000091552734,72.55000305175781,71.5,72.12999725341797,44.538883209228516,1264300,ETR
2011-12-08,71.9800033569336,71.98999786376953,70.45999908447266,70.61000061035156,43.600303649902344,1392900,ETR
2011-12-09,70.86000061035156,71.41000366210938,70.80999755859375,71.2699966430664,44.007843017578125,987100,ETR
2011-12-12,71.0199966430664,71.56999969482422,70.30999755859375,70.81999969482422,43.729984283447266,996100,ETR
2011-12-13,71.06999969482422,71.97000122070312,70.79000091552734,71.01000213623047,43.847312927246094,1290100,ETR
2011-12-14,71.02999877929688,71.19000244140625,70.44000244140625,70.5999984741211,43.59413146972656,1040600,ETR
2011-12-15,71.08999633789062,71.86000061035156,70.94999694824219,71.58000183105469,44.19926834106445,1208600,ETR
2011-12-16,71.8499984741211,72.01000213623047,71.25,71.63999938964844,44.236324310302734,2065500,ETR
2011-12-19,71.62000274658203,72.0,70.7699966430664,70.98999786376953,43.83495330810547,985400,ETR
2011-12-20,71.76000213623047,72.30000305175781,71.63999938964844,71.9800033569336,44.44627380371094,1191900,ETR
2011-12-21,71.80999755859375,72.91000366210938,71.80999755859375,72.76000213623047,44.92790985107422,1406400,ETR
2011-12-22,72.87999725341797,73.12000274658203,72.63999938964844,72.87999725341797,45.00200653076172,938400,ETR
2011-12-23,73.1500015258789,73.62999725341797,72.77999877929688,73.13999938964844,45.162540435791016,603700,ETR
2011-12-27,73.0,73.75,73.0,73.58999633789062,45.44042205810547,587400,ETR
2011-12-28,73.5199966430664,73.75,73.04000091552734,73.13999938964844,45.162540435791016,542100,ETR
2011-12-29,73.4000015258789,73.80000305175781,73.16999816894531,73.6500015258789,45.47745895385742,482700,ETR
2011-12-30,73.76000213623047,73.80000305175781,73.04000091552734,73.05000305175781,45.106964111328125,786400,ETR
2012-01-03,73.6500015258789,73.66000366210938,72.05999755859375,72.5199966430664,44.77970886230469,1805800,ETR
2012-01-04,72.48999786376953,72.56999969482422,71.66999816894531,71.9000015258789,44.39686584472656,977200,ETR
2012-01-05,71.91999816894531,72.1500015258789,71.2699966430664,71.9000015258789,44.39686584472656,1000000,ETR
2012-01-06,72.0,72.08999633789062,71.30000305175781,71.5,44.14987564086914,795400,ETR
2012-01-09,71.76000213623047,71.7699966430664,71.33000183105469,71.58999633789062,44.2054557800293,779800,ETR
2012-01-10,72.08999633789062,72.5199966430664,71.37999725341797,72.0,44.458621978759766,823000,ETR
2012-01-11,71.62000274658203,71.97000122070312,71.18000030517578,71.5999984741211,44.21162796020508,791300,ETR
2012-01-12,71.75,71.83999633789062,71.22000122070312,71.43000030517578,44.10664749145508,863000,ETR
2012-01-13,71.19999694824219,71.41999816894531,70.75,71.11000061035156,43.90906524658203,934000,ETR
2012-01-17,71.7699966430664,72.11000061035156,70.69999694824219,70.9000015258789,43.77939987182617,1254100,ETR
2012-01-18,70.75,71.37999725341797,70.2699966430664,71.23999786376953,43.98933792114258,1385400,ETR
2012-01-19,71.12999725341797,71.33000183105469,70.3499984741211,70.66000366210938,43.631195068359375,1361400,ETR
2012-01-20,70.94000244140625,71.2699966430664,69.30999755859375,69.93000030517578,43.18043518066406,2346500,ETR
2012-01-23,70.87999725341797,70.87999725341797,69.7300033569336,70.69999694824219,43.65589141845703,1720300,ETR
2012-01-24,70.19000244140625,70.19000244140625,69.02999877929688,69.45999908447266,42.89021682739258,1479800,ETR
2012-01-25,69.0199966430664,71.05999755859375,68.66999816894531,70.88999938964844,43.77320861816406,1156500,ETR
2012-01-26,71.06999969482422,72.08000183105469,70.88999938964844,71.30000305175781,44.0263786315918,1299100,ETR
2012-01-27,71.01000213623047,71.16999816894531,70.4800033569336,70.62000274658203,43.60649108886719,779100,ETR
2012-01-30,70.16000366210938,70.5199966430664,69.83999633789062,70.43000030517578,43.48917007446289,3127400,ETR
2012-01-31,69.80999755859375,70.62999725341797,68.22000122070312,69.37999725341797,42.84081268310547,2271800,ETR
2012-02-01,69.54000091552734,69.9800033569336,69.25,69.38999938964844,42.84699630737305,1344300,ETR
2012-02-02,69.37999725341797,69.76000213623047,69.13999938964844,69.36000061035156,42.8284797668457,1086700,ETR
2012-02-03,69.75,69.93000030517578,68.6500015258789,69.04000091552734,42.63086700439453,1113500,ETR
2012-02-06,69.12999725341797,69.12999725341797,68.31999969482422,68.76000213623047,42.45798110961914,1661800,ETR
2012-02-07,67.79000091552734,68.6500015258789,67.5999984741211,68.37999725341797,42.739234924316406,1802600,ETR
2012-02-08,68.12000274658203,68.29000091552734,67.80999755859375,68.05999755859375,42.53923034667969,1181700,ETR
2012-02-09,68.01000213623047,68.30000305175781,67.63999938964844,68.22000122070312,42.639244079589844,1447700,ETR
2012-02-10,67.86000061035156,68.05999755859375,67.51000213623047,67.80000305175781,42.37672805786133,1074000,ETR
2012-02-13,68.0,68.12999725341797,67.30999755859375,67.38999938964844,42.12046432495117,1188200,ETR
2012-02-14,67.20999908447266,68.05999755859375,67.19000244140625,67.73999786376953,42.33921432495117,965400,ETR
2012-02-15,67.94000244140625,67.95999908447266,67.18000030517578,67.37000274658203,42.107975006103516,868600,ETR
2012-02-16,67.5199966430664,68.8499984741211,67.4800033569336,68.29000091552734,42.682979583740234,1280800,ETR
2012-02-17,68.2699966430664,68.47000122070312,67.62999725341797,67.77999877929688,42.364234924316406,894200,ETR
2012-02-21,68.08999633789062,68.08999633789062,67.30999755859375,67.4800033569336,42.17671585083008,769600,ETR
2012-02-22,67.87999725341797,67.87999725341797,67.22000122070312,67.48999786376953,42.18296432495117,859100,ETR
2012-02-23,67.58000183105469,67.72000122070312,67.04000091552734,67.1500015258789,41.97045135498047,926100,ETR
2012-02-24,67.1500015258789,67.52999877929688,67.01000213623047,67.13999938964844,41.96421813964844,882300,ETR
2012-02-27,67.0199966430664,67.38999938964844,66.76000213623047,67.08000183105469,41.92671585083008,766400,ETR
2012-02-28,67.19999694824219,67.45999908447266,66.72000122070312,66.91000366210938,41.820457458496094,952000,ETR
2012-02-29,66.98999786376953,67.04000091552734,66.37999725341797,66.62999725341797,41.645450592041016,1158700,ETR
2012-03-01,67.16999816894531,67.58000183105469,66.66000366210938,67.27999877929688,42.05170440673828,1315100,ETR
2012-03-02,67.19999694824219,67.58999633789062,66.70999908447266,67.12999725341797,41.95795440673828,841100,ETR
2012-03-05,67.0,67.27999877929688,66.62999725341797,67.12000274658203,41.95170974731445,549600,ETR
2012-03-06,66.77999877929688,67.08999633789062,66.30000305175781,66.76000213623047,41.7266845703125,839600,ETR
2012-03-07,66.7300033569336,66.91000366210938,66.2300033569336,66.83000183105469,41.77045822143555,668700,ETR
2012-03-08,67.1500015258789,67.48999786376953,66.97000122070312,67.30999755859375,42.07046127319336,686500,ETR
2012-03-09,67.33999633789062,68.19999694824219,67.12000274658203,67.87000274658203,42.42048645019531,832700,ETR
2012-03-12,67.80000305175781,68.62000274658203,67.80000305175781,68.3499984741211,42.720489501953125,822600,ETR
2012-03-13,68.55999755859375,68.56999969482422,67.94000244140625,68.5,42.814247131347656,740100,ETR
2012-03-14,68.62999725341797,68.83999633789062,67.62999725341797,67.80000305175781,42.37672805786133,984300,ETR
2012-03-15,67.72000122070312,68.0199966430664,67.2699966430664,67.94999694824219,42.47047805786133,763800,ETR
2012-03-16,67.91000366210938,68.12000274658203,67.66999816894531,67.87000274658203,42.42048645019531,1952700,ETR
2012-03-19,67.93000030517578,68.31999969482422,67.2300033569336,67.33000183105469,42.08296203613281,1015400,ETR
2012-03-20,67.06999969482422,67.58000183105469,67.0,67.23999786376953,42.026710510253906,980000,ETR
2012-03-21,67.2300033569336,67.44000244140625,66.80000305175781,66.88999938964844,41.807952880859375,703800,ETR
2012-03-22,66.66000366210938,67.02999877929688,66.45999908447266,66.7300033569336,41.70796203613281,1141200,ETR
2012-03-23,66.91000366210938,67.0999984741211,66.7699966430664,66.83000183105469,41.77045822143555,704600,ETR
2012-03-26,67.11000061035156,67.58000183105469,66.94000244140625,67.52999877929688,42.20795440673828,1259700,ETR
2012-03-27,67.62999725341797,67.97000122070312,67.26000213623047,67.63999938964844,42.27671813964844,1003400,ETR
2012-03-28,67.44999694824219,67.68000030517578,66.54000091552734,66.72000122070312,41.70169448852539,1189100,ETR
2012-03-29,66.4800033569336,67.05999755859375,66.33999633789062,66.93000030517578,41.83295822143555,1005700,ETR
2012-03-30,67.08999633789062,67.41000366210938,66.87000274658203,67.19999694824219,42.001705169677734,1456800,ETR
2012-04-02,67.2300033569336,68.12999725341797,67.12999725341797,67.48999786376953,42.18296432495117,1822100,ETR
2012-04-03,67.55000305175781,67.63999938964844,66.54000091552734,66.94000244140625,41.839210510253906,1797300,ETR
2012-04-04,66.66999816894531,67.4000015258789,66.56999969482422,67.0999984741211,41.93921661376953,1346400,ETR
2012-04-05,67.0199966430664,67.0199966430664,66.1500015258789,66.37999725341797,41.48918914794922,859300,ETR
2012-04-09,65.77999877929688,66.30000305175781,65.77999877929688,66.06999969482422,41.29543685913086,874800,ETR
2012-04-10,65.93000030517578,65.93000030517578,64.91000366210938,64.95999908447266,40.60165023803711,1732800,ETR
2012-04-11,65.22000122070312,65.52999877929688,65.0,65.41000366210938,40.882911682128906,1717700,ETR
2012-04-12,65.61000061035156,66.20999908447266,65.30999755859375,66.16000366210938,41.3516845703125,1361600,ETR
2012-04-13,66.12999725341797,66.51000213623047,65.47000122070312,65.5,40.93916320800781,1303400,ETR
2012-04-16,65.66999816894531,66.36000061035156,65.61000061035156,66.0999984741211,41.314178466796875,1953200,ETR
2012-04-17,66.43000030517578,66.58999633789062,65.75,66.44999694824219,41.53293991088867,1033700,ETR
2012-04-18,66.16999816894531,66.5999984741211,66.0,66.2699966430664,41.4204216003418,1276400,ETR
2012-04-19,65.98999786376953,66.08999633789062,64.98999786376953,65.37000274658203,40.85791778564453,2148800,ETR
2012-04-20,65.47000122070312,65.9000015258789,65.23999786376953,65.6500015258789,41.03292465209961,1655900,ETR
2012-04-23,65.25,65.66999816894531,65.08999633789062,65.58999633789062,40.995418548583984,1233500,ETR
2012-04-24,65.6500015258789,65.9800033569336,65.37000274658203,65.94000244140625,41.21417999267578,1327800,ETR
2012-04-25,66.2300033569336,66.2300033569336,65.44999694824219,65.76000213623047,41.1016731262207,1349600,ETR
2012-04-26,65.6500015258789,66.19999694824219,65.16000366210938,66.19000244140625,41.37043380737305,4336300,ETR
2012-04-27,66.37000274658203,66.6500015258789,65.12999725341797,65.30000305175781,40.81416320800781,4598700,ETR
2012-04-30,65.31999969482422,65.70999908447266,65.1500015258789,65.55999755859375,40.9766731262207,3865500,ETR
2012-05-01,65.69999694824219,66.4800033569336,65.58000183105469,66.30000305175781,41.43918991088867,1491200,ETR
2012-05-02,66.18000030517578,66.54000091552734,65.77999877929688,65.97000122070312,41.23292922973633,1147800,ETR
2012-05-03,65.8499984741211,66.16999816894531,65.08000183105469,65.16000366210938,40.72666549682617,1476900,ETR
2012-05-04,65.13999938964844,65.58000183105469,64.93000030517578,65.11000061035156,40.69541549682617,985900,ETR
2012-05-07,65.0999984741211,65.20999908447266,64.6500015258789,64.95999908447266,40.60165023803711,1079700,ETR
2012-05-08,63.880001068115234,64.41999816894531,63.849998474121094,64.16000366210938,40.62064743041992,1384600,ETR
2012-05-09,63.720001220703125,64.63999938964844,63.66999816894531,64.31999969482422,40.7219352722168,1117200,ETR
2012-05-10,64.58000183105469,64.9800033569336,64.5,64.62000274658203,40.91188049316406,809800,ETR
2012-05-11,64.5,65.26000213623047,64.31999969482422,64.72000122070312,40.975196838378906,1043200,ETR
2012-05-14,64.29000091552734,64.58999633789062,63.7599983215332,64.26000213623047,40.6839599609375,986100,ETR
2012-05-15,64.19999694824219,64.38999938964844,63.5,63.65999984741211,40.30408477783203,1025800,ETR
2012-05-16,63.939998626708984,63.939998626708984,63.459999084472656,63.56999969482422,40.24710464477539,818400,ETR
2012-05-17,63.63999938964844,63.77000045776367,63.09000015258789,63.099998474121094,39.949546813964844,1062100,ETR
2012-05-18,63.27000045776367,63.689998626708984,62.970001220703125,63.08000183105469,39.936885833740234,1317800,ETR
2012-05-21,63.13999938964844,63.54999923706055,62.97999954223633,63.54999923706055,40.23444366455078,920100,ETR
2012-05-22,63.52000045776367,64.5999984741211,63.45000076293945,64.16999816894531,40.62697982788086,1528800,ETR
2012-05-23,64.01000213623047,64.44000244140625,63.41999816894531,63.65999984741211,40.30408477783203,1040800,ETR
2012-05-24,63.77000045776367,64.70999908447266,63.630001068115234,64.3499984741211,40.74093246459961,976800,ETR
2012-05-25,64.4800033569336,64.86000061035156,64.33000183105469,64.51000213623047,40.84223556518555,867800,ETR
2012-05-29,64.87999725341797,64.97000122070312,64.58000183105469,64.8499984741211,41.057498931884766,861700,ETR
2012-05-30,64.51000213623047,65.1500015258789,64.33000183105469,64.44000244140625,40.797916412353516,972700,ETR
2012-05-31,64.44000244140625,64.97000122070312,64.22000122070312,64.52999877929688,40.854896545410156,1056400,ETR
2012-06-01,63.959999084472656,64.98999786376953,63.959999084472656,64.3499984741211,40.74093246459961,911200,ETR
2012-06-04,64.4800033569336,64.66999816894531,64.2300033569336,64.54000091552734,40.861228942871094,889800,ETR
2012-06-05,64.47000122070312,65.1500015258789,64.30999755859375,64.93000030517578,41.108150482177734,1345600,ETR
2012-06-06,65.05999755859375,65.19999694824219,64.61000061035156,65.19999694824219,41.279090881347656,2290200,ETR
2012-06-07,65.63999938964844,66.30000305175781,65.48999786376953,66.05999755859375,41.82356643676758,1272700,ETR
2012-06-08,65.31999969482422,66.41999816894531,65.31999969482422,66.27999877929688,41.96285629272461,1030300,ETR
2012-06-11,66.5999984741211,66.94000244140625,66.05999755859375,66.05999755859375,41.82356643676758,1039000,ETR
2012-06-12,66.06999969482422,66.23999786376953,65.69999694824219,66.23999786376953,41.937530517578125,816000,ETR
2012-06-13,66.12999725341797,66.44999694824219,65.73999786376953,66.16000366210938,41.886878967285156,639000,ETR
2012-06-14,66.11000061035156,66.37000274658203,65.87999725341797,66.0999984741211,41.84889602661133,1089500,ETR
2012-06-15,66.16000366210938,66.69000244140625,66.16000366210938,66.55000305175781,42.1337890625,1102200,ETR
2012-06-18,66.93000030517578,66.93000030517578,66.31999969482422,66.75,42.260414123535156,698800,ETR
2012-06-19,66.66000366210938,67.44999694824219,66.58999633789062,66.97000122070312,42.39970397949219,1117600,ETR
2012-06-20,66.9000015258789,67.37999725341797,66.31999969482422,66.6500015258789,42.197105407714844,857600,ETR
2012-06-21,66.83000183105469,67.12000274658203,66.4000015258789,66.55000305175781,42.1337890625,1553400,ETR
2012-06-22,66.83999633789062,66.94000244140625,66.47000122070312,66.69999694824219,42.228759765625,1113000,ETR
2012-06-25,66.26000213623047,66.58000183105469,66.0999984741211,66.45999908447266,42.076812744140625,778100,ETR
2012-06-26,66.62000274658203,66.87000274658203,66.43000030517578,66.70999908447266,42.23508834838867,751400,ETR
2012-06-27,66.16000366210938,67.45999908447266,66.16000366210938,67.33999633789062,42.63395309448242,647600,ETR
2012-06-28,66.9800033569336,67.63999938964844,66.95999908447266,67.58000183105469,42.785911560058594,738200,ETR
2012-06-29,68.12000274658203,68.19999694824219,67.37000274658203,67.88999938964844,42.982147216796875,842700,ETR
2012-07-02,68.1500015258789,68.6500015258789,67.83999633789062,68.58000183105469,43.41902542114258,819800,ETR
2012-07-03,68.55000305175781,68.75,68.11000061035156,68.52999877929688,43.38734817504883,511100,ETR
2012-07-05,68.30000305175781,68.45999908447266,67.94000244140625,67.94000244140625,43.01383972167969,871000,ETR
2012-07-06,67.54000091552734,68.08999633789062,67.52999877929688,67.87999725341797,42.9758415222168,684600,ETR
2012-07-09,67.9000015258789,68.2699966430664,67.7300033569336,67.9800033569336,43.039161682128906,725200,ETR
2012-07-10,67.97000122070312,68.38999938964844,67.9000015258789,68.01000213623047,43.058128356933594,625800,ETR
2012-07-11,68.06999969482422,69.29000091552734,68.06999969482422,69.16999816894531,43.79254913330078,1248300,ETR
2012-07-12,68.97000122070312,69.7699966430664,68.80999755859375,69.45999908447266,43.97616195678711,1050600,ETR
2012-07-13,69.4800033569336,69.9000015258789,69.33999633789062,69.5999984741211,44.06480407714844,928900,ETR
2012-07-16,69.55000305175781,70.0,69.45999908447266,69.91000366210938,44.26106643676758,830600,ETR
2012-07-17,69.93000030517578,70.44999694824219,69.4800033569336,70.44999694824219,44.602943420410156,870700,ETR
2012-07-18,70.45999908447266,71.55999755859375,70.3499984741211,71.5199966430664,45.280357360839844,1249400,ETR
2012-07-19,71.37999725341797,71.62000274658203,70.69999694824219,71.47000122070312,45.24871826171875,852600,ETR
2012-07-20,71.33999633789062,71.94000244140625,71.01000213623047,71.30999755859375,45.14741516113281,950000,ETR
2012-07-23,71.06999969482422,71.22000122070312,70.4000015258789,71.0,44.95115661621094,895600,ETR
2012-07-24,71.19999694824219,71.3499984741211,70.69000244140625,70.98999786376953,44.94481658935547,1085300,ETR
2012-07-25,71.23999786376953,71.37000274658203,70.54000091552734,70.80999755859375,44.83085250854492,795000,ETR
2012-07-26,71.44999694824219,71.80999755859375,71.04000091552734,71.48999786376953,45.26137924194336,777400,ETR
2012-07-27,71.69000244140625,72.75,71.69000244140625,72.58999633789062,45.95780944824219,991400,ETR
2012-07-30,72.4000015258789,73.12999725341797,72.31999969482422,73.05999755859375,46.2553596496582,995900,ETR
2012-07-31,74.5,74.5,72.31999969482422,72.66999816894531,46.00845718383789,1493200,ETR
2012-08-01,72.80000305175781,73.9800033569336,72.1500015258789,72.56999969482422,45.94514083862305,2357700,ETR
2012-08-02,72.29000091552734,72.55000305175781,71.33000183105469,71.83000183105469,45.47663879394531,2971800,ETR
2012-08-03,72.4800033569336,72.81999969482422,72.11000061035156,72.70999908447266,46.033790588378906,3630700,ETR
2012-08-06,73.0,73.02999877929688,72.13999938964844,72.20999908447266,45.71722412109375,1377400,ETR
2012-08-07,71.77999877929688,71.79000091552734,71.04000091552734,71.33000183105469,45.68520736694336,1638600,ETR
2012-08-08,71.36000061035156,72.18000030517578,70.87999725341797,72.11000061035156,46.18476486206055,1716800,ETR
2012-08-09,71.91000366210938,72.06999969482422,71.22000122070312,71.27999877929688,45.65317153930664,1294400,ETR
2012-08-10,71.12000274658203,71.80999755859375,71.0,71.75,45.95420837402344,628700,ETR
2012-08-13,71.62000274658203,71.62000274658203,70.98999786376953,71.30999755859375,45.67238998413086,1332400,ETR
2012-08-14,71.52999877929688,71.75,70.97000122070312,71.11000061035156,45.54429244995117,1151400,ETR
2012-08-15,69.70999908447266,70.43000030517578,69.2699966430664,69.87000274658203,44.75010299682617,1459100,ETR
2012-08-16,69.79000091552734,70.08000183105469,69.44000244140625,69.62999725341797,44.59638595581055,1006600,ETR
2012-08-17,69.44000244140625,69.5,69.06999969482422,69.4800033569336,44.500308990478516,996900,ETR
2012-08-20,69.5,69.62000274658203,69.12999725341797,69.47000122070312,44.49390411376953,809300,ETR
2012-08-21,69.48999786376953,69.58999633789062,69.04000091552734,69.04000091552734,44.21849822998047,799100,ETR
2012-08-22,69.04000091552734,69.31999969482422,68.43000030517578,68.6500015258789,43.96872329711914,957500,ETR
2012-08-23,68.83999633789062,68.83999633789062,68.02999877929688,68.3499984741211,43.77657699584961,756500,ETR
2012-08-24,68.36000061035156,68.7699966430664,68.0999984741211,68.7300033569336,44.01996612548828,784600,ETR
2012-08-27,68.54000091552734,68.7699966430664,68.19000244140625,68.5199966430664,43.885459899902344,838000,ETR
2012-08-28,68.16000366210938,68.80999755859375,68.16000366210938,68.56999969482422,43.91747283935547,891900,ETR
2012-08-29,68.55999755859375,68.62999725341797,68.08000183105469,68.3499984741211,43.77657699584961,934700,ETR
2012-08-30,68.1500015258789,68.43000030517578,67.9000015258789,68.0199966430664,43.565216064453125,612000,ETR
2012-08-31,68.20999908447266,68.38999938964844,67.73999786376953,68.08000183105469,43.60365676879883,918900,ETR
2012-09-04,68.16999816894531,68.81999969482422,68.01000213623047,68.62000274658203,43.94950485229492,1057100,ETR
2012-09-05,68.86000061035156,68.86000061035156,68.12000274658203,68.30999755859375,43.75096130371094,720800,ETR
2012-09-06,68.97000122070312,69.41999816894531,68.73999786376953,69.25,44.35300827026367,785600,ETR
2012-09-07,69.04000091552734,69.27999877929688,68.04000091552734,68.20999908447266,43.686912536621094,1520900,ETR
2012-09-10,69.22000122070312,69.22000122070312,68.0999984741211,68.16000366210938,43.65489196777344,879600,ETR
2012-09-11,68.11000061035156,68.19000244140625,67.63999938964844,67.76000213623047,43.398704528808594,794400,ETR
2012-09-12,67.75,67.9000015258789,67.13999938964844,67.79000091552734,43.41790771484375,1091900,ETR
2012-09-13,67.06999969482422,68.8499984741211,67.06999969482422,68.77999877929688,44.05197525024414,824300,ETR
2012-09-14,68.69000244140625,69.12999725341797,68.23999786376953,68.36000061035156,43.78298568725586,1324500,ETR
2012-09-17,68.25,68.7699966430664,68.04000091552734,68.33000183105469,43.76375961303711,1861700,ETR
2012-09-18,68.2300033569336,68.5,67.94999694824219,68.19000244140625,43.67411422729492,635400,ETR
2012-09-19,68.27999877929688,68.6500015258789,68.16999816894531,68.56999969482422,43.91747283935547,596700,ETR
2012-09-20,68.29000091552734,68.91999816894531,68.29000091552734,68.80999755859375,44.071197509765625,598400,ETR
2012-09-21,69.02999877929688,69.02999877929688,67.95999908447266,68.44999694824219,43.84061813354492,1377900,ETR
2012-09-24,68.4800033569336,69.58000183105469,68.30000305175781,69.27999877929688,44.37221908569336,805700,ETR
2012-09-25,69.3499984741211,69.94000244140625,69.1500015258789,69.16000366210938,44.29536437988281,757700,ETR
2012-09-26,69.19999694824219,69.8499984741211,69.19999694824219,69.37999725341797,44.43626403808594,698600,ETR
2012-09-27,69.44999694824219,69.5999984741211,68.95999908447266,69.1500015258789,44.28896713256836,662600,ETR
2012-09-28,69.0,69.45999908447266,68.69999694824219,69.30000305175781,44.385040283203125,773800,ETR
2012-10-01,69.58999633789062,69.83999633789062,69.11000061035156,69.2300033569336,44.3401985168457,590200,ETR
2012-10-02,69.58999633789062,69.69000244140625,69.0199966430664,69.4000015258789,44.4490852355957,470100,ETR
2012-10-03,69.5,70.2300033569336,69.4000015258789,69.77999877929688,44.69245910644531,693600,ETR
2012-10-04,69.98999786376953,70.94999694824219,69.93000030517578,70.70999908447266,45.28810119628906,829700,ETR
2012-10-05,70.9000015258789,71.0,70.30999755859375,70.4800033569336,45.14080810546875,459400,ETR
2012-10-08,70.41000366210938,70.75,70.08999633789062,70.62000274658203,45.230472564697266,339500,ETR
2012-10-09,70.45999908447266,70.8499984741211,70.29000091552734,70.69000244140625,45.275291442871094,572800,ETR
2012-10-10,70.6500015258789,70.76000213623047,70.08999633789062,70.29000091552734,45.019107818603516,383600,ETR
2012-10-11,70.66999816894531,71.44000244140625,70.18000030517578,70.62999725341797,45.23687744140625,879000,ETR
2012-10-12,70.51000213623047,70.7699966430664,69.63999938964844,69.94999694824219,44.80133819580078,973300,ETR
2012-10-15,69.5,70.11000061035156,69.27999877929688,70.01000213623047,44.83976364135742,647200,ETR
2012-10-16,70.25,70.69999694824219,70.0199966430664,70.44999694824219,45.121578216552734,466600,ETR
2012-10-17,70.68000030517578,71.31999969482422,70.12000274658203,71.18000030517578,45.58912658691406,575700,ETR
2012-10-18,71.16000366210938,71.80999755859375,70.94000244140625,71.76000213623047,45.960601806640625,570200,ETR
2012-10-19,71.76000213623047,71.9000015258789,71.06999969482422,71.2300033569336,45.621158599853516,750400,ETR
2012-10-22,70.70999908447266,71.18000030517578,70.45999908447266,71.12999725341797,45.557106018066406,671000,ETR
2012-10-23,70.62999725341797,70.72000122070312,69.97000122070312,70.30999755859375,45.03190994262695,689900,ETR
2012-10-24,70.30999755859375,70.41000366210938,69.86000061035156,69.94000244140625,44.79493713378906,490000,ETR
2012-10-25,70.37999725341797,70.55000305175781,69.80000305175781,70.41999816894531,45.102359771728516,638000,ETR
2012-10-26,70.3499984741211,72.11000061035156,69.91000366210938,72.0999984741211,46.178367614746094,2056800,ETR
2012-10-31,72.47000122070312,72.9800033569336,72.0,72.58000183105469,46.48579025268555,1309300,ETR
2012-11-01,72.79000091552734,72.8499984741211,72.1500015258789,72.3499984741211,46.33849334716797,1053100,ETR
2012-11-02,72.80000305175781,72.83999633789062,71.0999984741211,71.2300033569336,45.621158599853516,2058500,ETR
2012-11-05,68.97000122070312,70.22000122070312,65.87999725341797,67.9000015258789,43.488372802734375,3354800,ETR
2012-11-06,67.48999786376953,67.48999786376953,65.69000244140625,66.9000015258789,43.37813186645508,2677000,ETR
2012-11-07,66.77999877929688,66.77999877929688,65.18000030517578,65.26000213623047,42.31474685668945,1569500,ETR
2012-11-08,65.30000305175781,65.98999786376953,64.91999816894531,65.0,42.14616012573242,1487600,ETR
2012-11-09,64.8499984741211,65.16000366210938,64.5999984741211,64.9000015258789,42.081329345703125,1586900,ETR
2012-11-12,65.01000213623047,65.12999725341797,64.16999816894531,64.19999694824219,41.62744140625,886600,ETR
2012-11-13,64.11000061035156,65.08000183105469,63.869998931884766,64.29000091552734,41.6858024597168,967300,ETR
2012-11-14,64.30999755859375,64.41000366210938,63.22999954223633,63.349998474121094,41.07630157470703,1200700,ETR
2012-11-15,63.349998474121094,63.709999084472656,62.529998779296875,63.0,40.849369049072266,1014200,ETR
2012-11-16,63.099998474121094,63.47999954223633,62.31999969482422,62.86000061035156,40.75859832763672,1767600,ETR
2012-11-19,63.150001525878906,63.38999938964844,62.279998779296875,62.54999923706055,40.55757522583008,1293300,ETR
2012-11-20,62.619998931884766,62.72999954223633,61.95000076293945,62.5,40.5251579284668,958900,ETR
2012-11-21,62.5,62.790000915527344,61.72999954223633,62.279998779296875,40.38251876831055,963700,ETR
2012-11-23,62.349998474121094,62.4900016784668,61.54999923706055,62.040000915527344,40.22690963745117,482300,ETR
2012-11-26,61.779998779296875,62.81999969482422,61.560001373291016,62.5,40.5251579284668,1250200,ETR
2012-11-27,62.650001525878906,62.88999938964844,62.209999084472656,62.22999954223633,40.3500862121582,1327900,ETR
2012-11-28,62.310001373291016,63.459999084472656,62.20000076293945,63.439998626708984,41.13465881347656,1824300,ETR
2012-11-29,63.61000061035156,63.619998931884766,62.939998626708984,63.52000045776367,41.18653106689453,1010000,ETR
2012-11-30,63.40999984741211,63.7400016784668,63.209999084472656,63.540000915527344,41.199501037597656,1161000,ETR
2012-12-03,63.54999923706055,63.65999984741211,62.540000915527344,63.38999938964844,41.10224533081055,1208400,ETR
2012-12-04,63.45000076293945,63.619998931884766,62.790000915527344,62.959999084472656,40.823429107666016,855700,ETR
2012-12-05,62.970001220703125,64.08000183105469,62.689998626708984,63.7400016784668,41.329185485839844,1216400,ETR
2012-12-06,63.790000915527344,64.08000183105469,63.630001068115234,63.72999954223633,41.32270050048828,835100,ETR
2012-12-07,63.7599983215332,64.05999755859375,63.61000061035156,63.939998626708984,41.45886993408203,566700,ETR
2012-12-10,63.81999969482422,63.9900016784668,63.59000015258789,63.900001525878906,41.43292999267578,552400,ETR
2012-12-11,63.959999084472656,64.43000030517578,63.810001373291016,64.08000183105469,41.54964065551758,756400,ETR
2012-12-12,64.02999877929688,64.45999908447266,63.70000076293945,63.7599983215332,41.34214401245117,896800,ETR
2012-12-13,63.779998779296875,63.95000076293945,63.36000061035156,63.56999969482422,41.21895980834961,535400,ETR
2012-12-14,63.61000061035156,63.810001373291016,63.34000015258789,63.400001525878906,41.10872268676758,658400,ETR
2012-12-17,63.720001220703125,64.58999633789062,63.689998626708984,64.3499984741211,41.72470474243164,1186400,ETR
2012-12-18,64.3499984741211,65.5999984741211,64.19999694824219,65.37999725341797,42.39255905151367,2109200,ETR
2012-12-19,65.25,65.37999725341797,64.19999694824219,64.26000213623047,41.666351318359375,883500,ETR
2012-12-20,64.48999786376953,64.62999725341797,63.81999969482422,64.41000366210938,41.76361846923828,735000,ETR
2012-12-21,63.66999816894531,64.72000122070312,63.66999816894531,64.5199966430664,41.8349494934082,2276100,ETR
2012-12-24,64.63999938964844,64.66000366210938,63.75,64.37000274658203,41.73768615722656,308500,ETR
2012-12-26,64.30999755859375,64.47000122070312,63.279998779296875,63.400001525878906,41.10872268676758,665600,ETR
2012-12-27,63.400001525878906,63.790000915527344,62.7400016784668,63.45000076293945,41.14113998413086,811500,ETR
2012-12-28,63.15999984741211,63.43000030517578,62.56999969482422,62.58000183105469,40.57703399658203,551500,ETR
2012-12-31,62.54999923706055,63.790000915527344,62.220001220703125,63.75,41.33567810058594,1016600,ETR
2013-01-02,64.5199966430664,64.88999938964844,64.22000122070312,64.75,41.984066009521484,918700,ETR
2013-01-03,64.83999633789062,64.86000061035156,64.23999786376953,64.44000244140625,41.78307342529297,1070600,ETR
2013-01-04,64.47000122070312,64.48999786376953,63.97999954223633,64.43000030517578,41.776580810546875,939700,ETR
2013-01-07,64.16000366210938,64.41999816894531,62.790000915527344,63.34000015258789,41.069820404052734,1162200,ETR
2013-01-08,63.31999969482422,63.61000061035156,62.560001373291016,62.84000015258789,40.7456169128418,1004700,ETR
2013-01-09,62.70000076293945,62.9900016784668,62.380001068115234,62.72999954223633,40.674293518066406,1139500,ETR
2013-01-10,62.900001525878906,63.400001525878906,62.72999954223633,63.369998931884766,41.089271545410156,838000,ETR
2013-01-11,63.529998779296875,63.68000030517578,62.91999816894531,63.06999969482422,40.894744873046875,1281100,ETR
2013-01-14,63.13999938964844,63.470001220703125,63.060001373291016,63.209999084472656,40.985530853271484,499000,ETR
2013-01-15,63.0,63.43000030517578,62.939998626708984,63.349998474121094,41.07630157470703,702300,ETR
2013-01-16,63.08000183105469,63.40999984741211,62.88999938964844,63.06999969482422,40.894744873046875,732200,ETR
2013-01-17,63.25,63.54999923706055,63.040000915527344,63.27000045776367,41.024436950683594,774400,ETR
2013-01-18,63.33000183105469,63.880001068115234,63.2400016784668,63.869998931884766,41.413475036621094,644000,ETR
2013-01-22,63.900001525878906,64.41999816894531,63.77000045776367,64.37000274658203,41.73768615722656,828500,ETR
2013-01-23,63.880001068115234,64.5,63.25,63.90999984741211,41.43941116333008,1442800,ETR
2013-01-24,63.7599983215332,64.19999694824219,63.52000045776367,63.84000015258789,41.39402770996094,1460100,ETR
2013-01-25,64.0,64.61000061035156,63.619998931884766,64.58999633789062,41.88032531738281,875300,ETR
2013-01-28,64.55999755859375,64.58999633789062,64.02999877929688,64.44999694824219,41.789546966552734,805100,ETR
2013-01-29,64.26000213623047,65.20999908447266,64.0199966430664,65.05000305175781,42.178585052490234,966600,ETR
2013-01-30,64.91000366210938,65.12999725341797,64.4000015258789,64.58999633789062,41.88032531738281,973100,ETR
2013-01-31,64.45999908447266,64.66000366210938,64.30000305175781,64.5999984741211,41.88681411743164,1156200,ETR
2013-02-01,64.80999755859375,64.94999694824219,64.55999755859375,64.83999633789062,42.042423248291016,739700,ETR
2013-02-04,64.69999694824219,64.7699966430664,64.06999969482422,64.0999984741211,41.56260299682617,959700,ETR
2013-02-05,64.56999969482422,65.2699966430664,64.54000091552734,64.9800033569336,42.13319778442383,1134200,ETR
2013-02-06,64.73999786376953,64.87999725341797,64.2699966430664,64.87999725341797,42.068359375,1080000,ETR
2013-02-07,64.87999725341797,65.29000091552734,64.51000213623047,64.95999908447266,42.1202278137207,677200,ETR
2013-02-08,64.9800033569336,65.08000183105469,63.58000183105469,64.47000122070312,41.802513122558594,3966200,ETR
2013-02-11,64.41999816894531,64.7300033569336,64.31999969482422,64.62000274658203,41.899776458740234,2989900,ETR
2013-02-12,63.790000915527344,64.11000061035156,63.7599983215332,63.93000030517578,41.991737365722656,884400,ETR
2013-02-13,63.93000030517578,64.16999816894531,63.59000015258789,63.65999984741211,41.814388275146484,1042700,ETR
2013-02-14,63.099998474121094,63.099998474121094,61.5,61.79999923706055,40.5926628112793,2615600,ETR
2013-02-15,61.599998474121094,61.689998626708984,61.09000015258789,61.45000076293945,40.36277389526367,1846400,ETR
2013-02-19,61.70000076293945,62.0,61.560001373291016,61.779998779296875,40.57952880859375,1198700,ETR
2013-02-20,61.790000915527344,62.209999084472656,61.529998779296875,61.54999923706055,40.42845153808594,1316600,ETR
2013-02-21,61.529998779296875,61.720001220703125,61.2400016784668,61.52000045776367,40.408756256103516,946100,ETR
2013-02-22,61.61000061035156,62.15999984741211,61.529998779296875,62.04999923706055,40.75687026977539,809200,ETR
2013-02-25,62.2400016784668,62.86000061035156,61.58000183105469,61.58000183105469,40.448150634765625,1037900,ETR
2013-02-26,61.880001068115234,62.36000061035156,61.290000915527344,61.540000915527344,40.4218864440918,1094600,ETR
2013-02-27,61.7400016784668,62.099998474121094,61.459999084472656,62.02000045776367,40.7371826171875,872500,ETR
2013-02-28,62.13999938964844,62.52000045776367,61.97999954223633,62.2599983215332,40.894805908203125,1347000,ETR
2013-03-01,62.209999084472656,62.459999084472656,61.63999938964844,62.119998931884766,40.80286407470703,1137700,ETR
2013-03-04,61.95000076293945,63.0099983215332,61.95000076293945,62.95000076293945,41.3480339050293,892400,ETR
2013-03-05,63.20000076293945,63.81999969482422,63.060001373291016,63.58000183105469,41.76183319091797,1222100,ETR
2013-03-06,63.72999954223633,63.939998626708984,63.470001220703125,63.650001525878906,41.807823181152344,917600,ETR
2013-03-07,63.720001220703125,64.05999755859375,63.41999816894531,63.52000045776367,41.72242736816406,615300,ETR
2013-03-08,63.59000015258789,63.709999084472656,62.970001220703125,63.43000030517578,41.66331100463867,943900,ETR
2013-03-11,63.279998779296875,63.560001373291016,63.220001220703125,63.52000045776367,41.72242736816406,761000,ETR
2013-03-12,63.54999923706055,63.79999923706055,63.209999084472656,63.470001220703125,41.68959045410156,687600,ETR
2013-03-13,63.45000076293945,64.0,63.45000076293945,63.68000030517578,41.82752227783203,924200,ETR
2013-03-14,63.709999084472656,63.91999816894531,63.59000015258789,63.63999938964844,41.80125045776367,1103300,ETR
2013-03-15,63.33000183105469,65.38999938964844,63.2599983215332,65.2300033569336,42.845619201660156,1971100,ETR
2013-03-18,64.77999877929688,65.05999755859375,64.33000183105469,64.45999908447266,42.339847564697266,805900,ETR
2013-03-19,64.41999816894531,64.73999786376953,63.7400016784668,64.0199966430664,42.050846099853516,934200,ETR
2013-03-20,64.29000091552734,64.30000305175781,63.79999923706055,63.970001220703125,42.018009185791016,1575500,ETR
2013-03-21,63.70000076293945,63.93000030517578,62.75,62.91999816894531,41.32834243774414,1100600,ETR
2013-03-22,62.939998626708984,63.0,62.099998474121094,62.380001068115234,40.973636627197266,1717200,ETR
2013-03-25,62.43000030517578,62.650001525878906,61.41999816894531,61.66999816894531,40.50727844238281,1645500,ETR
2013-03-26,61.91999816894531,62.75,61.83000183105469,62.689998626708984,41.17724609375,2189800,ETR
2013-03-27,62.369998931884766,63.0,62.290000915527344,62.939998626708984,41.34146499633789,911900,ETR
2013-03-28,63.0,63.40999984741211,62.72999954223633,63.2400016784668,41.538516998291016,880700,ETR
2013-04-01,63.369998931884766,63.47999954223633,63.119998931884766,63.38999938964844,41.63704299926758,521100,ETR
2013-04-02,63.66999816894531,64.3499984741211,63.5099983215332,64.02999877929688,42.05741882324219,1197300,ETR
2013-04-03,64.19000244140625,65.19000244140625,63.95000076293945,65.0,42.69455337524414,2148800,ETR
2013-04-04,65.01000213623047,66.55999755859375,65.0,66.5199966430664,43.69295120239258,1672500,ETR
2013-04-05,66.3499984741211,67.47000122070312,66.16000366210938,67.27999877929688,44.192142486572266,1403200,ETR
2013-04-08,67.30000305175781,67.88999938964844,67.0,67.86000061035156,44.5731086730957,1232700,ETR
2013-04-09,67.86000061035156,67.95999908447266,67.55999755859375,67.6500015258789,44.43516540527344,955200,ETR
2013-04-10,67.91999816894531,68.33999633789062,67.83999633789062,68.26000213623047,44.835853576660156,1701900,ETR
2013-04-11,68.26000213623047,69.13999938964844,67.80999755859375,69.05000305175781,45.35475158691406,1285200,ETR
2013-04-12,68.95999908447266,69.69999694824219,68.91999816894531,69.69999694824219,45.78168487548828,1262500,ETR
2013-04-15,69.38999938964844,69.97000122070312,68.6500015258789,68.6500015258789,45.092018127441406,1006400,ETR
2013-04-16,69.18000030517578,69.76000213623047,68.83000183105469,69.52999877929688,45.67003631591797,1102600,ETR
2013-04-17,69.2300033569336,69.51000213623047,68.76000213623047,69.19999694824219,45.45328903198242,1218600,ETR
2013-04-18,69.52999877929688,70.37999725341797,69.52999877929688,70.29000091552734,46.169227600097656,1621700,ETR
2013-04-19,70.5199966430664,70.69999694824219,69.08000183105469,69.70999908447266,45.78825378417969,2317100,ETR
2013-04-22,69.6500015258789,69.94000244140625,69.19999694824219,69.69000244140625,45.77513122558594,1049600,ETR
2013-04-23,69.95999908447266,69.95999908447266,68.7300033569336,69.5,45.650333404541016,1880800,ETR
2013-04-24,69.54000091552734,70.16999816894531,69.30000305175781,70.12000274658203,46.05757141113281,1275800,ETR
2013-04-25,70.13999938964844,70.19000244140625,68.23999786376953,68.62000274658203,45.07231521606445,4423400,ETR
2013-04-26,68.63999938964844,69.44000244140625,68.63999938964844,69.11000061035156,45.39415740966797,3813900,ETR
2013-04-29,69.47000122070312,70.87999725341797,69.26000213623047,70.86000061035156,46.54362106323242,3668300,ETR
2013-04-30,70.72000122070312,71.80999755859375,70.54000091552734,71.2300033569336,46.78666305541992,1335800,ETR
2013-05-01,71.22000122070312,72.0999984741211,70.95999908447266,71.38999938964844,46.89176559448242,1629200,ETR
2013-05-02,71.36000061035156,71.83000183105469,70.95999908447266,71.56999969482422,47.009986877441406,1087600,ETR
2013-05-03,71.87999725341797,71.9800033569336,70.68000030517578,71.0999984741211,46.701263427734375,1200300,ETR
2013-05-06,71.01000213623047,71.23999786376953,68.9800033569336,69.12999725341797,45.40729904174805,1675800,ETR
2013-05-07,68.26000213623047,69.12999725341797,68.0999984741211,68.7699966430664,45.71976089477539,1250800,ETR
2013-05-08,68.80000305175781,69.11000061035156,67.70999908447266,68.05000305175781,45.24109649658203,1359100,ETR
2013-05-09,68.11000061035156,68.16999816894531,66.83999633789062,67.0,44.54302978515625,1151800,ETR
2013-05-10,67.01000213623047,67.56999969482422,66.72000122070312,67.48999786376953,44.86878967285156,921000,ETR
2013-05-13,67.20999908447266,67.61000061035156,66.86000061035156,67.29000091552734,44.73582077026367,863900,ETR
2013-05-14,67.33999633789062,68.19999694824219,67.19000244140625,68.08000183105469,45.261043548583984,1380100,ETR
2013-05-15,67.98999786376953,70.44999694824219,67.9000015258789,69.61000061035156,46.27821350097656,3154000,ETR
2013-05-16,69.41999816894531,70.18000030517578,68.9000015258789,69.66999816894531,46.31809997558594,1773500,ETR
2013-05-17,69.80000305175781,71.30000305175781,69.62999725341797,71.13999938964844,47.29539489746094,2281200,ETR
2013-05-20,71.0,71.12999725341797,70.30000305175781,70.5999984741211,46.93638229370117,1229800,ETR
2013-05-21,70.76000213623047,70.76000213623047,69.88999938964844,70.30000305175781,46.736942291259766,1175900,ETR
2013-05-22,70.2300033569336,70.81999969482422,68.68000030517578,69.06999969482422,45.91921615600586,1198300,ETR
2013-05-23,68.11000061035156,69.12000274658203,67.58999633789062,68.91999816894531,45.81947708129883,1123400,ETR
2013-05-24,68.87000274658203,69.16999816894531,68.41000366210938,68.94000244140625,45.8327751159668,773500,ETR
2013-05-28,68.7300033569336,70.66000366210938,68.54000091552734,69.5,46.2050895690918,2140300,ETR
2013-05-29,68.98999786376953,69.25,68.3499984741211,68.58999633789062,45.60009765625,1707700,ETR
2013-05-30,68.80999755859375,70.20999908447266,68.80999755859375,69.0999984741211,45.93915939331055,1122100,ETR
2013-05-31,69.06999969482422,70.4800033569336,68.87999725341797,68.87999725341797,45.79290008544922,1254200,ETR
2013-06-03,69.18000030517578,70.4800033569336,68.16000366210938,69.70999908447266,46.344688415527344,1451300,ETR
2013-06-04,69.55000305175781,69.68000030517578,68.12999725341797,68.23999786376953,45.367408752441406,1528000,ETR
2013-06-05,68.05000305175781,68.20999908447266,67.2300033569336,67.38999938964844,44.802310943603516,1025700,ETR
2013-06-06,67.4800033569336,68.11000061035156,67.08999633789062,68.01000213623047,45.2144889831543,890600,ETR
2013-06-07,68.2699966430664,68.9800033569336,67.48999786376953,68.19000244140625,45.33417510986328,1107000,ETR
2013-06-10,69.29000091552734,69.87999725341797,68.75,69.56999969482422,46.251625061035156,1607700,ETR
2013-06-11,69.12000274658203,69.54000091552734,68.63999938964844,68.66000366210938,45.646636962890625,792200,ETR
2013-06-12,69.05000305175781,69.2300033569336,67.30000305175781,67.70999908447266,45.015045166015625,1107600,ETR
2013-06-13,67.68000030517578,68.93000030517578,67.18000030517578,68.87999725341797,45.79290008544922,950100,ETR
2013-06-14,68.69999694824219,69.37000274658203,68.41000366210938,68.47000122070312,45.52031707763672,937600,ETR
2013-06-17,68.66999816894531,69.75,68.20999908447266,68.62000274658203,45.62003707885742,1104000,ETR
2013-06-18,68.56999969482422,69.55999755859375,68.16999816894531,69.16999816894531,45.98569107055664,853500,ETR
2013-06-19,69.22000122070312,70.0999984741211,68.25,68.25,45.37405776977539,1089200,ETR
2013-06-20,67.83999633789062,68.0999984741211,66.25,66.37000274658203,44.12419509887695,1328200,ETR
2013-06-21,66.63999938964844,68.41999816894531,66.30999755859375,68.12999725341797,45.29428482055664,1969200,ETR
2013-06-24,67.55000305175781,68.54000091552734,66.9000015258789,68.11000061035156,45.280982971191406,1257800,ETR
2013-06-25,68.5999984741211,69.58999633789062,68.11000061035156,69.16000366210938,45.979026794433594,1179400,ETR
2013-06-26,69.47000122070312,70.5199966430664,69.18000030517578,70.27999877929688,46.7236442565918,1032100,ETR
2013-06-27,70.38999938964844,71.58999633789062,69.91000366210938,70.05000305175781,46.570743560791016,1333700,ETR
2013-06-28,69.9000015258789,70.11000061035156,69.26000213623047,69.68000030517578,46.324745178222656,1320400,ETR
2013-07-01,69.94000244140625,70.0,68.83999633789062,69.33999633789062,46.09870529174805,1236700,ETR
2013-07-02,69.30000305175781,70.18000030517578,69.04000091552734,69.3499984741211,46.1053581237793,1264600,ETR
2013-07-03,69.05999755859375,69.62999725341797,68.87000274658203,69.29000091552734,46.06545639038086,628100,ETR
2013-07-05,69.23999786376953,69.29000091552734,67.43000030517578,68.05999755859375,45.247745513916016,862800,ETR
2013-07-08,68.29000091552734,69.11000061035156,68.04000091552734,68.94999694824219,45.83942794799805,870500,ETR
2013-07-09,69.37000274658203,69.70999908447266,68.3499984741211,69.13999938964844,45.96574401855469,1803900,ETR
2013-07-10,69.12999725341797,70.01000213623047,68.75,69.69999694824219,46.33804702758789,870300,ETR
2013-07-11,70.31999969482422,71.31999969482422,70.30000305175781,71.30999755859375,47.40841293334961,987000,ETR
2013-07-12,71.29000091552734,71.29000091552734,70.43000030517578,70.88999938964844,47.12919235229492,729700,ETR
2013-07-15,70.9800033569336,71.97000122070312,70.79000091552734,71.5999984741211,47.6012077331543,1085600,ETR
2013-07-16,71.44000244140625,71.72000122070312,70.63999938964844,71.0199966430664,47.21559524536133,860100,ETR
2013-07-17,71.41999816894531,71.5199966430664,70.44999694824219,70.63999938964844,46.96297073364258,637500,ETR
2013-07-18,70.87000274658203,71.80000305175781,70.87000274658203,71.7699966430664,47.71421432495117,992300,ETR
2013-07-19,71.72000122070312,72.19000244140625,71.26000213623047,71.91000366210938,47.80730438232422,1033800,ETR
2013-07-22,71.94000244140625,72.58000183105469,71.9000015258789,72.3499984741211,48.099822998046875,919900,ETR
2013-07-23,72.29000091552734,72.5999984741211,71.55000305175781,72.33000183105469,48.08652877807617,949700,ETR
2013-07-24,72.16999816894531,72.16999816894531,70.0199966430664,70.41999816894531,46.81671905517578,1243600,ETR
2013-07-25,70.16000366210938,70.58999633789062,69.48999786376953,70.08999633789062,46.597320556640625,5862800,ETR
2013-07-26,70.0199966430664,70.31999969482422,69.48999786376953,70.12999725341797,46.62391662597656,5783700,ETR
2013-07-29,70.04000091552734,70.87999725341797,70.04000091552734,70.52999877929688,46.88984680175781,3703900,ETR
2013-07-30,70.76000213623047,71.7699966430664,69.0999984741211,69.5999984741211,46.271575927734375,2334200,ETR
2013-07-31,69.37999725341797,69.8499984741211,67.33999633789062,67.5,44.875431060791016,2311700,ETR
2013-08-01,67.76000213623047,68.19999694824219,67.37999725341797,67.88999938964844,45.13469696044922,1326200,ETR
2013-08-02,67.91999816894531,68.2699966430664,67.73999786376953,68.19000244140625,45.33417510986328,920100,ETR
2013-08-05,68.11000061035156,68.16999816894531,67.4800033569336,67.52999877929688,44.895381927490234,1138800,ETR
2013-08-06,66.55000305175781,67.05000305175781,66.47000122070312,66.86000061035156,45.00308609008789,2138200,ETR
2013-08-07,66.75,69.0999984741211,66.5,68.7699966430664,46.28868865966797,2144100,ETR
2013-08-08,68.7699966430664,69.69000244140625,68.5199966430664,69.16000366210938,46.55118179321289,1402300,ETR
2013-08-09,69.16000366210938,70.05000305175781,66.5,66.9000015258789,45.03001022338867,3560400,ETR
2013-08-12,66.7699966430664,66.88999938964844,65.58000183105469,66.13999938964844,44.51845169067383,1712400,ETR
2013-08-13,66.08000183105469,66.55000305175781,65.52999877929688,65.70999908447266,44.229026794433594,1546000,ETR
2013-08-14,66.48999786376953,66.48999786376953,65.30000305175781,66.2300033569336,44.57902908325195,1535300,ETR
2013-08-15,65.43000030517578,66.1500015258789,65.43000030517578,65.76000213623047,44.262672424316406,1667300,ETR
2013-08-16,65.72000122070312,65.72000122070312,64.29000091552734,64.58999633789062,43.475154876708984,2988100,ETR
2013-08-19,64.58000183105469,64.77999877929688,63.369998931884766,63.540000915527344,42.76841354370117,1361000,ETR
2013-08-20,63.560001373291016,64.56999969482422,63.54999923706055,63.9900016784668,43.07129669189453,1260500,ETR
2013-08-21,63.849998474121094,63.849998474121094,62.91999816894531,62.95000076293945,42.37128448486328,1327700,ETR
2013-08-22,62.9900016784668,63.810001373291016,62.75,63.34000015258789,42.6337890625,941300,ETR
2013-08-23,63.54999923706055,64.3499984741211,63.459999084472656,63.939998626708984,43.03764343261719,740900,ETR
2013-08-26,63.900001525878906,64.1500015258789,62.869998931884766,63.06999969482422,42.45206069946289,1270100,ETR
2013-08-27,62.47999954223633,63.33000183105469,62.25,62.560001373291016,42.108768463134766,1822200,ETR
2013-08-28,62.59000015258789,62.869998931884766,61.880001068115234,62.310001373291016,41.94050598144531,1462100,ETR
2013-08-29,62.709999084472656,63.209999084472656,62.310001373291016,63.02000045776367,42.418399810791016,1626300,ETR
2013-08-30,63.310001373291016,63.779998779296875,63.0099983215332,63.22999954223633,42.55974197387695,1206800,ETR
2013-09-03,63.47999954223633,63.630001068115234,62.439998626708984,62.540000915527344,42.09531784057617,1297300,ETR
2013-09-04,62.400001525878906,62.59000015258789,61.65999984741211,62.150001525878906,41.83280944824219,1441600,ETR
2013-09-05,62.029998779296875,62.59000015258789,61.95000076293945,62.040000915527344,41.75876235961914,1152500,ETR
2013-09-06,62.40999984741211,63.27000045776367,62.40999984741211,62.91999816894531,42.351097106933594,1646800,ETR
2013-09-09,62.849998474121094,63.130001068115234,62.400001525878906,63.029998779296875,42.425132751464844,1096300,ETR
2013-09-10,63.22999954223633,63.27000045776367,62.560001373291016,63.27000045776367,42.586666107177734,1278100,ETR
2013-09-11,63.119998931884766,63.119998931884766,62.11000061035156,62.869998931884766,42.31742477416992,2228600,ETR
2013-09-12,62.939998626708984,63.029998779296875,62.189998626708984,62.290000915527344,41.92704391479492,837100,ETR
2013-09-13,62.810001373291016,63.5,62.709999084472656,63.09000015258789,42.465518951416016,1187200,ETR
2013-09-16,63.880001068115234,64.33999633789062,63.400001525878906,63.77000045776367,42.92322540283203,1395400,ETR
2013-09-17,63.880001068115234,64.18000030517578,63.599998474121094,63.79999923706055,42.94340133666992,659400,ETR
2013-09-18,63.959999084472656,65.83000183105469,63.70000076293945,65.66999816894531,44.20209884643555,1228300,ETR
2013-09-19,65.63999938964844,65.80000305175781,64.69000244140625,65.0199966430664,43.76458740234375,741800,ETR
2013-09-20,65.0,65.13999938964844,63.38999938964844,63.630001068115234,42.828983306884766,1519200,ETR
2013-09-23,63.349998474121094,64.93000030517578,63.220001220703125,64.44000244140625,43.374202728271484,1136800,ETR
2013-09-24,64.2699966430664,64.83999633789062,63.90999984741211,63.97999954223633,43.064571380615234,1009600,ETR
2013-09-25,64.08000183105469,64.30000305175781,63.5099983215332,63.630001068115234,42.828983306884766,885500,ETR
2013-09-26,63.72999954223633,64.18000030517578,63.439998626708984,63.619998931884766,42.82224655151367,889000,ETR
2013-09-27,63.45000076293945,64.0199966430664,63.0,63.31999969482422,42.62032699584961,527100,ETR
2013-09-30,63.02000045776367,63.650001525878906,62.95000076293945,63.189998626708984,42.53282165527344,1010000,ETR
2013-10-01,63.38999938964844,64.0,63.20000076293945,63.68000030517578,42.86264419555664,876300,ETR
2013-10-02,63.5099983215332,64.13999938964844,63.029998779296875,64.02999877929688,43.09822082519531,1229200,ETR
2013-10-03,63.720001220703125,63.81999969482422,63.099998474121094,63.5099983215332,42.748207092285156,1145400,ETR
2013-10-04,63.40999984741211,63.619998931884766,63.290000915527344,63.47999954223633,42.7280158996582,1103000,ETR
2013-10-07,63.18000030517578,63.91999816894531,63.15999984741211,63.45000076293945,42.70783233642578,656400,ETR
2013-10-08,63.349998474121094,64.1500015258789,63.25,63.54999923706055,42.775142669677734,805300,ETR
2013-10-09,63.72999954223633,65.26000213623047,63.29999923706055,64.20999908447266,43.21937561035156,1490900,ETR
2013-10-10,64.5,65.30000305175781,63.689998626708984,65.11000061035156,43.825172424316406,1123600,ETR
2013-10-11,64.94000244140625,65.37000274658203,64.7699966430664,65.30000305175781,43.95305252075195,626800,ETR
2013-10-14,65.12999725341797,65.2699966430664,64.05000305175781,64.86000061035156,43.656890869140625,759100,ETR
2013-10-15,64.86000061035156,64.91000366210938,63.58000183105469,63.66999816894531,42.85591506958008,1195900,ETR
2013-10-16,64.06999969482422,65.04000091552734,64.06999969482422,65.0199966430664,43.76458740234375,1229400,ETR
2013-10-17,64.94999694824219,66.73999786376953,64.47000122070312,66.58999633789062,44.82133483886719,1163700,ETR
2013-10-18,66.66000366210938,66.73999786376953,66.04000091552734,66.3499984741211,44.659793853759766,1265500,ETR
2013-10-21,66.37999725341797,66.77999877929688,65.75,66.13999938964844,44.51845169067383,896500,ETR
2013-10-22,66.26000213623047,67.6500015258789,66.16000366210938,67.52999877929688,45.45404815673828,1248100,ETR
2013-10-23,67.36000061035156,68.62999725341797,67.33000183105469,68.12999725341797,45.85792922973633,1617300,ETR
2013-10-24,68.08999633789062,68.27999877929688,67.48999786376953,68.0999984741211,45.837711334228516,1035700,ETR
2013-10-25,67.98999786376953,68.30999755859375,67.36000061035156,68.2699966430664,45.95213317871094,1030500,ETR
2013-10-28,68.13999938964844,68.55999755859375,67.81999969482422,68.11000061035156,45.84444808959961,1534900,ETR
2013-10-29,67.69000244140625,67.69000244140625,65.5,66.05999755859375,44.4646110534668,3500800,ETR
2013-10-30,66.20999908447266,66.52999877929688,65.30000305175781,65.45999908447266,44.06074523925781,1708100,ETR
2013-10-31,65.30999755859375,65.37999725341797,64.37999725341797,64.72000122070312,43.56265640258789,1519600,ETR
2013-11-01,64.91999816894531,65.27999877929688,64.7699966430664,65.13999938964844,43.845340728759766,1214300,ETR
2013-11-04,65.41999816894531,65.48999786376953,64.69000244140625,64.97000122070312,43.730926513671875,1373900,ETR
2013-11-05,64.12999725341797,64.41999816894531,63.81999969482422,64.01000213623047,43.642295837402344,1625500,ETR
2013-11-06,64.36000061035156,65.08999633789062,64.22000122070312,64.9000015258789,44.249107360839844,1428200,ETR
2013-11-07,65.16000366210938,65.41999816894531,64.36000061035156,64.4000015258789,43.90818786621094,1367500,ETR
2013-11-08,64.20999908447266,64.43000030517578,63.31999969482422,64.41999816894531,43.92182540893555,1065500,ETR
2013-11-11,63.7400016784668,63.7400016784668,62.939998626708984,63.220001220703125,43.103668212890625,1944800,ETR
2013-11-12,63.20000076293945,63.290000915527344,62.61000061035156,63.0099983215332,42.96049499511719,1767700,ETR
2013-11-13,62.54999923706055,62.79999923706055,62.02000045776367,62.790000915527344,42.81049728393555,1090700,ETR
2013-11-14,63.0,63.54999923706055,62.810001373291016,63.43000030517578,43.24686050415039,893000,ETR
2013-11-15,63.290000915527344,63.869998931884766,63.15999984741211,63.66999816894531,43.41048812866211,1170500,ETR
2013-11-18,63.869998931884766,63.90999984741211,63.5,63.54999923706055,43.328670501708984,995200,ETR
2013-11-19,63.63999938964844,63.709999084472656,63.060001373291016,63.279998779296875,43.14457702636719,990400,ETR
2013-11-20,63.619998931884766,63.619998931884766,62.79999923706055,62.83000183105469,42.8377685546875,1359900,ETR
2013-11-21,63.15999984741211,63.20000076293945,62.810001373291016,62.880001068115234,42.87185287475586,1011600,ETR
2013-11-22,62.75,62.880001068115234,62.38999938964844,62.529998779296875,42.63322067260742,1185200,ETR
2013-11-25,62.68000030517578,62.939998626708984,62.400001525878906,62.52000045776367,42.62641525268555,864400,ETR
2013-11-26,62.5,62.65999984741211,61.83000183105469,62.0,42.2718620300293,1520000,ETR
2013-11-27,61.95000076293945,62.22999954223633,61.599998474121094,61.75,42.10142135620117,1135100,ETR
2013-11-29,61.77000045776367,62.27000045776367,61.619998931884766,61.88999938964844,42.196876525878906,557800,ETR
2013-12-02,62.060001373291016,62.31999969482422,61.650001525878906,62.279998779296875,42.46277618408203,1578800,ETR
2013-12-03,62.0099983215332,62.150001525878906,61.54999923706055,61.970001220703125,42.25141906738281,1629600,ETR
2013-12-04,61.66999816894531,62.38999938964844,61.599998474121094,62.15999984741211,42.380958557128906,987900,ETR
2013-12-05,62.029998779296875,62.290000915527344,61.75,62.2400016784668,42.43550109863281,1215200,ETR
2013-12-06,62.560001373291016,63.34000015258789,62.400001525878906,63.0099983215332,42.96049499511719,1163100,ETR
2013-12-09,62.810001373291016,62.9900016784668,62.119998931884766,62.400001525878906,42.54458999633789,1317200,ETR
2013-12-10,62.11000061035156,62.20000076293945,60.220001220703125,61.29999923706055,41.794612884521484,4628900,ETR
2013-12-11,60.63999938964844,61.279998779296875,60.41999816894531,60.849998474121094,41.48778533935547,2502900,ETR
2013-12-12,60.849998474121094,61.66999816894531,60.84000015258789,61.220001220703125,41.740055084228516,1550900,ETR
2013-12-13,61.279998779296875,61.43000030517578,60.56999969482422,61.20000076293945,41.7264289855957,1242400,ETR
2013-12-16,61.290000915527344,62.15999984741211,61.279998779296875,61.88999938964844,42.196876525878906,1673600,ETR
2013-12-17,61.720001220703125,61.900001525878906,61.310001373291016,61.650001525878906,42.033241271972656,1209000,ETR
2013-12-18,61.529998779296875,62.41999816894531,60.77000045776367,62.209999084472656,42.41504669189453,1223000,ETR
2013-12-19,62.0,62.119998931884766,61.130001068115234,61.560001373291016,41.97187805175781,986300,ETR
2013-12-20,61.689998626708984,62.56999969482422,61.66999816894531,62.4900016784668,42.60595703125,2855400,ETR
2013-12-23,62.7400016784668,63.08000183105469,62.279998779296875,62.540000915527344,42.64004898071289,1269000,ETR
2013-12-24,62.4900016784668,63.08000183105469,62.36000061035156,62.72999954223633,42.769596099853516,395900,ETR
2013-12-26,62.630001068115234,62.970001220703125,62.27000045776367,62.369998931884766,42.52413558959961,583200,ETR
2013-12-27,62.47999954223633,62.869998931884766,62.369998931884766,62.83000183105469,42.8377685546875,731400,ETR
2013-12-30,63.130001068115234,63.439998626708984,62.939998626708984,63.31999969482422,43.171852111816406,1152600,ETR
2013-12-31,63.33000183105469,63.54999923706055,63.0,63.27000045776367,43.13775634765625,965800,ETR
2014-01-02,63.349998474121094,63.38999938964844,61.709999084472656,61.84000015258789,42.162776947021484,1206600,ETR
2014-01-03,61.04999923706055,61.459999084472656,60.63999938964844,61.029998779296875,41.61051559448242,1748300,ETR
2014-01-06,60.61000061035156,60.939998626708984,60.400001525878906,60.66999816894531,41.36507034301758,1989900,ETR
2014-01-07,60.83000183105469,61.29999923706055,60.66999816894531,61.25,41.760520935058594,1496600,ETR
2014-01-08,61.13999938964844,61.279998779296875,60.599998474121094,60.849998474121094,41.48778533935547,1999800,ETR
2014-01-09,61.029998779296875,61.09000015258789,60.52000045776367,60.52000045776367,41.26279830932617,1628600,ETR
2014-01-10,60.91999816894531,62.18000030517578,60.81999969482422,61.060001373291016,41.630977630615234,2661000,ETR
2014-01-13,61.22999954223633,61.45000076293945,60.54999923706055,60.619998931884766,41.33096694946289,1988100,ETR
2014-01-14,60.88999938964844,61.36000061035156,60.83000183105469,61.13999938964844,41.685516357421875,2068900,ETR
2014-01-15,61.27000045776367,61.439998626708984,60.66999816894531,61.15999984741211,41.699153900146484,1999900,ETR
2014-01-16,61.22999954223633,61.56999969482422,61.09000015258789,61.380001068115234,41.84914016723633,1100300,ETR
2014-01-17,61.599998474121094,61.77000045776367,61.310001373291016,61.61000061035156,42.0059700012207,932600,ETR
2014-01-21,61.9900016784668,62.099998474121094,61.540000915527344,61.9900016784668,42.26506042480469,1395600,ETR
2014-01-22,62.150001525878906,62.4900016784668,61.34000015258789,61.54999923706055,41.96506118774414,1803500,ETR
2014-01-23,61.27000045776367,61.790000915527344,60.9900016784668,61.709999084472656,42.07415008544922,1524000,ETR
2014-01-24,61.5,62.349998474121094,61.150001525878906,61.279998779296875,41.78096389770508,1298100,ETR
2014-01-27,61.459999084472656,61.84000015258789,61.209999084472656,61.290000915527344,41.78779220581055,1791900,ETR
2014-01-28,61.25,61.65999984741211,60.869998931884766,61.119998931884766,41.6718864440918,1673800,ETR
2014-01-29,60.959999084472656,62.0099983215332,60.959999084472656,61.540000915527344,41.95823669433594,1935700,ETR
2014-01-30,61.7599983215332,63.380001068115234,61.54999923706055,63.16999816894531,43.069580078125,2622900,ETR
2014-01-31,62.58000183105469,63.4900016784668,62.529998779296875,63.029998779296875,42.9741325378418,1787100,ETR
2014-02-03,63.22999954223633,63.91999816894531,62.61000061035156,62.720001220703125,42.76276779174805,1894400,ETR
2014-02-04,63.209999084472656,63.27000045776367,62.29999923706055,62.470001220703125,42.59231185913086,1784200,ETR
2014-02-05,62.41999816894531,62.869998931884766,62.0099983215332,62.58000183105469,42.66731643676758,1957600,ETR
2014-02-06,62.61000061035156,63.84000015258789,62.54999923706055,63.75,43.465023040771484,3359900,ETR
2014-02-07,63.810001373291016,63.900001525878906,63.189998626708984,63.560001373291016,43.33548355102539,1547200,ETR
2014-02-10,63.41999816894531,63.93000030517578,63.060001373291016,63.599998474121094,43.362762451171875,1875500,ETR
2014-02-11,63.43000030517578,63.52000045776367,61.66999816894531,62.58000183105469,43.23150634765625,2934800,ETR
2014-02-12,62.529998779296875,63.66999816894531,62.529998779296875,63.560001373291016,43.90850067138672,2357000,ETR
2014-02-13,63.220001220703125,64.58000183105469,63.220001220703125,64.43000030517578,44.5095100402832,2326100,ETR
2014-02-14,64.25,64.66000366210938,64.0999984741211,64.48999786376953,44.550960540771484,1429700,ETR
2014-02-18,64.5199966430664,65.18000030517578,64.43000030517578,64.91000366210938,44.84111785888672,1944900,ETR
2014-02-19,64.45999908447266,65.33999633789062,64.19000244140625,64.45999908447266,44.53023910522461,1692800,ETR
2014-02-20,64.44999694824219,65.30000305175781,64.44999694824219,65.05000305175781,44.93783950805664,1378800,ETR
2014-02-21,64.94999694824219,65.30999755859375,64.44000244140625,64.44999694824219,44.52333068847656,1369500,ETR
2014-02-24,64.86000061035156,65.05000305175781,64.12000274658203,64.12000274658203,44.29537582397461,943900,ETR
2014-02-25,64.4000015258789,64.58000183105469,64.0199966430664,64.11000061035156,44.28845977783203,1390800,ETR
2014-02-26,64.70999908447266,64.79000091552734,64.01000213623047,64.06999969482422,44.26081848144531,770200,ETR
2014-02-27,63.86000061035156,64.19999694824219,63.529998779296875,63.7599983215332,44.04666519165039,983100,ETR
2014-02-28,63.88999938964844,64.16000366210938,63.630001068115234,63.81999969482422,44.08811569213867,1535800,ETR
2014-03-03,63.599998474121094,63.88999938964844,63.25,63.279998779296875,43.71507263183594,1550600,ETR
2014-03-04,63.709999084472656,63.7599983215332,63.220001220703125,63.439998626708984,43.82560729980469,1771000,ETR
2014-03-05,63.529998779296875,63.560001373291016,62.810001373291016,63.029998779296875,43.54237747192383,1439200,ETR
2014-03-06,63.099998474121094,63.36000061035156,62.130001068115234,62.380001068115234,43.09333419799805,1406400,ETR
2014-03-07,62.29999923706055,62.650001525878906,61.81999969482422,62.560001373291016,43.217681884765625,1683300,ETR
2014-03-10,62.47999954223633,62.650001525878906,62.06999969482422,62.25,43.00352478027344,1509100,ETR
2014-03-11,62.400001525878906,62.4900016784668,61.959999084472656,62.310001373291016,43.04498291015625,1303600,ETR
2014-03-12,62.16999816894531,63.0,62.09000015258789,63.0,43.52164840698242,1571200,ETR
2014-03-13,63.119998931884766,64.4800033569336,63.08000183105469,64.41999816894531,44.50260543823242,1963000,ETR
2014-03-14,64.25,64.93000030517578,64.0999984741211,64.58000183105469,44.61314392089844,1390000,ETR
2014-03-17,64.61000061035156,65.19999694824219,64.08999633789062,65.19999694824219,45.04144287109375,1004200,ETR
2014-03-18,65.2699966430664,65.44999694824219,65.0,65.01000213623047,44.91019058227539,939900,ETR
2014-03-19,65.19000244140625,65.62000274658203,64.22000122070312,64.56999969482422,44.606231689453125,1138300,ETR
2014-03-20,64.4000015258789,64.75,63.869998931884766,64.75,44.7305793762207,1166400,ETR
2014-03-21,65.08999633789062,66.69000244140625,64.97000122070312,66.02999877929688,45.61482238769531,2710400,ETR
2014-03-24,66.19999694824219,66.62999725341797,65.83000183105469,66.06999969482422,45.64247131347656,1560200,ETR
2014-03-25,66.19999694824219,66.36000061035156,65.41999816894531,66.08999633789062,45.656272888183594,1036800,ETR
2014-03-26,66.12000274658203,66.22000122070312,65.66999816894531,65.7699966430664,45.435218811035156,843700,ETR
2014-03-27,66.04000091552734,66.63999938964844,65.55999755859375,66.5999984741211,46.00860595703125,1171200,ETR
2014-03-28,66.68000030517578,66.80999755859375,66.12000274658203,66.6500015258789,46.04314422607422,917800,ETR
2014-03-31,66.77999877929688,67.0199966430664,66.37999725341797,66.8499984741211,46.18129348754883,1370400,ETR
2014-04-01,66.80999755859375,67.16000366210938,66.51000213623047,67.05999755859375,46.32636260986328,1418300,ETR
2014-04-02,67.01000213623047,67.47000122070312,66.41000366210938,67.11000061035156,46.36091232299805,1218200,ETR
2014-04-03,67.16999816894531,68.13999938964844,66.81999969482422,68.0999984741211,47.044830322265625,1749100,ETR
2014-04-04,68.30000305175781,69.91999816894531,68.1500015258789,69.06999969482422,47.71493148803711,2806100,ETR
2014-04-07,69.0,69.77999877929688,68.87000274658203,69.13999938964844,47.76327133178711,1719600,ETR
2014-04-08,69.0999984741211,70.26000213623047,68.79000091552734,70.19000244140625,48.48863220214844,2322100,ETR
2014-04-09,70.44999694824219,71.12000274658203,69.58999633789062,70.27999877929688,48.550819396972656,2964900,ETR
2014-04-10,70.41999816894531,70.88999938964844,70.0,70.0999984741211,48.426475524902344,1674100,ETR
2014-04-11,70.0999984741211,71.0,70.0999984741211,70.3499984741211,48.59916687011719,1808600,ETR
2014-04-14,70.55000305175781,71.04000091552734,70.26000213623047,70.94999694824219,49.0136604309082,2532000,ETR
2014-04-15,72.2300033569336,72.58000183105469,71.23999786376953,71.97000122070312,49.71830368041992,3795800,ETR
2014-04-16,72.23999786376953,73.2699966430664,71.69000244140625,72.01000213623047,49.74592971801758,2902600,ETR
2014-04-17,72.08999633789062,72.43000030517578,71.06999969482422,71.26000213623047,49.22782516479492,1861100,ETR
2014-04-21,71.16000366210938,71.7699966430664,70.91000366210938,71.08000183105469,49.103477478027344,1512000,ETR
2014-04-22,71.05999755859375,71.41999816894531,70.63999938964844,71.0199966430664,49.062007904052734,1895700,ETR
2014-04-23,71.20999908447266,71.80000305175781,70.94000244140625,71.0199966430664,49.062007904052734,1787700,ETR
2014-04-24,71.4000015258789,71.58000183105469,70.3499984741211,71.41999816894531,49.33833312988281,2013300,ETR
2014-04-25,71.20999908447266,71.94999694824219,71.12999725341797,71.83999633789062,49.62849044799805,2001600,ETR
2014-04-28,71.9000015258789,73.02999877929688,71.66000366210938,72.81999969482422,50.30549240112305,2954400,ETR
2014-04-29,73.12999725341797,73.70999908447266,72.62999725341797,72.88999938964844,50.35383987426758,2505900,ETR
2014-04-30,73.19999694824219,73.91999816894531,72.45999908447266,72.5,50.08442687988281,2864800,ETR
2014-05-01,72.69000244140625,73.25,72.08000183105469,72.95999908447266,50.402217864990234,1677100,ETR
2014-05-02,72.66999816894531,72.97000122070312,71.68000030517578,72.23999786376953,49.90480422973633,1606200,ETR
2014-05-05,72.22000122070312,73.12999725341797,72.06999969482422,73.12999725341797,50.5196533203125,1554500,ETR
2014-05-06,73.20999908447266,73.72000122070312,73.0,73.12999725341797,50.5196533203125,2153800,ETR
2014-05-07,73.36000061035156,75.19999694824219,73.20999908447266,75.16000366210938,51.92202377319336,2693700,ETR
2014-05-08,74.9800033569336,75.06999969482422,74.33000183105469,74.79000091552734,51.66639709472656,2723100,ETR
2014-05-09,74.72000122070312,75.29000091552734,74.37000274658203,74.61000061035156,51.54206848144531,1660800,ETR
2014-05-12,74.69999694824219,75.04000091552734,74.06999969482422,74.37999725341797,51.383155822753906,2812700,ETR
2014-05-13,73.62000274658203,73.77999877929688,72.79000091552734,73.41000366210938,51.28537368774414,2372000,ETR
2014-05-14,73.45999908447266,74.29000091552734,73.3499984741211,74.2699966430664,51.886173248291016,2113800,ETR
2014-05-15,74.30000305175781,74.41999816894531,73.62000274658203,74.29000091552734,51.900142669677734,2603700,ETR
2014-05-16,74.18000030517578,74.62000274658203,74.01000213623047,74.5199966430664,52.06084060668945,1461200,ETR
2014-05-19,74.44000244140625,74.5199966430664,73.0999984741211,73.1500015258789,51.10372543334961,1501000,ETR
2014-05-20,73.1500015258789,73.76000213623047,73.06999969482422,73.48999786376953,51.34127426147461,1454800,ETR
2014-05-21,73.51000213623047,73.66000366210938,73.0,73.6500015258789,51.45304489135742,1607600,ETR
2014-05-22,73.45999908447266,74.3499984741211,73.41999816894531,74.04000091552734,51.72549819946289,1605800,ETR
2014-05-23,74.0199966430664,74.26000213623047,73.8499984741211,74.05999755859375,51.73946762084961,981600,ETR
2014-05-27,74.47000122070312,74.61000061035156,73.81999969482422,74.11000061035156,51.774410247802734,1379900,ETR
2014-05-28,74.18000030517578,74.68000030517578,73.8499984741211,74.62000274658203,52.13069152832031,1204000,ETR
2014-05-29,74.51000213623047,75.55000305175781,74.37999725341797,75.52999877929688,52.76643371582031,1868300,ETR
2014-05-30,75.4000015258789,75.69000244140625,74.9800033569336,75.41999816894531,52.68960189819336,2237000,ETR
2014-06-02,75.55999755859375,76.04000091552734,75.45999908447266,75.7699966430664,52.9340934753418,1762500,ETR
2014-06-03,75.75,76.2699966430664,75.41999816894531,76.22000122070312,53.24848175048828,2033800,ETR
2014-06-04,76.12999725341797,76.6500015258789,75.88999938964844,76.61000061035156,53.52095413208008,1290800,ETR
2014-06-05,78.41999816894531,78.80000305175781,77.76000213623047,78.61000061035156,54.91817092895508,2560700,ETR
2014-06-06,79.11000061035156,79.12999725341797,78.31999969482422,78.41000366210938,54.7784423828125,1728900,ETR
2014-06-09,78.13999938964844,78.80000305175781,78.05999755859375,78.69000244140625,54.97407150268555,1403400,ETR
2014-06-10,78.6500015258789,78.80999755859375,77.83000183105469,78.27999877929688,54.68762969970703,1399200,ETR
2014-06-11,78.27999877929688,78.43000030517578,77.25,77.41999816894531,54.086830139160156,1715500,ETR
2014-06-12,77.37999725341797,77.95999908447266,76.5999984741211,77.8499984741211,54.387210845947266,1607400,ETR
2014-06-13,77.7699966430664,78.26000213623047,77.13999938964844,78.19999694824219,54.631736755371094,1030100,ETR
2014-06-16,78.19999694824219,79.2699966430664,78.0999984741211,79.01000213623047,55.19761657714844,1972700,ETR
2014-06-17,78.44000244140625,78.80999755859375,77.77999877929688,78.5199966430664,54.85530471801758,1117100,ETR
2014-06-18,78.5199966430664,80.20999908447266,78.43000030517578,80.16999816894531,56.008018493652344,1507400,ETR
2014-06-19,80.19999694824219,80.94000244140625,80.11000061035156,80.79000091552734,56.441162109375,1650300,ETR
2014-06-20,81.0,81.52999877929688,80.69999694824219,80.83000183105469,56.46910095214844,2163500,ETR
2014-06-23,80.7300033569336,80.81999969482422,79.79000091552734,80.54000091552734,56.266510009765625,1572500,ETR
2014-06-24,80.47000122070312,80.91000366210938,80.38999938964844,80.44999694824219,56.203643798828125,1702400,ETR
2014-06-25,80.51000213623047,81.2300033569336,80.4000015258789,81.16999816894531,56.70663070678711,1090800,ETR
2014-06-26,81.1500015258789,81.33000183105469,80.66000366210938,80.86000061035156,56.49005889892578,1136200,ETR
2014-06-27,80.56999969482422,81.30000305175781,80.30000305175781,81.18000030517578,56.71360778808594,1460400,ETR
2014-06-30,81.31999969482422,82.30000305175781,81.1500015258789,82.08999633789062,57.349342346191406,1266100,ETR
2014-07-01,81.87999725341797,82.4800033569336,81.20999908447266,81.30000305175781,56.79744338989258,1412800,ETR
2014-07-02,81.22000122070312,81.30000305175781,78.08000183105469,78.66000366210938,54.95309829711914,3073000,ETR
2014-07-03,78.20999908447266,78.4000015258789,76.97000122070312,76.97000122070312,53.772438049316406,2087400,ETR
2014-07-07,77.19000244140625,78.52999877929688,77.19000244140625,78.4000015258789,54.77147674560547,2244300,ETR
2014-07-08,78.47000122070312,79.16999816894531,78.2699966430664,78.47000122070312,54.82035827636719,1781600,ETR
2014-07-09,78.47000122070312,78.9000015258789,77.37000274658203,77.97000122070312,54.47105407714844,1651700,ETR
2014-07-10,77.5,78.83000183105469,77.43000030517578,78.69999694824219,54.981056213378906,1617800,ETR
2014-07-11,78.66000366210938,78.94000244140625,77.87000274658203,78.0199966430664,54.50599670410156,1077400,ETR
2014-07-14,78.4000015258789,78.44000244140625,77.18000030517578,77.19999694824219,53.933109283447266,1332200,ETR
2014-07-15,77.41000366210938,77.62999725341797,77.0,77.52999877929688,54.16366195678711,1622400,ETR
2014-07-16,77.62000274658203,78.01000213623047,77.11000061035156,77.94999694824219,54.45707702636719,1638700,ETR
2014-07-17,77.1500015258789,77.61000061035156,76.19000244140625,76.2699966430664,53.28340148925781,1758900,ETR
2014-07-18,77.0,77.2699966430664,75.94999694824219,77.22000122070312,53.94710159301758,1544100,ETR
2014-07-21,77.05000305175781,77.47000122070312,76.70999908447266,77.3499984741211,54.03791427612305,1506000,ETR
2014-07-22,77.51000213623047,77.8499984741211,75.97000122070312,76.0,53.094783782958984,2177800,ETR
2014-07-23,76.12000274658203,76.2699966430664,75.56999969482422,75.63999938964844,52.8432731628418,2310500,ETR
2014-07-24,75.45999908447266,76.43000030517578,75.45999908447266,76.3499984741211,53.33929443359375,2139200,ETR
2014-07-25,76.38999938964844,76.77999877929688,75.36000061035156,75.4800033569336,52.73149871826172,1449900,ETR
2014-07-28,75.52999877929688,76.69000244140625,75.4000015258789,76.3499984741211,53.33929443359375,1907100,ETR
2014-07-29,76.45999908447266,76.45999908447266,74.44000244140625,74.98999786376953,52.38917541503906,2322400,ETR
2014-07-30,75.01000213623047,75.51000213623047,73.55999755859375,74.16000366210938,51.809329986572266,2102900,ETR
2014-07-31,73.91000366210938,74.11000061035156,72.80999755859375,72.83000183105469,50.880184173583984,1323900,ETR
2014-08-01,72.87999725341797,73.62000274658203,72.76000213623047,72.98999786376953,50.99195098876953,1552500,ETR
2014-08-04,72.91999816894531,72.9800033569336,71.12000274658203,72.43000030517578,50.60071563720703,4022300,ETR
2014-08-05,72.18000030517578,73.08000183105469,71.81999969482422,72.12000274658203,50.384151458740234,2417900,ETR
2014-08-06,71.9000015258789,71.91999816894531,70.69999694824219,70.81999969482422,49.47595977783203,2524000,ETR
2014-08-07,71.05000305175781,71.91000366210938,71.05000305175781,71.56999969482422,49.99991226196289,1448000,ETR
2014-08-08,71.75,72.72000122070312,71.75,72.68000030517578,50.77537536621094,1286500,ETR
2014-08-11,72.6500015258789,73.3499984741211,72.44000244140625,72.55000305175781,50.68456268310547,1349000,ETR
2014-08-12,71.55000305175781,71.86000061035156,71.26000213623047,71.41999816894531,50.472537994384766,1128500,ETR
2014-08-13,71.45999908447266,72.08999633789062,71.13999938964844,71.91999816894531,50.825897216796875,1564300,ETR
2014-08-14,71.8499984741211,73.22000122070312,71.8499984741211,73.01000213623047,51.59620666503906,1667000,ETR
2014-08-15,73.01000213623047,73.63999938964844,72.3499984741211,72.81999969482422,51.46192169189453,1255200,ETR
2014-08-18,72.9000015258789,73.19999694824219,72.56999969482422,72.75,51.41246795654297,783900,ETR
2014-08-19,72.88999938964844,73.97000122070312,72.80000305175781,73.95999908447266,52.26756286621094,1120200,ETR
2014-08-20,74.11000061035156,75.18000030517578,73.63999938964844,75.11000061035156,53.08026123046875,2191700,ETR
2014-08-21,74.94000244140625,75.80000305175781,74.54000091552734,74.81999969482422,52.87533950805664,1199900,ETR
2014-08-22,74.91000366210938,75.13999938964844,74.08000183105469,74.56999969482422,52.69866180419922,936600,ETR
2014-08-25,74.68000030517578,75.63999938964844,74.5999984741211,75.58000183105469,53.41242218017578,1191200,ETR
2014-08-26,75.43000030517578,75.7699966430664,74.31999969482422,74.47000122070312,52.62800216674805,1286300,ETR
2014-08-27,74.87999725341797,75.54000091552734,74.55999755859375,75.4800033569336,53.34174728393555,929700,ETR
2014-08-28,75.37999725341797,76.37999725341797,75.22000122070312,76.33000183105469,53.94245529174805,852400,ETR
2014-08-29,76.43000030517578,77.44999694824219,76.36000061035156,77.41000366210938,54.7056884765625,1353900,ETR
2014-09-02,77.33000183105469,77.41999816894531,75.88999938964844,76.37999725341797,53.97779083251953,1959800,ETR
2014-09-03,76.55000305175781,77.5,76.55000305175781,77.13999938964844,54.514888763427734,887700,ETR
2014-09-04,77.01000213623047,77.29000091552734,76.45999908447266,76.86000061035156,54.31700897216797,1804400,ETR
2014-09-05,76.97000122070312,77.63999938964844,76.5999984741211,77.41000366210938,54.7056884765625,1385600,ETR
2014-09-08,77.4800033569336,77.55999755859375,76.05999755859375,76.3499984741211,53.956581115722656,1194300,ETR
2014-09-09,76.12000274658203,76.70999908447266,75.55999755859375,76.12999725341797,53.80110549926758,1297000,ETR
2014-09-10,76.18000030517578,76.3499984741211,75.58000183105469,76.16000366210938,53.822322845458984,831900,ETR
2014-09-11,76.19000244140625,77.08000183105469,75.9000015258789,77.05999755859375,54.458335876464844,984900,ETR
2014-09-12,76.54000091552734,76.6500015258789,75.29000091552734,75.4800033569336,53.34174728393555,844300,ETR
2014-09-15,75.68000030517578,76.43000030517578,75.55000305175781,75.94999694824219,53.67390060424805,1340400,ETR
2014-09-16,75.8499984741211,77.48999786376953,75.70999908447266,77.01000213623047,54.42302322387695,1194800,ETR
2014-09-17,77.22000122070312,77.45999908447266,76.23999786376953,76.5199966430664,54.07672882080078,1080300,ETR
2014-09-18,76.69000244140625,77.02999877929688,75.5999984741211,75.83999633789062,53.596160888671875,930200,ETR
2014-09-19,76.12999725341797,76.87999725341797,75.86000061035156,76.81999969482422,54.28872299194336,1591900,ETR
2014-09-22,76.5199966430664,77.55999755859375,76.33000183105469,76.98999786376953,54.40886688232422,1196800,ETR
2014-09-23,76.95999908447266,77.04000091552734,76.36000061035156,76.51000213623047,54.06966018676758,1762500,ETR
2014-09-24,76.63999938964844,76.72000122070312,76.01000213623047,76.30999755859375,53.928321838378906,859100,ETR
2014-09-25,76.31999969482422,76.52999877929688,75.80000305175781,76.0,53.709228515625,1222500,ETR
2014-09-26,76.0999984741211,76.44999694824219,75.43000030517578,76.13999938964844,53.80817413330078,934200,ETR
2014-09-29,76.0,76.7699966430664,75.9000015258789,76.73999786376953,54.23219680786133,998000,ETR
2014-09-30,76.94000244140625,78.37000274658203,76.79000091552734,77.33000183105469,54.64914321899414,1615800,ETR
2014-10-01,77.33000183105469,78.69999694824219,77.0,78.04000091552734,55.150909423828125,1463400,ETR
2014-10-02,77.79000091552734,78.31999969482422,77.31999969482422,77.47000122070312,54.748085021972656,1593700,ETR
2014-10-03,77.68000030517578,77.98999786376953,76.51000213623047,77.81999969482422,54.995426177978516,1149700,ETR
2014-10-06,77.9000015258789,78.27999877929688,77.47000122070312,77.70999908447266,54.9177131652832,907200,ETR
2014-10-07,77.5,78.83999633789062,77.37000274658203,77.80999755859375,54.98836135864258,1612700,ETR
2014-10-08,77.98999786376953,79.63999938964844,77.80999755859375,79.62000274658203,56.26750946044922,1771700,ETR
2014-10-09,79.05000305175781,79.66000366210938,77.44000244140625,77.51000213623047,54.776363372802734,2109900,ETR
2014-10-10,77.77999877929688,78.66000366210938,77.68000030517578,77.83000183105469,55.00251770019531,1556100,ETR
2014-10-13,77.98999786376953,79.56999969482422,77.70999908447266,78.68000030517578,55.60319519042969,1942500,ETR
2014-10-14,79.05000305175781,81.58999633789062,78.73999786376953,81.04000091552734,57.27101516723633,2777700,ETR
2014-10-15,78.9800033569336,81.66000366210938,77.6500015258789,78.94999694824219,55.79399871826172,2778600,ETR
2014-10-16,77.87000274658203,79.5199966430664,77.05000305175781,79.4000015258789,56.112022399902344,1965200,ETR
2014-10-17,79.80000305175781,79.9800033569336,78.04000091552734,79.33000183105469,56.06254196166992,2377000,ETR
2014-10-20,79.29000091552734,79.94999694824219,79.0999984741211,79.83999633789062,56.422950744628906,1271700,ETR
2014-10-21,80.05999755859375,80.06999969482422,79.4000015258789,80.0,56.536033630371094,1282600,ETR
2014-10-22,80.0,81.37999725341797,79.95999908447266,80.94000244140625,57.200355529785156,1256400,ETR
2014-10-23,81.48999786376953,81.95999908447266,80.75,81.29000091552734,57.447689056396484,1422400,ETR
2014-10-24,81.27999877929688,82.19000244140625,81.23999786376953,82.13999938964844,58.04839324951172,1089000,ETR
2014-10-27,82.13999938964844,82.6500015258789,81.77999877929688,82.11000061035156,58.02716827392578,1636200,ETR
2014-10-28,82.12999725341797,82.22000122070312,81.0999984741211,81.87999725341797,57.8646354675293,1885800,ETR
2014-10-29,82.05000305175781,82.87999725341797,81.18000030517578,82.05999755859375,57.99184036254883,1382600,ETR
2014-10-30,82.45999908447266,84.26000213623047,81.94999694824219,84.23999786376953,59.532447814941406,1422900,ETR
2014-10-31,84.55999755859375,84.58000183105469,83.55000305175781,84.0199966430664,59.37697219848633,2165400,ETR
2014-11-03,84.30000305175781,84.30999755859375,83.4800033569336,83.8499984741211,59.2568473815918,2165200,ETR
2014-11-04,80.7699966430664,83.75,80.04000091552734,82.47000122070312,58.28159713745117,1757000,ETR
2014-11-05,83.06999969482422,84.12999725341797,82.4800033569336,83.69999694824219,59.150840759277344,3751600,ETR
2014-11-06,83.7300033569336,83.8499984741211,81.0,81.95999908447266,57.921165466308594,3669600,ETR
2014-11-07,82.37999725341797,82.70999908447266,81.51000213623047,82.68000030517578,58.42999267578125,2325500,ETR
2014-11-10,82.08000183105469,83.31999969482422,82.08000183105469,83.29000091552734,59.45795440673828,2366700,ETR
2014-11-11,83.4800033569336,83.58000183105469,82.4800033569336,82.95999908447266,59.22237777709961,1629900,ETR
2014-11-12,82.31999969482422,82.48999786376953,80.58000183105469,81.62000274658203,58.26580810546875,2543400,ETR
2014-11-13,81.83000183105469,82.80000305175781,81.4800033569336,81.68000030517578,58.30864715576172,1931000,ETR
2014-11-14,81.51000213623047,81.94999694824219,81.08999633789062,81.44999694824219,58.14445114135742,1633900,ETR
2014-11-17,81.30999755859375,83.44999694824219,81.16000366210938,83.2699966430664,59.44368362426758,1854300,ETR
2014-11-18,83.45999908447266,84.44000244140625,82.87000274658203,83.9000015258789,59.89342498779297,1237500,ETR
2014-11-19,83.68000030517578,84.12000274658203,83.05999755859375,83.33999633789062,59.49365997314453,1444900,ETR
2014-11-20,82.9000015258789,83.27999877929688,82.04000091552734,82.2300033569336,58.70126724243164,1232100,ETR
2014-11-21,82.91000366210938,82.9800033569336,81.80000305175781,82.4000015258789,58.82261276245117,1542000,ETR
2014-11-24,82.55999755859375,82.72000122070312,81.36000061035156,81.47000122070312,58.158721923828125,1233000,ETR
2014-11-25,81.41999816894531,81.54000091552734,80.97000122070312,81.30999755859375,58.04450225830078,1254400,ETR
2014-11-26,81.66999816894531,82.48999786376953,81.54000091552734,82.16999816894531,58.658443450927734,1378600,ETR
2014-11-28,82.3499984741211,84.01000213623047,82.3499984741211,83.9000015258789,59.89342498779297,915400,ETR
2014-12-01,83.20999908447266,84.98999786376953,82.76000213623047,83.83000183105469,59.84345245361328,2016800,ETR
2014-12-02,83.52999877929688,84.11000061035156,83.2699966430664,83.69999694824219,59.75065612792969,1548200,ETR
2014-12-03,83.69999694824219,83.86000061035156,83.0999984741211,83.47000122070312,59.58646011352539,1031100,ETR
2014-12-04,83.30000305175781,83.98999786376953,83.19999694824219,83.55999755859375,59.650699615478516,1037100,ETR
2014-12-05,82.5,83.0,82.18000030517578,82.72000122070312,59.05105972290039,1634900,ETR
2014-12-08,82.83000183105469,84.31999969482422,82.62000274658203,84.04000091552734,59.99335861206055,1105500,ETR
2014-12-09,83.83000183105469,84.79000091552734,83.3499984741211,83.9800033569336,59.950531005859375,2119400,ETR
2014-12-10,83.98999786376953,84.5199966430664,83.04000091552734,83.08999633789062,59.315181732177734,1204500,ETR
2014-12-11,83.20999908447266,85.20999908447266,83.12000274658203,84.9000015258789,60.6072998046875,1642500,ETR
2014-12-12,84.33999633789062,87.98999786376953,84.1500015258789,86.41000366210938,61.68523406982422,4037500,ETR
2014-12-15,86.51000213623047,87.91999816894531,85.91999816894531,86.37000274658203,61.65667724609375,3077900,ETR
2014-12-16,86.5,87.41000366210938,85.86000061035156,86.0,61.39253234863281,2696700,ETR
2014-12-17,86.19000244140625,87.76000213623047,86.08000183105469,87.31999969482422,62.334861755371094,2248500,ETR
2014-12-18,87.33999633789062,88.70999908447266,87.08000183105469,88.69999694824219,63.31999206542969,1627500,ETR
2014-12-19,89.05999755859375,89.95999908447266,88.55999755859375,89.02999877929688,63.55554962158203,3446900,ETR
2014-12-22,86.54000091552734,88.6500015258789,86.12999725341797,88.30999755859375,63.04157638549805,1964000,ETR
2014-12-23,88.5,88.86000061035156,87.54000091552734,88.06999969482422,62.87025451660156,1374900,ETR
2014-12-24,88.1500015258789,89.98999786376953,87.87000274658203,89.52999877929688,63.912471771240234,1282900,ETR
2014-12-26,89.7699966430664,91.02999877929688,89.7699966430664,90.41999816894531,64.54782104492188,852200,ETR
2014-12-29,90.55000305175781,92.0199966430664,90.3499984741211,91.16000366210938,65.07609558105469,1229700,ETR
2014-12-30,91.16999816894531,91.16999816894531,89.68000030517578,89.93000030517578,64.19804382324219,1141700,ETR
2014-12-31,90.26000213623047,90.55999755859375,87.4000015258789,87.4800033569336,62.44905090332031,1564300,ETR
2015-01-02,87.4800033569336,88.0999984741211,86.66000366210938,87.70999908447266,62.613250732421875,1944800,ETR
2015-01-05,87.80999755859375,88.26000213623047,86.55999755859375,87.05000305175781,62.14212417602539,1661100,ETR
2015-01-06,87.11000061035156,88.75,86.83000183105469,86.88999938964844,62.02788162231445,1838000,ETR
2015-01-07,87.0199966430664,88.30999755859375,86.66999816894531,87.7699966430664,62.656097412109375,1094200,ETR
2015-01-08,87.94000244140625,88.7300033569336,87.80000305175781,88.29000091552734,63.027305603027344,1018500,ETR
2015-01-09,88.51000213623047,88.88999938964844,86.87999725341797,87.79000091552734,62.67035675048828,1468100,ETR
2015-01-12,88.12999725341797,88.22000122070312,86.55000305175781,87.04000091552734,62.134971618652344,1114700,ETR
2015-01-13,87.5199966430664,88.62999725341797,85.70999908447266,86.04000091552734,61.421104431152344,2595400,ETR
2015-01-14,85.5999984741211,87.19999694824219,85.16999816894531,87.1500015258789,62.21352005004883,1521300,ETR
2015-01-15,87.41000366210938,88.63999938964844,87.0,88.48999786376953,63.17007827758789,1482400,ETR
2015-01-16,88.55000305175781,89.0,88.0,88.66999816894531,63.29855728149414,1295700,ETR
2015-01-20,89.0999984741211,89.55999755859375,87.94000244140625,88.69999694824219,63.31999206542969,1196500,ETR
2015-01-21,88.47000122070312,89.76000213623047,87.93000030517578,89.68000030517578,64.01956939697266,957600,ETR
2015-01-22,90.04000091552734,90.33000183105469,88.70999908447266,89.41999816894531,63.8339729309082,1503900,ETR
2015-01-23,89.66999816894531,89.87999725341797,89.22000122070312,89.5999984741211,63.96245574951172,1254200,ETR
2015-01-26,89.48999786376953,89.72000122070312,88.4000015258789,88.83000183105469,63.41278839111328,1217200,ETR
2015-01-27,88.88999938964844,89.2699966430664,88.33999633789062,88.44000244140625,63.134395599365234,1145700,ETR
2015-01-28,88.44999694824219,90.12000274658203,88.44999694824219,88.93000030517578,63.48417282104492,2028600,ETR
2015-01-29,88.66999816894531,90.05999755859375,88.2699966430664,89.9000015258789,64.17662811279297,1201000,ETR
2015-01-30,89.56999969482422,89.79000091552734,87.43000030517578,87.51000213623047,62.470497131347656,1281400,ETR
2015-02-02,87.55999755859375,88.56999969482422,86.77999877929688,88.1500015258789,62.9273681640625,1542300,ETR
2015-02-03,88.20999908447266,89.5199966430664,87.47000122070312,89.41999816894531,63.8339729309082,1757500,ETR
2015-02-04,89.05999755859375,89.25,87.16000366210938,87.47000122070312,62.44192123413086,1581800,ETR
2015-02-05,87.4800033569336,88.12999725341797,85.5999984741211,86.5199966430664,61.763755798339844,2212500,ETR
2015-02-06,86.1500015258789,86.37000274658203,81.98999786376953,82.41000366210938,58.82977294921875,2851700,ETR
2015-02-09,82.54000091552734,83.13999938964844,81.02999877929688,81.30000305175781,58.037384033203125,2099000,ETR
2015-02-10,80.66999816894531,81.88999938964844,80.58999633789062,81.83999633789062,59.02545928955078,2476500,ETR
2015-02-11,81.80000305175781,81.80999755859375,80.4800033569336,80.95999908447266,58.39076614379883,1725000,ETR
2015-02-12,81.08000183105469,81.27999877929688,80.26000213623047,80.6500015258789,58.167179107666016,1509800,ETR
2015-02-13,80.16000366210938,80.25,78.3499984741211,79.12000274658203,57.06371307373047,2087300,ETR
2015-02-17,79.08000183105469,79.83999633789062,78.1500015258789,78.86000061035156,56.876197814941406,1516700,ETR
2015-02-18,78.9000015258789,80.37000274658203,78.52999877929688,80.26000213623047,57.88591766357422,1303500,ETR
2015-02-19,80.44000244140625,80.80000305175781,79.44999694824219,79.76000213623047,57.52528762817383,812200,ETR
2015-02-20,79.68000030517578,79.83000183105469,78.5,79.31999969482422,57.20794677734375,1160600,ETR
2015-02-23,79.70999908447266,80.30000305175781,79.33999633789062,80.27999877929688,57.90033721923828,999900,ETR
2015-02-24,80.25,81.06999969482422,79.87000274658203,80.45999908447266,58.03014373779297,1370600,ETR
2015-02-25,80.16999816894531,80.80999755859375,79.16999816894531,79.37999725341797,57.251224517822266,1208600,ETR
2015-02-26,79.70999908447266,79.83000183105469,78.94999694824219,79.19999694824219,57.12140655517578,1028100,ETR
2015-02-27,79.25,79.56999969482422,78.51000213623047,79.51000213623047,57.34498977661133,1509500,ETR
2015-03-02,79.18000030517578,79.38999938964844,76.83999633789062,77.66999816894531,56.01792907714844,2070300,ETR
2015-03-03,77.55000305175781,77.77999877929688,76.72000122070312,77.4800033569336,55.880889892578125,1067700,ETR
2015-03-04,76.9000015258789,77.27999877929688,76.01000213623047,76.5,55.17409896850586,1146700,ETR
2015-03-05,76.83999633789062,77.30999755859375,76.62000274658203,77.0199966430664,55.54911422729492,845100,ETR
2015-03-06,76.0999984741211,76.0999984741211,74.30000305175781,74.66999816894531,53.85422134399414,1245100,ETR
2015-03-09,74.83999633789062,75.31999969482422,74.45999908447266,74.69999694824219,53.875877380371094,1031700,ETR
2015-03-10,74.43000030517578,75.88999938964844,74.3499984741211,75.4800033569336,54.43843078613281,1645000,ETR
2015-03-11,75.70999908447266,75.70999908447266,74.41000366210938,74.69000244140625,53.86865234375,1108300,ETR
2015-03-12,75.12000274658203,76.69000244140625,75.12000274658203,76.26000213623047,55.0009880065918,1207800,ETR
2015-03-13,75.73999786376953,75.80000305175781,73.87999725341797,74.6500015258789,53.83981704711914,1916500,ETR
2015-03-16,74.98999786376953,76.6500015258789,74.98999786376953,76.0,54.81346893310547,1076300,ETR
2015-03-17,75.69999694824219,76.36000061035156,75.56999969482422,75.97000122070312,54.791839599609375,929600,ETR
2015-03-18,75.83999633789062,78.6500015258789,75.66999816894531,78.13999938964844,56.356903076171875,1295400,ETR
2015-03-19,77.94999694824219,78.94999694824219,77.66999816894531,77.94000244140625,56.212646484375,2430000,ETR
2015-03-20,78.30000305175781,79.36000061035156,78.04000091552734,79.05000305175781,57.013221740722656,3037000,ETR
2015-03-23,78.98999786376953,79.1500015258789,78.2699966430664,78.48999786376953,56.60934066772461,1214800,ETR
2015-03-24,78.18000030517578,78.68000030517578,77.16999816894531,77.29000091552734,55.74385452270508,1219600,ETR
2015-03-25,77.69000244140625,78.13999938964844,76.87999725341797,76.94000244140625,55.49142837524414,1373000,ETR
2015-03-26,76.55000305175781,77.3499984741211,75.9000015258789,76.5199966430664,55.188507080078125,963400,ETR
2015-03-27,76.45999908447266,77.23999786376953,76.25,76.68000030517578,55.30391311645508,826000,ETR
2015-03-30,76.87000274658203,77.88999938964844,76.37000274658203,77.30999755859375,55.7582893371582,1193500,ETR
2015-03-31,77.33000183105469,78.08000183105469,76.79000091552734,77.48999786376953,55.88809585571289,1307900,ETR
2015-04-01,77.30999755859375,77.83000183105469,76.25,77.69000244140625,56.03234100341797,951800,ETR
2015-04-02,77.56999969482422,78.08000183105469,77.27999877929688,77.66999816894531,56.01792907714844,841400,ETR
2015-04-06,77.91999816894531,79.45999908447266,77.91999816894531,79.41000366210938,57.27286911010742,1134500,ETR
2015-04-07,79.41000366210938,79.43000030517578,78.0199966430664,78.11000061035156,56.33525848388672,832100,ETR
2015-04-08,78.0199966430664,78.19999694824219,77.08000183105469,77.95999908447266,56.22706985473633,1040800,ETR
2015-04-09,77.77999877929688,78.16999816894531,76.69000244140625,77.01000213623047,55.541908264160156,1130100,ETR
2015-04-10,77.41999816894531,78.38999938964844,77.0999984741211,78.08999633789062,56.32084655761719,594400,ETR
2015-04-13,77.69000244140625,78.0999984741211,77.22000122070312,77.27999877929688,55.73664093017578,566600,ETR
2015-04-14,77.55000305175781,78.06999969482422,77.16999816894531,77.77999877929688,56.097267150878906,604800,ETR
2015-04-15,77.77999877929688,78.7699966430664,77.77999877929688,77.80999755859375,56.118900299072266,638000,ETR
2015-04-16,77.7300033569336,77.94999694824219,76.68000030517578,77.36000061035156,55.79434585571289,849000,ETR
2015-04-17,77.06999969482422,77.83999633789062,77.0199966430664,77.29000091552734,55.74385452270508,1118100,ETR
2015-04-20,77.56999969482422,78.94000244140625,77.52999877929688,78.36000061035156,56.51557922363281,862200,ETR
2015-04-21,78.43000030517578,79.0999984741211,77.87000274658203,78.05999755859375,56.29920196533203,1194700,ETR
2015-04-22,78.2300033569336,78.36000061035156,77.11000061035156,77.87000274658203,56.16217041015625,957600,ETR
2015-04-23,77.86000061035156,79.22000122070312,77.68000030517578,78.56999969482422,56.66703414916992,941200,ETR
2015-04-24,78.48999786376953,79.83999633789062,78.0999984741211,79.13999938964844,57.07813262939453,1407500,ETR
2015-04-27,79.41000366210938,79.41000366210938,77.80999755859375,78.13999938964844,56.356903076171875,1114100,ETR
2015-04-28,77.93000030517578,79.22000122070312,77.58000183105469,79.0199966430664,56.99159622192383,1365600,ETR
2015-04-29,77.61000061035156,78.69000244140625,76.7699966430664,78.4000015258789,56.54441833496094,1867300,ETR
2015-04-30,78.33999633789062,78.33999633789062,76.63999938964844,77.18000030517578,55.664520263671875,1249800,ETR
2015-05-01,77.19999694824219,77.41999816894531,76.58999633789062,77.19000244140625,55.67174530029297,894400,ETR
2015-05-04,77.18000030517578,78.45999908447266,77.0,77.81999969482422,56.126102447509766,905900,ETR
2015-05-05,77.44999694824219,77.91999816894531,75.43000030517578,75.55000305175781,54.48891830444336,1284700,ETR
2015-05-06,75.61000061035156,76.2300033569336,74.87999725341797,75.77999877929688,54.6547966003418,1390900,ETR
2015-05-07,76.20999908447266,76.94999694824219,75.7699966430664,76.47000122070312,55.15243911743164,1139200,ETR
2015-05-08,77.13999938964844,77.58999633789062,75.98999786376953,76.4000015258789,55.101966857910156,1279700,ETR
2015-05-11,76.4000015258789,76.7300033569336,76.01000213623047,76.08999633789062,54.878379821777344,1859700,ETR
2015-05-12,75.01000213623047,75.13999938964844,73.94999694824219,74.2300033569336,54.127323150634766,1779900,ETR
2015-05-13,74.56999969482422,75.22000122070312,73.5,73.76000213623047,53.784603118896484,1585400,ETR
2015-05-14,74.05999755859375,74.6500015258789,73.9000015258789,74.2300033569336,54.127323150634766,1156100,ETR
2015-05-15,74.48999786376953,75.30000305175781,74.33999633789062,74.9800033569336,54.67421340942383,1501400,ETR
2015-05-18,74.62000274658203,75.38999938964844,74.58000183105469,75.27999877929688,54.89295959472656,733800,ETR
2015-05-19,75.02999877929688,76.2699966430664,74.75,76.20999908447266,55.57111358642578,1161000,ETR
2015-05-20,76.11000061035156,76.61000061035156,75.77999877929688,76.04000091552734,55.447147369384766,1107500,ETR
2015-05-21,76.08000183105469,76.4000015258789,75.66000366210938,76.12000274658203,55.50547790527344,830600,ETR
2015-05-22,75.91999816894531,76.27999877929688,75.37999725341797,76.04000091552734,55.447147369384766,659300,ETR
2015-05-26,76.08000183105469,76.30000305175781,74.94999694824219,75.4800033569336,55.03879928588867,1278400,ETR
2015-05-27,75.69999694824219,76.55999755859375,75.55000305175781,76.41000366210938,55.716941833496094,1134100,ETR
2015-05-28,76.23999786376953,76.81999969482422,75.93000030517578,76.55000305175781,55.81902313232422,1068500,ETR
2015-05-29,76.55000305175781,77.08000183105469,76.29000091552734,76.47000122070312,55.760677337646484,1077900,ETR
2015-06-01,76.54000091552734,77.16000366210938,76.43000030517578,76.58000183105469,55.84089660644531,1128800,ETR
2015-06-02,75.91000366210938,76.30999755859375,74.58000183105469,75.11000061035156,54.768985748291016,1422800,ETR
2015-06-03,74.83999633789062,75.20999908447266,73.37000274658203,73.83000183105469,53.83564758300781,2053100,ETR
2015-06-04,73.51000213623047,74.4800033569336,73.38999938964844,73.76000213623047,53.784603118896484,1028200,ETR
2015-06-05,73.04000091552734,73.04000091552734,71.93000030517578,72.12000274658203,52.58875274658203,1235100,ETR
2015-06-08,72.23999786376953,72.58999633789062,71.95999908447266,71.9800033569336,52.48666000366211,1063700,ETR
2015-06-09,72.62999725341797,72.62999725341797,70.87999725341797,70.9000015258789,51.69914627075195,1459400,ETR
2015-06-10,71.33000183105469,71.73999786376953,70.63999938964844,70.70999908447266,51.56059646606445,2708900,ETR
2015-06-11,71.19999694824219,71.75,70.72000122070312,71.41999816894531,52.07830810546875,1744100,ETR
2015-06-12,71.16000366210938,71.58000183105469,70.69999694824219,70.70999908447266,51.56059646606445,903400,ETR
2015-06-15,70.48999786376953,71.0,70.12000274658203,70.94999694824219,51.73558044433594,1475800,ETR
2015-06-16,70.87999725341797,71.19000244140625,70.44000244140625,70.83000183105469,51.648101806640625,782800,ETR
2015-06-17,70.7699966430664,71.62000274658203,70.41999816894531,71.19000244140625,51.91060256958008,1584600,ETR
2015-06-18,71.31999969482422,72.36000061035156,71.31999969482422,72.04000091552734,52.53040313720703,1953400,ETR
2015-06-19,71.63999938964844,72.2300033569336,71.45999908447266,71.56999969482422,52.18769454956055,1494100,ETR
2015-06-22,71.81999969482422,71.9000015258789,71.25,71.5,52.136661529541016,845700,ETR
2015-06-23,71.45999908447266,71.58000183105469,70.54000091552734,70.77999877929688,51.61164093017578,1066100,ETR
2015-06-24,70.8499984741211,71.18000030517578,70.5,70.51000213623047,51.41475296020508,1194500,ETR
2015-06-25,70.5199966430664,70.52999877929688,69.45999908447266,69.47000122070312,50.65640640258789,786100,ETR
2015-06-26,69.38999938964844,70.62999725341797,69.05999755859375,70.51000213623047,51.41475296020508,1986700,ETR
2015-06-29,70.55000305175781,71.19000244140625,69.83999633789062,69.94999694824219,51.00641632080078,1354900,ETR
2015-06-30,70.30000305175781,71.41000366210938,69.98999786376953,70.5,51.40746307373047,4553900,ETR
2015-07-01,70.66000366210938,71.5,70.4800033569336,71.44999694824219,52.10019302368164,2328000,ETR
2015-07-02,72.23999786376953,72.66999816894531,71.56999969482422,71.87999725341797,52.41372299194336,1394100,ETR
2015-07-06,71.73999786376953,72.47000122070312,71.4800033569336,72.47000122070312,52.84396743774414,1420900,ETR
2015-07-07,72.76000213623047,74.0,72.66999816894531,73.61000061035156,53.675228118896484,2686300,ETR
2015-07-08,73.31999969482422,74.08999633789062,73.13999938964844,73.30000305175781,53.449180603027344,1732000,ETR
2015-07-09,73.47000122070312,73.7300033569336,72.37000274658203,72.5199966430664,52.880428314208984,1266200,ETR
2015-07-10,72.48999786376953,73.16000366210938,72.11000061035156,72.48999786376953,52.858543395996094,949500,ETR
2015-07-13,72.81999969482422,72.98999786376953,72.0199966430664,72.25,52.683528900146484,839300,ETR
2015-07-14,72.26000213623047,72.86000061035156,71.98999786376953,72.29000091552734,52.71269607543945,1296900,ETR
2015-07-15,72.44000244140625,72.5199966430664,71.73999786376953,72.25,52.683528900146484,1536800,ETR
2015-07-16,72.36000061035156,73.44000244140625,72.36000061035156,72.97000122070312,53.20854187011719,1483000,ETR
2015-07-17,73.12000274658203,73.12000274658203,72.30999755859375,72.37000274658203,52.77104568481445,866800,ETR
2015-07-20,72.33999633789062,72.43000030517578,71.62999725341797,72.27999877929688,52.70541763305664,905400,ETR
2015-07-21,72.22000122070312,72.38999938964844,70.93000030517578,71.30000305175781,51.99081039428711,1038600,ETR
2015-07-22,71.33999633789062,71.80000305175781,70.87000274658203,71.0,51.772056579589844,1423100,ETR
2015-07-23,70.69000244140625,70.79000091552734,69.1500015258789,69.69999694824219,50.82411575317383,1705500,ETR
2015-07-24,69.77999877929688,69.88999938964844,69.1500015258789,69.20999908447266,50.46682357788086,921700,ETR
2015-07-27,69.25,70.80000305175781,69.25,70.4000015258789,51.334556579589844,1111100,ETR
2015-07-28,69.75,70.47000122070312,69.55000305175781,69.9800033569336,51.028289794921875,1456100,ETR
2015-07-29,69.83000183105469,70.22000122070312,69.43000030517578,70.11000061035156,51.12308883666992,1184700,ETR
2015-07-30,69.9000015258789,71.08999633789062,69.72000122070312,70.36000061035156,51.30538558959961,1026700,ETR
2015-07-31,70.88999938964844,71.5,70.88999938964844,71.0199966430664,51.78663635253906,1187900,ETR
2015-08-03,71.25,71.55999755859375,70.88999938964844,71.19999694824219,51.91789627075195,1603400,ETR
2015-08-04,70.0,70.5999984741211,68.2300033569336,68.58000183105469,50.00743865966797,2829100,ETR
2015-08-05,68.58000183105469,68.58999633789062,67.75,67.87999725341797,49.49699783325195,2976800,ETR
2015-08-06,67.86000061035156,69.48999786376953,67.2300033569336,69.44000244140625,50.63454055786133,1771600,ETR
2015-08-07,69.37999725341797,70.87000274658203,68.86000061035156,70.26000213623047,51.23247528076172,1381400,ETR
2015-08-10,70.31999969482422,70.70999908447266,68.55000305175781,68.91000366210938,50.24806594848633,1879400,ETR
2015-08-11,68.31999969482422,69.52999877929688,68.25,68.94000244140625,50.88280487060547,1904200,ETR
2015-08-12,68.62999725341797,70.22000122070312,68.5,70.01000213623047,51.67253875732422,1883800,ETR
2015-08-13,70.01000213623047,70.05999755859375,69.08000183105469,69.79000091552734,51.51016616821289,1243400,ETR
2015-08-14,69.5999984741211,70.19999694824219,69.44999694824219,70.0999984741211,51.738975524902344,1531300,ETR
2015-08-17,70.08000183105469,70.91000366210938,69.91000366210938,70.66000366210938,52.15229415893555,1782800,ETR
2015-08-18,70.43000030517578,71.0199966430664,70.2300033569336,70.62000274658203,52.12276840209961,1330800,ETR
2015-08-19,70.26000213623047,71.13999938964844,70.11000061035156,70.87000274658203,52.30729293823242,1021100,ETR
2015-08-20,70.37000274658203,71.55999755859375,70.11000061035156,70.55999755859375,52.07847213745117,1180300,ETR
2015-08-21,70.33999633789062,70.86000061035156,69.38999938964844,69.38999938964844,51.214935302734375,1562500,ETR
2015-08-24,67.4000015258789,69.4800033569336,65.54000091552734,65.9000015258789,48.63905715942383,2487600,ETR
2015-08-25,66.41999816894531,67.22000122070312,63.599998474121094,63.599998474121094,46.941497802734375,2326900,ETR
2015-08-26,64.3499984741211,64.5199966430664,63.20000076293945,64.29000091552734,47.45077133178711,2101300,ETR
2015-08-27,64.4800033569336,65.91000366210938,64.4800033569336,65.80999755859375,48.572635650634766,2375300,ETR
2015-08-28,65.77999877929688,66.2699966430664,65.06999969482422,65.9000015258789,48.63905715942383,1714600,ETR
2015-08-31,65.62000274658203,65.63999938964844,64.43000030517578,65.33000183105469,48.218360900878906,1704800,ETR
2015-09-01,64.45999908447266,64.45999908447266,62.65999984741211,63.060001373291016,46.54292297363281,1639600,ETR
2015-09-02,63.7599983215332,63.81999969482422,62.45000076293945,62.7599983215332,46.3215217590332,1291200,ETR
2015-09-03,62.810001373291016,63.40999984741211,62.619998931884766,62.9900016784668,46.491268157958984,1111400,ETR
2015-09-04,62.47999954223633,62.5099983215332,61.27000045776367,61.529998779296875,45.41367721557617,1497100,ETR
2015-09-08,62.27000045776367,62.72999954223633,61.849998474121094,62.38999938964844,46.04842758178711,1986400,ETR
2015-09-09,62.779998779296875,62.869998931884766,61.75,61.88999938964844,45.67938232421875,1292800,ETR
2015-09-10,61.83000183105469,62.77000045776367,61.7599983215332,62.029998779296875,45.782718658447266,1781000,ETR
2015-09-11,61.75,62.70000076293945,61.56999969482422,62.68000030517578,46.26245880126953,1184900,ETR
2015-09-14,62.68000030517578,63.279998779296875,62.54999923706055,62.83000183105469,46.373172760009766,1173100,ETR
2015-09-15,62.91999816894531,63.40999984741211,62.54999923706055,63.22999954223633,46.66841125488281,1257600,ETR
2015-09-16,63.36000061035156,64.48999786376953,63.22999954223633,63.95000076293945,47.1998291015625,1516600,ETR
2015-09-17,63.93000030517578,65.45999908447266,63.79999923706055,64.41999816894531,47.54670715332031,1051800,ETR
2015-09-18,63.90999984741211,64.86000061035156,63.7599983215332,64.25,47.42123794555664,1976500,ETR
2015-09-21,64.37000274658203,64.79000091552734,63.810001373291016,63.93000030517578,47.1850471496582,1251500,ETR
2015-09-22,64.41000366210938,64.62999725341797,63.689998626708984,64.04000091552734,47.26624298095703,1953700,ETR
2015-09-23,64.04000091552734,64.04000091552734,63.119998931884766,63.540000915527344,46.897216796875,1444300,ETR
2015-09-24,62.38999938964844,63.7400016784668,62.29999923706055,63.59000015258789,46.934112548828125,1633700,ETR
2015-09-25,63.58000183105469,65.25,63.29999923706055,64.58999633789062,47.67218780517578,1641700,ETR
2015-09-28,64.31999969482422,65.06999969482422,64.0,64.05999755859375,47.281002044677734,1066100,ETR
2015-09-29,64.13999938964844,64.95999908447266,63.93000030517578,64.33000183105469,47.48028564453125,824900,ETR
2015-09-30,64.5199966430664,65.13999938964844,64.25,65.0999984741211,48.0485954284668,1382500,ETR
2015-10-01,65.16000366210938,65.26000213623047,63.900001525878906,64.41000366210938,47.53933334350586,1236100,ETR
2015-10-02,64.91999816894531,65.93000030517578,64.41000366210938,65.88999938964844,48.631683349609375,1414800,ETR
2015-10-05,66.18000030517578,67.19000244140625,65.73999786376953,66.97000122070312,49.428794860839844,1117100,ETR
2015-10-06,66.80000305175781,66.98999786376953,65.63999938964844,66.11000061035156,48.7940673828125,1240700,ETR
2015-10-07,66.12000274658203,66.77999877929688,66.0999984741211,66.77999877929688,49.288570404052734,1570300,ETR
2015-10-08,66.75,68.22000122070312,66.23999786376953,67.66999816894531,49.94544219970703,1426200,ETR
2015-10-09,67.69999694824219,67.95999908447266,67.25,67.55999755859375,49.86426544189453,1366300,ETR
2015-10-12,67.7300033569336,69.05999755859375,67.2300033569336,68.27999877929688,50.39567947387695,950900,ETR
2015-10-13,68.18000030517578,68.62000274658203,67.83999633789062,68.0999984741211,50.262813568115234,1348500,ETR
2015-10-14,68.1500015258789,68.56999969482422,67.66999816894531,67.91999816894531,50.12997055053711,1091100,ETR
2015-10-15,68.18000030517578,69.19999694824219,67.69000244140625,69.08000183105469,50.986141204833984,1094400,ETR
2015-10-16,69.55999755859375,70.0,69.08000183105469,69.30000305175781,51.14851760864258,1630400,ETR
2015-10-19,69.51000213623047,69.75,68.77999877929688,69.37999725341797,51.207557678222656,1267200,ETR
2015-10-20,69.19000244140625,70.5199966430664,68.91000366210938,70.06999969482422,51.716827392578125,1340800,ETR
2015-10-21,70.29000091552734,70.66999816894531,69.37000274658203,69.41999816894531,51.2370719909668,729200,ETR
2015-10-22,69.62000274658203,70.12999725341797,69.31999969482422,70.05999755859375,51.70944595336914,1036400,ETR
2015-10-23,69.86000061035156,70.0199966430664,68.58999633789062,68.6500015258789,50.668766021728516,995900,ETR
2015-10-26,68.87999725341797,68.9800033569336,67.79000091552734,68.48999786376953,50.55068588256836,1253600,ETR
2015-10-27,68.4000015258789,68.69999694824219,67.87000274658203,68.45999908447266,50.528533935546875,776600,ETR
2015-10-28,68.45999908447266,68.91999816894531,67.19999694824219,67.76000213623047,50.01189041137695,1115300,ETR
2015-10-29,67.37999725341797,67.63999938964844,66.0199966430664,67.5,49.81998062133789,1180100,ETR
2015-10-30,67.5,68.36000061035156,67.26000213623047,68.16000366210938,50.30711364746094,1775000,ETR
2015-11-02,67.75,69.0,66.43000030517578,68.55000305175781,50.59495544433594,2510700,ETR
2015-11-03,68.5199966430664,69.93000030517578,68.3499984741211,69.29000091552734,51.1411247253418,1968000,ETR
2015-11-04,69.22000122070312,69.62000274658203,68.6500015258789,69.20999908447266,51.082088470458984,1343200,ETR
2015-11-05,69.19999694824219,69.55000305175781,67.83000183105469,68.05999755859375,50.233306884765625,1178500,ETR
2015-11-06,66.73999786376953,67.55000305175781,65.41999816894531,65.6500015258789,48.45454788208008,2564500,ETR
2015-11-09,64.83000183105469,65.37000274658203,64.11000061035156,65.13999938964844,48.708770751953125,1364800,ETR
2015-11-10,65.19999694824219,65.95999908447266,64.73999786376953,64.8499984741211,48.49192810058594,1729500,ETR
2015-11-11,64.95999908447266,66.41000366210938,64.70999908447266,66.05999755859375,49.3967170715332,1949300,ETR
2015-11-12,65.83999633789062,66.48999786376953,65.37999725341797,65.80000305175781,49.202301025390625,1778600,ETR
2015-11-13,65.86000061035156,66.29000091552734,64.98999786376953,65.1500015258789,48.71626281738281,1091400,ETR
2015-11-16,65.19999694824219,66.87999725341797,64.94999694824219,66.83000183105469,49.97249221801758,1188700,ETR
2015-11-17,66.66999816894531,66.91999816894531,65.30000305175781,65.44000244140625,48.93310546875,1085800,ETR
2015-11-18,65.44000244140625,66.11000061035156,64.48999786376953,65.66999816894531,49.10509490966797,1215800,ETR
2015-11-19,65.9800033569336,66.20999908447266,65.2699966430664,65.83999633789062,49.232208251953125,1407800,ETR
2015-11-20,66.33999633789062,67.06999969482422,66.12999725341797,66.94000244140625,50.05474090576172,1284200,ETR
2015-11-23,66.9000015258789,67.30000305175781,66.55999755859375,66.66999816894531,49.85285186767578,922800,ETR
2015-11-24,66.25,66.69000244140625,66.02999877929688,66.4800033569336,49.71077346801758,1197100,ETR
2015-11-25,66.66999816894531,66.66999816894531,65.4000015258789,66.13999938964844,49.45653533935547,780500,ETR
2015-11-27,66.08000183105469,66.4000015258789,65.83000183105469,66.16999816894531,49.47896194458008,403400,ETR
2015-11-30,66.12999725341797,67.23999786376953,66.0199966430664,66.62999725341797,49.822933197021484,1406500,ETR
2015-12-01,66.7699966430664,67.94999694824219,65.45999908447266,67.38999938964844,50.391239166259766,1280400,ETR
2015-12-02,67.19999694824219,67.19999694824219,65.2300033569336,65.30999755859375,48.83590316772461,1106500,ETR
2015-12-03,64.97000122070312,65.25,64.18000030517578,64.36000061035156,48.12553405761719,1130100,ETR
2015-12-04,64.61000061035156,66.0,64.25,65.93000030517578,49.29950714111328,1187200,ETR
2015-12-07,65.73999786376953,66.70999908447266,65.25,66.69000244140625,49.8677978515625,1470300,ETR
2015-12-08,66.51000213623047,66.77999877929688,66.16000366210938,66.55999755859375,49.77058410644531,1330100,ETR
2015-12-09,66.23999786376953,68.62999725341797,66.11000061035156,68.04000091552734,50.87725830078125,2328000,ETR
2015-12-10,67.97000122070312,68.04000091552734,65.66000366210938,65.70999908447266,49.1349983215332,1787300,ETR
2015-12-11,65.30000305175781,66.36000061035156,65.08000183105469,65.66000366210938,49.09761047363281,1891800,ETR
2015-12-14,65.63999938964844,65.81999969482422,64.19999694824219,65.44000244140625,48.93310546875,1943300,ETR
2015-12-15,65.4800033569336,65.80000305175781,65.05999755859375,65.22000122070312,48.76858901977539,1814400,ETR
2015-12-16,65.5999984741211,67.23999786376953,65.37000274658203,67.12999725341797,50.19680404663086,2028200,ETR
2015-12-17,67.0999984741211,67.66999816894531,66.37999725341797,67.2300033569336,50.271575927734375,1315700,ETR
2015-12-18,66.91000366210938,67.33999633789062,66.06999969482422,66.26000213623047,49.546260833740234,4695500,ETR
2015-12-21,66.63999938964844,66.6500015258789,65.7699966430664,66.18000030517578,49.4864501953125,1521500,ETR
2015-12-22,66.37999725341797,67.81999969482422,65.73999786376953,67.68000030517578,50.608070373535156,971100,ETR
2015-12-23,67.91999816894531,68.97000122070312,67.9000015258789,68.79000091552734,51.43809127807617,792400,ETR
2015-12-24,68.58000183105469,68.94000244140625,68.30999755859375,68.69000244140625,51.36331558227539,396300,ETR
2015-12-28,68.38999938964844,69.08999633789062,68.19999694824219,68.86000061035156,51.490421295166016,674000,ETR
2015-12-29,69.12999725341797,69.41000366210938,68.88999938964844,69.19999694824219,51.74467849731445,751900,ETR
2015-12-30,69.27999877929688,69.48999786376953,68.9800033569336,69.25,51.78206253051758,702100,ETR
2015-12-31,69.11000061035156,69.11000061035156,67.6500015258789,68.36000061035156,51.11655044555664,878100,ETR
2016-01-04,67.91000366210938,68.5999984741211,66.7699966430664,68.58000183105469,51.28106689453125,1351100,ETR
2016-01-05,68.47000122070312,69.16000366210938,67.02999877929688,68.94999694824219,51.55773162841797,1440600,ETR
2016-01-06,68.55000305175781,68.72000122070312,67.81999969482422,68.51000213623047,51.22871398925781,1265700,ETR
2016-01-07,67.91000366210938,68.61000061035156,67.27999877929688,67.54000091552734,50.503395080566406,1443600,ETR
2016-01-08,67.58000183105469,68.29000091552734,67.37000274658203,67.5199966430664,50.48843765258789,1351100,ETR
2016-01-11,67.73999786376953,68.19000244140625,67.06999969482422,67.55000305175781,50.51087188720703,1039400,ETR
2016-01-12,68.2699966430664,68.5199966430664,67.05000305175781,68.4000015258789,51.14645767211914,1890800,ETR
2016-01-13,68.62000274658203,69.08000183105469,67.69999694824219,68.19999694824219,50.99691390991211,1666300,ETR
2016-01-14,68.27999877929688,69.58999633789062,67.76000213623047,69.0999984741211,51.669891357421875,1157800,ETR
2016-01-15,68.58999633789062,68.58999633789062,67.41999816894531,68.08999633789062,50.914649963378906,1576900,ETR
2016-01-19,68.83000183105469,69.23999786376953,68.16000366210938,68.87000274658203,51.49790954589844,1556600,ETR
2016-01-20,68.41999816894531,68.91000366210938,65.37999725341797,66.55999755859375,49.77058410644531,1515100,ETR
2016-01-21,66.58000183105469,67.08000183105469,65.63999938964844,66.68000030517578,49.86031723022461,1114600,ETR
2016-01-22,67.26000213623047,68.8499984741211,66.83999633789062,68.7300033569336,51.393226623535156,1322400,ETR
2016-01-25,68.6500015258789,68.7300033569336,67.2300033569336,67.58000183105469,50.53329849243164,985200,ETR
2016-01-26,67.93000030517578,69.54000091552734,67.88999938964844,68.69999694824219,51.37077713012695,834500,ETR
2016-01-27,68.58999633789062,70.0199966430664,68.38999938964844,69.55000305175781,52.00638961791992,1179900,ETR
2016-01-28,69.48999786376953,70.91000366210938,69.12000274658203,70.55999755859375,52.761600494384766,907900,ETR
2016-01-29,71.27999877929688,71.56999969482422,70.38999938964844,70.58000183105469,52.776573181152344,1958100,ETR
2016-02-01,70.62000274658203,71.81999969482422,70.33999633789062,71.5999984741211,53.53927993774414,1208400,ETR
2016-02-02,71.0999984741211,71.94000244140625,70.72000122070312,71.73999786376953,53.64397430419922,1256600,ETR
2016-02-03,71.93000030517578,73.95999908447266,71.81999969482422,73.3499984741211,54.847843170166016,1575900,ETR
2016-02-04,73.12000274658203,74.4800033569336,72.19000244140625,72.30000305175781,54.06270217895508,1363100,ETR
2016-02-05,72.05000305175781,72.66000366210938,71.1500015258789,72.22000122070312,54.00288391113281,1656100,ETR
2016-02-08,72.37000274658203,73.0199966430664,70.41000366210938,71.44999694824219,53.4271240234375,1748300,ETR
2016-02-09,69.97000122070312,71.30000305175781,69.6500015258789,70.73999786376953,53.53306579589844,1755700,ETR
2016-02-10,70.56999969482422,71.8499984741211,69.33999633789062,71.44000244140625,54.062782287597656,1456200,ETR
2016-02-11,71.0,71.51000213623047,70.20999908447266,70.54000091552734,53.3817138671875,1509400,ETR
2016-02-12,70.31999969482422,70.58000183105469,69.33999633789062,70.44000244140625,53.3060302734375,1279000,ETR
2016-02-16,70.69999694824219,71.0999984741211,69.83000183105469,70.7699966430664,53.55575942993164,1762600,ETR
2016-02-17,70.77999877929688,71.19000244140625,69.94000244140625,71.01000213623047,53.73738479614258,1583100,ETR
2016-02-18,71.55000305175781,73.93000030517578,70.80000305175781,73.44000244140625,55.57630920410156,2388100,ETR
2016-02-19,73.79000091552734,73.91999816894531,72.0,72.9800033569336,55.22819519042969,2232600,ETR
2016-02-22,73.44999694824219,74.23999786376953,73.0199966430664,74.01000213623047,56.007652282714844,1009200,ETR
2016-02-23,73.87999725341797,74.2300033569336,72.9800033569336,73.48999786376953,55.614158630371094,1321500,ETR
2016-02-24,73.41999816894531,74.0,72.7699966430664,73.44999694824219,55.583858489990234,1012100,ETR
2016-02-25,73.63999938964844,74.33000183105469,73.12999725341797,74.25,56.18928527832031,933300,ETR
2016-02-26,73.83000183105469,74.58000183105469,71.6500015258789,71.73999786376953,54.28982162475586,1271500,ETR
2016-02-29,71.83000183105469,73.11000061035156,71.52999877929688,72.20999908447266,54.64549255371094,1273500,ETR
2016-03-01,72.69999694824219,72.98999786376953,71.94999694824219,72.19999694824219,54.63792419433594,1125900,ETR
2016-03-02,71.86000061035156,73.25,70.61000061035156,73.22000122070312,55.40981674194336,1169800,ETR
2016-03-03,73.19999694824219,73.30999755859375,71.77999877929688,73.13999938964844,55.34927749633789,1153300,ETR
2016-03-04,72.79000091552734,74.2699966430664,72.22000122070312,74.19000244140625,56.143882751464844,1015300,ETR
2016-03-07,74.0,74.58999633789062,73.58000183105469,73.94000244140625,55.95467758178711,1185800,ETR
2016-03-08,74.04000091552734,74.66999816894531,73.33999633789062,74.56999969482422,56.43143844604492,1250100,ETR
2016-03-09,74.61000061035156,75.91000366210938,74.58000183105469,75.25,56.94602584838867,1501300,ETR
2016-03-10,75.30999755859375,76.13999938964844,75.16000366210938,75.9800033569336,57.49847412109375,1575000,ETR
2016-03-11,76.22000122070312,76.72000122070312,75.73999786376953,75.91999816894531,57.45307159423828,1284800,ETR
2016-03-14,76.0199966430664,76.91000366210938,75.5,76.54000091552734,57.92226791381836,1139600,ETR
2016-03-15,76.19000244140625,77.31999969482422,76.16000366210938,76.62000274658203,57.98279571533203,865700,ETR
2016-03-16,76.51000213623047,78.2300033569336,75.80999755859375,78.0199966430664,59.04225540161133,1263900,ETR
2016-03-17,78.1500015258789,79.16000366210938,77.73999786376953,78.94000244140625,59.738487243652344,1109500,ETR
2016-03-18,78.91999816894531,79.25,77.9000015258789,77.93000030517578,58.97416305541992,2410100,ETR
2016-03-21,77.54000091552734,78.69000244140625,77.47000122070312,78.4000015258789,59.3298454284668,1288700,ETR
2016-03-22,78.36000061035156,78.83999633789062,77.61000061035156,77.69999694824219,58.80008316040039,1168700,ETR
2016-03-23,77.77999877929688,78.63999938964844,77.43000030517578,78.13999938964844,59.1330680847168,884800,ETR
2016-03-24,77.83999633789062,78.98999786376953,77.58999633789062,78.83999633789062,59.66279602050781,846400,ETR
2016-03-28,78.95999908447266,79.33000183105469,78.04000091552734,78.16999816894531,59.15578079223633,837400,ETR
2016-03-29,78.3499984741211,79.63999938964844,77.94000244140625,79.61000061035156,60.24549865722656,899100,ETR
2016-03-30,79.47000122070312,79.69000244140625,78.80000305175781,79.2300033569336,59.95796203613281,788900,ETR
2016-03-31,79.2300033569336,79.72000122070312,78.88999938964844,79.27999877929688,59.99577713012695,1648300,ETR
2016-04-01,79.33999633789062,80.05999755859375,78.94000244140625,79.97000122070312,60.51795196533203,2389300,ETR
2016-04-04,79.94999694824219,80.0,78.70999908447266,78.94000244140625,59.738487243652344,1417100,ETR
2016-04-05,78.73999786376953,78.88999938964844,76.97000122070312,77.08999633789062,58.33847427368164,2338800,ETR
2016-04-06,77.08999633789062,77.4000015258789,76.56999969482422,77.20999908447266,58.429283142089844,1477700,ETR
2016-04-07,76.94999694824219,77.73999786376953,76.83999633789062,77.19000244140625,58.41416931152344,1373400,ETR
2016-04-08,77.5,78.11000061035156,76.80999755859375,76.95999908447266,58.2401008605957,2005100,ETR
2016-04-11,77.16999816894531,77.80000305175781,76.66999816894531,76.81999969482422,58.13414764404297,1239000,ETR
2016-04-12,76.25,76.9000015258789,76.11000061035156,76.55999755859375,57.93739700317383,3132700,ETR
2016-04-13,76.91000366210938,76.91000366210938,76.01000213623047,76.55000305175781,57.92982864379883,1286800,ETR
2016-04-14,76.33999633789062,76.80000305175781,75.6500015258789,75.83999633789062,57.39252853393555,1419500,ETR
2016-04-15,75.80000305175781,76.4800033569336,75.58000183105469,76.12000274658203,57.60441207885742,1439300,ETR
2016-04-18,75.80000305175781,76.37000274658203,75.69999694824219,76.25,57.70281219482422,1602500,ETR
2016-04-19,76.44999694824219,76.72000122070312,76.16000366210938,76.43000030517578,57.83900451660156,1847200,ETR
2016-04-20,76.4000015258789,76.56999969482422,74.44000244140625,74.62999725341797,56.476844787597656,1640200,ETR
2016-04-21,74.44000244140625,74.44000244140625,73.25,73.51000213623047,55.62926483154297,2245700,ETR
2016-04-22,73.83000183105469,74.61000061035156,73.7300033569336,74.3499984741211,56.26496887207031,1463600,ETR
2016-04-25,74.33000183105469,74.5999984741211,73.68000030517578,74.29000091552734,56.21954345703125,1403900,ETR
2016-04-26,74.75,75.5,73.83999633789062,74.61000061035156,56.46171569824219,2382800,ETR
2016-04-27,74.4800033569336,74.97000122070312,73.55999755859375,74.70999908447266,56.537384033203125,2131700,ETR
2016-04-28,73.94999694824219,74.62000274658203,73.5199966430664,74.43000030517578,56.325496673583984,1524500,ETR
2016-04-29,74.0199966430664,75.18000030517578,73.62000274658203,75.18000030517578,56.893070220947266,1660100,ETR
2016-05-02,75.31999969482422,76.0,75.2699966430664,75.55999755859375,57.18062973022461,1455800,ETR
2016-05-03,75.41000366210938,76.61000061035156,75.29000091552734,76.5199966430664,57.90713119506836,2208400,ETR
2016-05-04,76.47000122070312,77.9000015258789,76.2699966430664,76.98999786376953,58.26278305053711,1828600,ETR
2016-05-05,76.93000030517578,77.76000213623047,76.55999755859375,76.8499984741211,58.1568489074707,1600000,ETR
2016-05-06,76.69999694824219,76.69999694824219,75.6500015258789,76.16000366210938,57.63469696044922,1054500,ETR
2016-05-09,76.2300033569336,76.63999938964844,75.88999938964844,76.54000091552734,57.92226791381836,1438900,ETR
2016-05-10,75.66999816894531,76.31999969482422,75.36000061035156,76.0,58.15947723388672,1537500,ETR
2016-05-11,76.11000061035156,76.72000122070312,75.43000030517578,76.58999633789062,58.611000061035156,1735400,ETR
2016-05-12,76.69000244140625,77.26000213623047,76.33000183105469,77.06999969482422,58.978309631347656,1284900,ETR
2016-05-13,76.87000274658203,77.08999633789062,76.2699966430664,76.5999984741211,58.61864471435547,1301300,ETR
2016-05-16,76.45999908447266,76.68000030517578,75.69999694824219,76.41999816894531,58.48088455200195,1176800,ETR
2016-05-17,76.08999633789062,76.58000183105469,75.45999908447266,75.81999969482422,58.02174377441406,1637500,ETR
2016-05-18,75.30999755859375,75.3499984741211,73.11000061035156,73.37000274658203,56.146873474121094,2154400,ETR
2016-05-19,73.06999969482422,74.38999938964844,72.66999816894531,74.31999969482422,56.873844146728516,1278800,ETR
2016-05-20,74.56999969482422,74.63999938964844,73.86000061035156,74.30000305175781,56.858543395996094,2919900,ETR
2016-05-23,74.41999816894531,74.62999725341797,73.63999938964844,73.69000244140625,56.391754150390625,835700,ETR
2016-05-24,73.83999633789062,74.1500015258789,73.55000305175781,74.08000183105469,56.69020462036133,1276600,ETR
2016-05-25,74.05000305175781,74.68000030517578,73.52999877929688,74.44000244140625,56.96567916870117,926500,ETR
2016-05-26,74.37999725341797,75.6500015258789,74.37999725341797,75.58000183105469,57.83807373046875,817000,ETR
2016-05-27,75.47000122070312,75.7300033569336,75.19999694824219,75.6500015258789,57.89164733886719,698200,ETR
2016-05-31,75.44999694824219,75.98999786376953,75.2300033569336,75.91999816894531,58.098270416259766,1224800,ETR
2016-06-01,75.87000274658203,76.62999725341797,75.55999755859375,76.62999725341797,58.64158248901367,1513500,ETR
2016-06-02,76.2699966430664,76.91000366210938,75.83999633789062,76.88999938964844,58.840576171875,1351500,ETR
2016-06-03,77.62999725341797,78.75,77.55999755859375,78.23999786376953,59.87367248535156,1574300,ETR
2016-06-06,78.8499984741211,79.30000305175781,78.0,78.33000183105469,59.94255828857422,1138400,ETR
2016-06-07,78.29000091552734,78.8499984741211,78.27999877929688,78.41999816894531,60.011390686035156,1439800,ETR
2016-06-08,78.44000244140625,78.7699966430664,78.13999938964844,78.61000061035156,60.15681076049805,1173800,ETR
2016-06-09,78.5,78.86000061035156,77.75,78.68000030517578,60.210384368896484,2088800,ETR
2016-06-10,78.44000244140625,79.11000061035156,78.19999694824219,78.6500015258789,60.18742370605469,1636600,ETR
2016-06-13,78.8499984741211,79.30999755859375,78.30000305175781,78.3499984741211,59.95783996582031,1430500,ETR
2016-06-14,78.51000213623047,79.06999969482422,78.16000366210938,79.01000213623047,60.46290969848633,1437800,ETR
2016-06-15,78.94999694824219,78.98999786376953,77.94000244140625,78.08000183105469,59.751216888427734,1249800,ETR
2016-06-16,78.02999877929688,78.69999694824219,77.73999786376953,78.44999694824219,60.03434753417969,909900,ETR
2016-06-17,78.25,78.77999877929688,77.9000015258789,78.6500015258789,60.18742370605469,1558700,ETR
2016-06-20,78.66000366210938,78.98999786376953,77.7300033569336,78.11000061035156,59.774173736572266,1293600,ETR
2016-06-21,77.98999786376953,78.41000366210938,77.66999816894531,77.94999694824219,59.6517448425293,1167800,ETR
2016-06-22,78.08000183105469,78.31999969482422,77.77999877929688,77.87999725341797,59.59817886352539,843200,ETR
2016-06-23,77.86000061035156,78.30000305175781,77.37000274658203,78.29000091552734,59.91192626953125,1001600,ETR
2016-06-24,77.58000183105469,78.97000122070312,77.54000091552734,77.98999786376953,59.68233871459961,1251600,ETR
2016-06-27,77.94999694824219,79.08999633789062,77.69999694824219,78.91000366210938,60.38637161254883,1315000,ETR
2016-06-28,78.97000122070312,79.19000244140625,78.08999633789062,79.1500015258789,60.570045471191406,1118000,ETR
2016-06-29,79.45999908447266,79.69999694824219,78.58000183105469,78.83999633789062,60.33281326293945,1525700,ETR
2016-06-30,79.16000366210938,81.36000061035156,78.87999725341797,81.3499984741211,62.25360870361328,2122900,ETR
2016-07-01,81.43000030517578,81.63999938964844,80.55999755859375,81.61000061035156,62.45259094238281,1326700,ETR
2016-07-05,81.58999633789062,81.9000015258789,81.2699966430664,81.7300033569336,62.5444221496582,998600,ETR
2016-07-06,81.69999694824219,82.08999633789062,81.08000183105469,82.02999877929688,62.77397918701172,1109400,ETR
2016-07-07,81.9000015258789,82.01000213623047,80.16999816894531,80.5,61.6031494140625,1139000,ETR
2016-07-08,80.29000091552734,80.91999816894531,79.6500015258789,80.87999725341797,61.89393997192383,1123500,ETR
2016-07-11,80.61000061035156,81.05999755859375,79.8499984741211,81.01000213623047,61.99343490600586,1006800,ETR
2016-07-12,80.44999694824219,81.52999877929688,80.12999725341797,81.05999755859375,62.03168869018555,1623300,ETR
2016-07-13,81.51000213623047,81.81999969482422,80.69999694824219,80.91999816894531,61.92453384399414,1702400,ETR
2016-07-14,80.4800033569336,80.76000213623047,79.55000305175781,79.79000091552734,61.059810638427734,1407200,ETR
2016-07-15,79.94000244140625,80.51000213623047,79.86000061035156,80.27999877929688,61.43478775024414,973400,ETR
2016-07-18,80.1500015258789,80.66000366210938,80.1500015258789,80.37999725341797,61.511314392089844,616100,ETR
2016-07-19,80.37999725341797,80.41000366210938,79.88999938964844,80.38999938964844,61.51896667480469,1071900,ETR
2016-07-20,80.44000244140625,80.5999984741211,79.81999969482422,79.95999908447266,61.189918518066406,789800,ETR
2016-07-21,79.75,80.23999786376953,79.29000091552734,80.2300033569336,61.39653015136719,799600,ETR
2016-07-22,80.26000213623047,81.7300033569336,80.20999908447266,81.6500015258789,62.48318099975586,758900,ETR
2016-07-25,81.47000122070312,81.73999786376953,80.94000244140625,81.45999908447266,62.337791442871094,657200,ETR
2016-07-26,81.47000122070312,81.47000122070312,80.6500015258789,80.87999725341797,61.89393997192383,630200,ETR
2016-07-27,80.7300033569336,80.9000015258789,79.44999694824219,80.1500015258789,61.335289001464844,655700,ETR
2016-07-28,80.04000091552734,80.66999816894531,79.93000030517578,80.5199966430664,61.61844253540039,638800,ETR
2016-07-29,80.45999908447266,81.4800033569336,80.33999633789062,81.38999938964844,62.28420639038086,1169300,ETR
2016-08-01,81.29000091552734,81.61000061035156,80.91999816894531,81.2699966430664,62.19237518310547,1266400,ETR
2016-08-02,81.9000015258789,82.0,79.87000274658203,80.36000061035156,61.496002197265625,1532700,ETR
2016-08-03,80.69000244140625,81.05999755859375,79.87999725341797,80.33000183105469,61.473060607910156,1383000,ETR
2016-08-04,80.33000183105469,80.93000030517578,79.75,80.01000213623047,61.22817611694336,956200,ETR
2016-08-05,79.87000274658203,80.04000091552734,79.2699966430664,79.58999633789062,60.906761169433594,1272500,ETR
2016-08-08,79.63999938964844,80.38999938964844,79.44999694824219,79.75,61.02919006347656,1191200,ETR
2016-08-09,78.9000015258789,79.27999877929688,78.55000305175781,78.86000061035156,60.998268127441406,1258300,ETR
2016-08-10,78.95999908447266,79.26000213623047,78.43000030517578,78.80000305175781,60.951847076416016,1339100,ETR
2016-08-11,78.91999816894531,79.44999694824219,78.7300033569336,79.2699966430664,61.315406799316406,1009400,ETR
2016-08-12,79.5199966430664,80.0,79.45999908447266,79.5199966430664,61.508766174316406,803100,ETR
2016-08-15,79.54000091552734,79.69999694824219,78.19000244140625,78.20999908447266,60.49547576904297,720300,ETR
2016-08-16,78.18000030517578,78.20999908447266,76.9000015258789,77.33000183105469,59.814796447753906,1290500,ETR
2016-08-17,77.37999725341797,78.33000183105469,76.5999984741211,78.18000030517578,60.4722785949707,1352800,ETR
2016-08-18,77.95999908447266,79.30000305175781,77.86000061035156,79.27999877929688,61.3231201171875,1027600,ETR
2016-08-19,78.93000030517578,79.16999816894531,77.66999816894531,77.98999786376953,60.3253059387207,1066200,ETR
2016-08-22,78.58000183105469,79.2300033569336,78.23999786376953,78.94999694824219,61.067867279052734,839400,ETR
2016-08-23,79.25,79.73999786376953,78.88999938964844,78.91000366210938,61.03692626953125,620400,ETR
2016-08-24,78.72000122070312,79.0199966430664,78.1500015258789,78.83000183105469,60.975040435791016,643400,ETR
2016-08-25,78.87000274658203,79.30000305175781,78.66000366210938,79.08000183105469,61.16842269897461,620000,ETR
2016-08-26,79.06999969482422,79.63999938964844,77.19000244140625,77.26000213623047,59.760643005371094,737000,ETR
2016-08-29,77.5,78.3499984741211,77.4800033569336,78.33000183105469,60.58831787109375,852400,ETR
2016-08-30,78.33000183105469,78.66999816894531,77.56999969482422,77.70999908447266,60.10873031616211,664600,ETR
2016-08-31,77.7699966430664,78.2699966430664,77.5,78.19999694824219,60.48774719238281,1701000,ETR
2016-09-01,78.1500015258789,78.44999694824219,77.52999877929688,77.6500015258789,60.062313079833984,1586600,ETR
2016-09-02,77.79000091552734,79.04000091552734,77.7699966430664,78.97000122070312,61.08332061767578,883100,ETR
2016-09-06,79.38999938964844,79.88999938964844,79.0199966430664,79.56999969482422,61.547447204589844,1004400,ETR
2016-09-07,79.37000274658203,80.31999969482422,78.93000030517578,80.2699966430664,62.0888786315918,1287300,ETR
2016-09-08,79.94999694824219,81.31999969482422,79.94999694824219,80.77999877929688,62.48338317871094,1855800,ETR
2016-09-09,80.33000183105469,80.33000183105469,77.4800033569336,77.55999755859375,59.99269104003906,1188600,ETR
2016-09-12,77.2699966430664,78.86000061035156,77.2699966430664,78.61000061035156,60.80487823486328,1183900,ETR
2016-09-13,78.25,78.44999694824219,76.51000213623047,76.88999938964844,59.474456787109375,1467100,ETR
2016-09-14,77.16000366210938,77.80999755859375,76.54000091552734,76.94000244140625,59.51313018798828,1273200,ETR
2016-09-15,76.83999633789062,77.75,76.61000061035156,77.62999725341797,60.046852111816406,676400,ETR
2016-09-16,77.36000061035156,78.55999755859375,77.1500015258789,78.47000122070312,60.69660949707031,1407800,ETR
2016-09-19,78.79000091552734,79.27999877929688,78.55999755859375,79.13999938964844,61.2148323059082,959700,ETR
2016-09-20,79.5,79.7699966430664,79.16000366210938,79.25,61.29993438720703,1060700,ETR
2016-09-21,79.25,81.0,79.25,80.97000122070312,62.63035583496094,953100,ETR
2016-09-22,81.41999816894531,81.80999755859375,81.08000183105469,81.7300033569336,63.21819305419922,1032200,ETR
2016-09-23,81.56999969482422,81.83000183105469,81.12999725341797,81.43000030517578,62.98617172241211,1095200,ETR
2016-09-26,81.52999877929688,81.55999755859375,80.91999816894531,80.9800033569336,62.6380729675293,1101900,ETR
2016-09-27,81.30000305175781,81.72000122070312,79.5199966430664,79.5999984741211,61.57065200805664,1066200,ETR
2016-09-28,79.9800033569336,80.06999969482422,78.70999908447266,78.91999816894531,61.04466247558594,1936400,ETR
2016-09-29,78.6500015258789,78.6500015258789,77.25,77.33000183105469,59.814796447753906,1960400,ETR
2016-09-30,77.56999969482422,77.95999908447266,75.98999786376953,76.7300033569336,59.3507080078125,1753500,ETR
2016-10-03,76.55999755859375,76.55999755859375,75.31999969482422,75.76000213623047,58.600399017333984,1628300,ETR
2016-10-04,75.54000091552734,75.55000305175781,73.58000183105469,74.0199966430664,57.25452423095703,1969200,ETR
2016-10-05,74.08000183105469,74.86000061035156,73.29000091552734,73.3499984741211,56.73625946044922,2578300,ETR
2016-10-06,73.12000274658203,74.4000015258789,72.45999908447266,73.80999755859375,57.09208297729492,1698200,ETR
2016-10-07,74.2699966430664,74.75,73.11000061035156,73.12999725341797,56.56610870361328,1952000,ETR
2016-10-10,73.37000274658203,73.9800033569336,73.23999786376953,73.88999938964844,57.15396499633789,1444100,ETR
2016-10-11,73.88999938964844,74.13999938964844,73.23999786376953,73.29000091552734,56.68987274169922,1517300,ETR
2016-10-12,73.31999969482422,74.13999938964844,73.25,74.05999755859375,57.28544616699219,1895100,ETR
2016-10-13,74.0999984741211,75.51000213623047,73.91999816894531,74.87999725341797,57.91973114013672,1780600,ETR
2016-10-14,74.58999633789062,75.0199966430664,74.05000305175781,74.16000366210938,57.36280059814453,1118700,ETR
2016-10-17,74.04000091552734,74.86000061035156,74.0,74.63999938964844,57.734092712402344,1236700,ETR
2016-10-18,75.0999984741211,75.44000244140625,74.12000274658203,74.93000030517578,57.95840072631836,944600,ETR
2016-10-19,75.05000305175781,75.12999725341797,74.30999755859375,74.88999938964844,57.927467346191406,958500,ETR
2016-10-20,74.76000213623047,75.06999969482422,74.36000061035156,74.51000213623047,57.633544921875,782300,ETR
2016-10-21,74.12999725341797,74.63999938964844,73.9000015258789,74.16999816894531,57.37055206298828,976100,ETR
2016-10-24,74.05000305175781,74.4800033569336,73.44999694824219,74.06999969482422,57.29318618774414,1153700,ETR
2016-10-25,73.51000213623047,73.73999786376953,72.44000244140625,72.4800033569336,56.06332778930664,2218400,ETR
2016-10-26,72.3499984741211,72.52999877929688,71.25,72.27999877929688,55.90863037109375,1846500,ETR
2016-10-27,71.55000305175781,71.95999908447266,70.9000015258789,71.87999725341797,55.599212646484375,2170200,ETR
2016-10-28,72.04000091552734,72.70999908447266,71.75,72.36000061035156,55.97050857543945,1544300,ETR
2016-10-31,72.58999633789062,73.91000366210938,72.41000366210938,73.68000030517578,56.99152755737305,2040400,ETR
2016-11-01,73.54000091552734,73.70999908447266,71.70999908447266,71.93000030517578,55.637901306152344,1920400,ETR
2016-11-02,71.7699966430664,71.83000183105469,70.98999786376953,71.41999816894531,55.243408203125,1665300,ETR
2016-11-03,71.31999969482422,71.76000213623047,71.08999633789062,71.38999938964844,55.220218658447266,1395100,ETR
2016-11-04,71.69999694824219,72.44999694824219,70.77999877929688,70.81999969482422,54.77931594848633,1229600,ETR
2016-11-07,71.1500015258789,71.56999969482422,70.48999786376953,71.51000213623047,55.31303405761719,1752600,ETR
2016-11-08,70.80000305175781,71.98999786376953,70.79000091552734,71.7300033569336,56.16653060913086,1758000,ETR
2016-11-09,70.36000061035156,70.80999755859375,68.7699966430664,68.8499984741211,53.91141128540039,1696300,ETR
2016-11-10,68.5,69.29000091552734,66.70999908447266,67.87000274658203,53.1440544128418,2943400,ETR
2016-11-11,67.87999725341797,68.55000305175781,67.12000274658203,67.41000366210938,52.78386306762695,1134200,ETR
2016-11-14,67.1500015258789,68.30999755859375,66.7300033569336,68.02999877929688,53.269344329833984,2131900,ETR
2016-11-15,68.33999633789062,68.80999755859375,67.69000244140625,68.62999725341797,53.7391357421875,1824700,ETR
2016-11-16,68.69000244140625,68.87999725341797,67.58000183105469,68.12000274658203,53.33980941772461,1045100,ETR
2016-11-17,67.93000030517578,68.61000061035156,67.76000213623047,68.18000030517578,53.38677978515625,1205200,ETR
2016-11-18,68.08999633789062,68.43000030517578,67.4000015258789,67.83000183105469,53.11271667480469,1298400,ETR
2016-11-21,68.16999816894531,68.55000305175781,67.94000244140625,68.41999816894531,53.574710845947266,1447500,ETR
2016-11-22,68.08999633789062,69.02999877929688,67.55999755859375,68.41000366210938,53.5668830871582,2100100,ETR
2016-11-23,67.94000244140625,68.55999755859375,67.79000091552734,68.12000274658203,53.33980941772461,1162000,ETR
2016-11-25,68.31999969482422,69.76000213623047,68.31999969482422,69.52999877929688,54.44386672973633,740300,ETR
2016-11-28,69.7300033569336,70.83000183105469,69.66999816894531,70.58000183105469,55.26605224609375,1314000,ETR
2016-11-29,70.30999755859375,71.5,70.2699966430664,71.4000015258789,55.90813064575195,1857100,ETR
2016-11-30,70.6500015258789,70.6500015258789,68.70999908447266,68.7300033569336,53.81745529174805,2280600,ETR
2016-12-01,68.33000183105469,68.94999694824219,67.98999786376953,68.87999725341797,53.934906005859375,1992600,ETR
2016-12-02,69.36000061035156,70.12999725341797,68.87000274658203,69.27999877929688,54.24811553955078,2052100,ETR
2016-12-05,68.9800033569336,69.4000015258789,67.83999633789062,69.37999725341797,54.326412200927734,1922400,ETR
2016-12-06,69.55000305175781,69.56999969482422,68.87000274658203,69.26000213623047,54.23244857788086,1115000,ETR
2016-12-07,69.48999786376953,70.48999786376953,69.48999786376953,70.44000244140625,55.15641403198242,1137700,ETR
2016-12-08,69.87999725341797,70.68000030517578,69.51000213623047,70.41000366210938,55.13294219970703,1673600,ETR
2016-12-09,70.1500015258789,70.81999969482422,70.04000091552734,70.76000213623047,55.4069938659668,1002000,ETR
2016-12-12,70.54000091552734,71.66999816894531,70.37999725341797,71.55999755859375,56.03341293334961,1457400,ETR
2016-12-13,71.87000274658203,72.79000091552734,71.7699966430664,72.7300033569336,56.949562072753906,1276500,ETR
2016-12-14,73.16999816894531,73.79000091552734,71.5999984741211,71.66999816894531,56.11955261230469,1757100,ETR
2016-12-15,71.44000244140625,72.61000061035156,71.18000030517578,72.38999938964844,56.68333053588867,1460500,ETR
2016-12-16,72.2300033569336,73.2300033569336,72.2300033569336,73.16999816894531,57.294097900390625,4669500,ETR
2016-12-19,73.5,73.54000091552734,72.51000213623047,73.18000030517578,57.30191421508789,1077900,ETR
2016-12-20,73.01000213623047,73.66000366210938,72.83000183105469,73.2300033569336,57.3410758972168,1126900,ETR
2016-12-21,73.23999786376953,73.63999938964844,72.87999725341797,72.9000015258789,57.08267593383789,965800,ETR
2016-12-22,72.86000061035156,73.41000366210938,72.81999969482422,73.18000030517578,57.30191421508789,1226400,ETR
2016-12-23,73.16999816894531,73.31999969482422,72.68000030517578,72.88999938964844,57.0748405456543,704000,ETR
2016-12-27,72.79000091552734,73.29000091552734,72.47000122070312,73.01000213623047,57.16880416870117,769900,ETR
2016-12-28,73.05999755859375,73.05999755859375,71.87999725341797,71.98999786376953,56.370121002197266,768700,ETR
2016-12-29,72.37000274658203,73.58999633789062,72.2699966430664,73.5,57.55247497558594,870400,ETR
2016-12-30,73.6500015258789,73.73999786376953,73.18000030517578,73.47000122070312,57.52899169921875,970700,ETR
2017-01-03,73.5,73.66000366210938,72.4000015258789,72.94000244140625,57.113990783691406,1262900,ETR
2017-01-04,73.18000030517578,73.69999694824219,72.94999694824219,73.26000213623047,57.364566802978516,1251200,ETR
2017-01-05,73.16999816894531,73.41000366210938,72.37000274658203,73.0,57.160980224609375,2304400,ETR
2017-01-06,72.73999786376953,73.88999938964844,72.2699966430664,73.23999786376953,57.34889602661133,2516100,ETR
2017-01-09,73.41999816894531,73.56999969482422,71.02999877929688,71.08999633789062,55.66539764404297,2162500,ETR
2017-01-10,71.38999938964844,71.62999725341797,70.88999938964844,71.23999786376953,55.78284454345703,1515300,ETR
2017-01-11,71.45999908447266,71.94000244140625,71.33999633789062,71.69999694824219,56.14303970336914,1114500,ETR
2017-01-12,71.58000183105469,71.98999786376953,71.30999755859375,71.83000183105469,56.244834899902344,958800,ETR
2017-01-13,71.87000274658203,71.94999694824219,71.33999633789062,71.58000183105469,56.0490837097168,726600,ETR
2017-01-17,71.94000244140625,72.63999938964844,71.83999633789062,72.13999938964844,56.487571716308594,1322800,ETR
2017-01-18,72.08000183105469,72.52999877929688,71.77999877929688,71.88999938964844,56.29181671142578,1217800,ETR
2017-01-19,71.77999877929688,71.77999877929688,70.95999908447266,71.08000183105469,55.65756607055664,1260000,ETR
2017-01-20,71.22000122070312,71.5,70.5199966430664,71.16999816894531,55.72802734375,961900,ETR
2017-01-23,71.33000183105469,71.38999938964844,70.62000274658203,70.68000030517578,55.344356536865234,787500,ETR
2017-01-24,70.76000213623047,71.06999969482422,70.37999725341797,70.44000244140625,55.15641403198242,1267700,ETR
2017-01-25,70.23999786376953,70.61000061035156,70.06999969482422,70.58000183105469,55.26605224609375,1211500,ETR
2017-01-26,70.70999908447266,70.91000366210938,70.13999938964844,70.52999877929688,55.22691345214844,828700,ETR
2017-01-27,70.80999755859375,71.0,70.23999786376953,70.55000305175781,55.2425651550293,915900,ETR
2017-01-30,70.87999725341797,70.87999725341797,70.0199966430664,70.61000061035156,55.28953170776367,1053200,ETR
2017-01-31,70.61000061035156,71.9800033569336,70.52999877929688,71.63999938964844,56.09605407714844,2035900,ETR
2017-02-01,71.16000366210938,71.66000366210938,70.0999984741211,70.72000122070312,55.37568283081055,1329900,ETR
2017-02-02,70.79000091552734,71.45999908447266,70.4000015258789,71.44000244140625,55.939453125,1414700,ETR
2017-02-03,71.62999725341797,72.11000061035156,71.47000122070312,71.81999969482422,56.23699951171875,936700,ETR
2017-02-06,71.98999786376953,72.19000244140625,71.62000274658203,71.66999816894531,56.11955261230469,1323400,ETR
2017-02-07,71.01000213623047,71.13999938964844,70.4000015258789,70.68000030517578,56.02442932128906,1048600,ETR
2017-02-08,70.75,71.44000244140625,70.70999908447266,71.4000015258789,56.59513854980469,943000,ETR
2017-02-09,71.4000015258789,71.51000213623047,70.6500015258789,71.0,56.278072357177734,1178800,ETR
2017-02-10,70.9000015258789,71.69999694824219,70.7699966430664,71.62999725341797,56.77744674682617,1023700,ETR
2017-02-13,71.66999816894531,72.0,71.4800033569336,71.95999908447266,57.03902053833008,778900,ETR
2017-02-14,71.68000030517578,71.80999755859375,70.58000183105469,70.79000091552734,56.11162185668945,1483300,ETR
2017-02-15,70.95999908447266,71.80999755859375,69.62999725341797,70.7699966430664,56.09577178955078,1791300,ETR
2017-02-16,70.87000274658203,72.8499984741211,70.76000213623047,72.7699966430664,57.681068420410156,2363700,ETR
2017-02-17,73.0,73.66999816894531,72.86000061035156,73.55000305175781,58.2993278503418,1711300,ETR
2017-02-21,73.30000305175781,74.11000061035156,72.91000366210938,73.91000366210938,58.58469009399414,1225600,ETR
2017-02-22,73.75,73.98999786376953,73.0999984741211,73.70999908447266,58.4261474609375,1669500,ETR
2017-02-23,74.05999755859375,75.33999633789062,73.9000015258789,75.13999938964844,59.55964279174805,1090500,ETR
2017-02-24,75.54000091552734,75.86000061035156,75.11000061035156,75.80000305175781,60.08279800415039,1259300,ETR
2017-02-27,75.79000091552734,75.86000061035156,75.18000030517578,75.4800033569336,59.829158782958984,1392600,ETR
2017-02-28,75.37999725341797,76.79000091552734,75.3499984741211,76.66000366210938,60.764469146728516,1900200,ETR
2017-03-01,75.8499984741211,76.69999694824219,75.5,75.58000183105469,59.90842819213867,1865400,ETR
2017-03-02,75.37000274658203,76.20999908447266,74.97000122070312,75.54000091552734,59.87669372558594,2009900,ETR
2017-03-03,75.62999725341797,75.70999908447266,74.87999725341797,75.37999725341797,59.74987030029297,1038600,ETR
2017-03-06,75.33000183105469,75.47000122070312,74.75,74.97000122070312,59.42488479614258,1365600,ETR
2017-03-07,74.87000274658203,75.2699966430664,74.83000183105469,75.0,59.448665618896484,1481800,ETR
2017-03-08,74.16000366210938,74.62000274658203,73.25,73.29000091552734,58.09324645996094,2032400,ETR
2017-03-09,73.25,73.68000030517578,72.79000091552734,73.1500015258789,57.982269287109375,1879300,ETR
2017-03-10,73.66000366210938,73.79000091552734,73.26000213623047,73.61000061035156,58.34689712524414,971500,ETR
2017-03-13,73.55999755859375,74.08999633789062,73.44999694824219,74.08000183105469,58.71943664550781,1355800,ETR
2017-03-14,74.05000305175781,74.33999633789062,73.7300033569336,73.86000061035156,58.545066833496094,927400,ETR
2017-03-15,74.12999725341797,75.47000122070312,73.86000061035156,75.18000030517578,59.59135437011719,1325500,ETR
2017-03-16,75.33000183105469,75.5,74.72000122070312,74.94999694824219,59.4090461730957,1543800,ETR
2017-03-17,74.76000213623047,75.7699966430664,74.76000213623047,75.41000366210938,59.77366638183594,2548400,ETR
2017-03-20,75.54000091552734,75.69000244140625,74.79000091552734,75.19999694824219,59.60720443725586,1358200,ETR
2017-03-21,75.1500015258789,75.93000030517578,75.04000091552734,75.76000213623047,60.051082611083984,2043200,ETR
2017-03-22,76.0199966430664,77.51000213623047,76.0199966430664,76.5199966430664,60.65351104736328,2513000,ETR
2017-03-23,76.33000183105469,76.98999786376953,76.11000061035156,76.62999725341797,60.74067687988281,1375000,ETR
2017-03-24,76.05000305175781,77.08000183105469,76.05000305175781,76.80999755859375,60.88336944580078,1293800,ETR
2017-03-27,77.08000183105469,77.37000274658203,76.05000305175781,76.4800033569336,60.62179946899414,1150900,ETR
2017-03-28,76.25,76.56999969482422,76.0,76.51000213623047,60.64558410644531,808700,ETR
2017-03-29,76.33000183105469,76.55999755859375,75.86000061035156,76.19000244140625,60.39192581176758,578800,ETR
2017-03-30,76.19000244140625,76.19000244140625,75.51000213623047,75.8499984741211,60.122413635253906,707700,ETR
2017-03-31,75.87000274658203,76.31999969482422,75.80000305175781,75.95999908447266,60.209625244140625,826800,ETR
2017-04-03,75.80000305175781,75.80000305175781,75.20999908447266,75.69000244140625,59.9955940246582,1046000,ETR
2017-04-04,75.69000244140625,76.20999908447266,75.2699966430664,75.80999755859375,60.090721130371094,1199600,ETR
2017-04-05,75.79000091552734,76.26000213623047,75.45999908447266,76.12999725341797,60.344364166259766,2553600,ETR
2017-04-06,75.80000305175781,76.06999969482422,75.4000015258789,75.87999725341797,60.14619827270508,1079400,ETR
2017-04-07,75.9800033569336,76.44999694824219,75.76000213623047,75.94999694824219,60.2016716003418,1580300,ETR
2017-04-10,75.9800033569336,76.05999755859375,75.51000213623047,75.8499984741211,60.122413635253906,742000,ETR
2017-04-11,76.0199966430664,76.77999877929688,75.58000183105469,76.5999984741211,60.716922760009766,1129200,ETR
2017-04-12,76.33999633789062,77.11000061035156,76.08000183105469,77.08000183105469,61.09736633300781,1179900,ETR
2017-04-13,77.0199966430664,77.16000366210938,76.45999908447266,76.98999786376953,61.02602767944336,1415900,ETR
2017-04-17,77.13999938964844,77.41000366210938,76.95999908447266,77.12999725341797,61.13702392578125,610400,ETR
2017-04-18,77.05000305175781,77.4000015258789,76.77999877929688,76.88999938964844,60.94677734375,1062600,ETR
2017-04-19,76.91999816894531,76.98999786376953,76.05000305175781,76.36000061035156,60.52668380737305,972000,ETR
2017-04-20,76.36000061035156,76.36000061035156,75.43000030517578,75.80000305175781,60.08279800415039,736900,ETR
2017-04-21,75.8499984741211,76.61000061035156,75.8499984741211,76.41000366210938,60.56630325317383,1075700,ETR
2017-04-24,76.62999725341797,76.79000091552734,75.79000091552734,76.45999908447266,60.60593032836914,2042400,ETR
2017-04-25,76.37000274658203,76.79000091552734,75.94999694824219,76.70999908447266,60.80410385131836,1555000,ETR
2017-04-26,76.25,76.5999984741211,75.73999786376953,75.98999786376953,60.2334098815918,1377500,ETR
2017-04-27,75.88999938964844,77.16999816894531,75.88999938964844,76.68000030517578,60.78032684326172,1333700,ETR
2017-04-28,76.83999633789062,76.88999938964844,75.93000030517578,76.26000213623047,60.44741439819336,1344400,ETR
2017-05-01,76.33000183105469,76.44000244140625,75.66000366210938,75.80000305175781,60.08279800415039,894800,ETR
2017-05-02,75.87000274658203,76.27999877929688,75.51000213623047,76.26000213623047,60.44741439819336,1053100,ETR
2017-05-03,76.12999725341797,76.75,75.77999877929688,76.44000244140625,60.590091705322266,1058900,ETR
2017-05-04,76.30999755859375,76.73999786376953,76.22000122070312,76.55999755859375,60.685184478759766,1170900,ETR
2017-05-05,76.76000213623047,77.41999816894531,76.76000213623047,77.36000061035156,61.3193359375,858000,ETR
2017-05-08,77.33999633789062,77.37000274658203,76.86000061035156,77.13999938964844,61.144962310791016,1240800,ETR
2017-05-09,76.05000305175781,76.30000305175781,75.16999816894531,75.2300033569336,60.311180114746094,922500,ETR
2017-05-10,75.31999969482422,75.75,75.08999633789062,75.68000030517578,60.67194366455078,1183100,ETR
2017-05-11,75.3499984741211,75.72000122070312,74.95999908447266,75.37999725341797,60.43143844604492,1227300,ETR
2017-05-12,75.38999938964844,75.88999938964844,75.3499984741211,75.69999694824219,60.687984466552734,972200,ETR
2017-05-15,75.6500015258789,76.44999694824219,75.52999877929688,75.80000305175781,60.768150329589844,1003400,ETR
2017-05-16,75.80000305175781,75.9800033569336,75.12000274658203,75.13999938964844,60.2390251159668,707000,ETR
2017-05-17,75.13999938964844,75.91000366210938,75.01000213623047,75.37999725341797,60.43143844604492,1127500,ETR
2017-05-18,75.5,75.97000122070312,74.87999725341797,75.7699966430664,60.74407958984375,987900,ETR
2017-05-19,75.87000274658203,75.9000015258789,75.12999725341797,75.69000244140625,60.679969787597656,1107800,ETR
2017-05-22,75.54000091552734,76.63999938964844,75.4800033569336,76.36000061035156,61.21710968017578,1483500,ETR
2017-05-23,76.37999725341797,77.0199966430664,76.30000305175781,76.55999755859375,61.377410888671875,780800,ETR
2017-05-24,76.54000091552734,77.08999633789062,76.41999816894531,77.0199966430664,61.7462158203125,823000,ETR
2017-05-25,77.19999694824219,78.11000061035156,76.7699966430664,77.86000061035156,62.41962814331055,1358500,ETR
2017-05-26,77.98999786376953,78.06999969482422,77.52999877929688,77.6500015258789,62.25127029418945,1065800,ETR
2017-05-30,77.69000244140625,78.58999633789062,77.55000305175781,78.23999786376953,62.724273681640625,1040600,ETR
2017-05-31,78.3499984741211,79.4800033569336,78.05000305175781,79.05999755859375,63.381683349609375,2183700,ETR
2017-06-01,78.94000244140625,80.0,78.51000213623047,79.87000274658203,64.03102111816406,1684300,ETR
2017-06-02,80.12000274658203,80.56999969482422,79.97000122070312,80.23999786376953,64.32766723632812,975700,ETR
2017-06-05,80.19000244140625,80.2699966430664,79.77999877929688,80.12999725341797,64.2394790649414,1183200,ETR
2017-06-06,80.2699966430664,80.30999755859375,79.86000061035156,80.02999877929688,64.1593017578125,992000,ETR
2017-06-07,80.08000183105469,80.61000061035156,79.98999786376953,80.44999694824219,64.49602508544922,1218400,ETR
2017-06-08,80.44999694824219,80.44999694824219,78.87999725341797,79.30999755859375,63.58208084106445,1486800,ETR
2017-06-09,79.1500015258789,79.5,78.58999633789062,79.27999877929688,63.55805206298828,1105600,ETR
2017-06-12,79.27999877929688,79.91999816894531,78.63999938964844,79.1500015258789,63.453800201416016,1149600,ETR
2017-06-13,79.19000244140625,79.5999984741211,78.86000061035156,79.37999725341797,63.63819122314453,789300,ETR
2017-06-14,79.7300033569336,80.01000213623047,79.29000091552734,79.41999816894531,63.67027282714844,1010100,ETR
2017-06-15,79.37999725341797,80.12000274658203,78.95999908447266,80.02999877929688,64.1593017578125,882300,ETR
2017-06-16,80.18000030517578,80.19999694824219,79.4800033569336,80.01000213623047,64.14326477050781,2052500,ETR
2017-06-19,80.08999633789062,80.08999633789062,79.25,79.5,63.734405517578125,700400,ETR
2017-06-20,79.54000091552734,79.87999725341797,79.33999633789062,79.73999786376953,63.92681121826172,582800,ETR
2017-06-21,79.94000244140625,79.94000244140625,78.86000061035156,79.37000274658203,63.630191802978516,723100,ETR
2017-06-22,79.44999694824219,79.75,79.13999938964844,79.19000244140625,63.48588180541992,691600,ETR
2017-06-23,79.19000244140625,79.66999816894531,78.95999908447266,78.98999786376953,63.325523376464844,1033100,ETR
2017-06-26,79.25,79.98999786376953,78.9800033569336,79.7699966430664,63.95083999633789,747400,ETR
2017-06-27,79.31999969482422,79.62000274658203,78.11000061035156,78.12999725341797,62.63609313964844,911100,ETR
2017-06-28,78.55999755859375,78.69000244140625,77.80000305175781,77.83000183105469,62.39558029174805,901500,ETR
2017-06-29,77.13999938964844,77.33999633789062,76.5199966430664,76.87999725341797,61.633975982666016,864900,ETR
2017-06-30,77.1500015258789,77.45999908447266,76.73999786376953,76.7699966430664,61.54579162597656,1298500,ETR
2017-07-03,77.05999755859375,77.06999969482422,76.38999938964844,76.47000122070312,61.3052864074707,529300,ETR
2017-07-05,76.51000213623047,76.54000091552734,75.80000305175781,75.95999908447266,60.89641189575195,1045800,ETR
2017-07-06,75.86000061035156,76.05000305175781,75.41000366210938,75.5199966430664,60.54366683959961,893000,ETR
2017-07-07,75.5199966430664,76.13999938964844,75.38999938964844,75.79000091552734,60.760135650634766,907800,ETR
2017-07-10,75.7300033569336,76.25,75.30000305175781,75.30999755859375,60.37531661987305,1142400,ETR
2017-07-11,75.43000030517578,75.55000305175781,74.83000183105469,75.18000030517578,60.27111053466797,1134500,ETR
2017-07-12,75.91999816894531,76.08000183105469,75.55000305175781,75.69000244140625,60.679969787597656,663700,ETR
2017-07-13,75.5199966430664,75.62000274658203,74.95999908447266,75.05999755859375,60.17490768432617,888700,ETR
2017-07-14,75.5999984741211,75.83999633789062,75.4000015258789,75.48999786376953,60.51963806152344,524300,ETR
2017-07-17,75.5199966430664,75.80000305175781,75.2300033569336,75.61000061035156,60.61582946777344,1176800,ETR
2017-07-18,75.7699966430664,75.87999725341797,75.47000122070312,75.63999938964844,60.639888763427734,730900,ETR
2017-07-19,75.7699966430664,75.9800033569336,75.47000122070312,75.9000015258789,60.848331451416016,718500,ETR
2017-07-20,76.0,76.5999984741211,75.55000305175781,76.47000122070312,61.3052864074707,1280800,ETR
2017-07-21,76.5199966430664,77.19000244140625,76.45999908447266,77.18000030517578,61.87447738647461,1019000,ETR
2017-07-24,76.88999938964844,77.18000030517578,76.19000244140625,76.30999755859375,61.177032470703125,718100,ETR
2017-07-25,76.26000213623047,76.33000183105469,75.26000213623047,75.41999816894531,60.463497161865234,891900,ETR
2017-07-26,75.25,75.83000183105469,75.16000366210938,75.63999938964844,60.639888763427734,739800,ETR
2017-07-27,75.41000366210938,76.1500015258789,75.27999877929688,76.1500015258789,61.048744201660156,745800,ETR
2017-07-28,76.16000366210938,76.45999908447266,75.76000213623047,76.25,61.1289176940918,821500,ETR
2017-07-31,76.23999786376953,76.87999725341797,76.0,76.72000122070312,61.505706787109375,1697400,ETR
2017-08-01,76.8499984741211,77.22000122070312,76.62999725341797,77.1500015258789,61.85042953491211,1122400,ETR
2017-08-02,77.05999755859375,77.68000030517578,76.05000305175781,76.52999877929688,61.353389739990234,1674800,ETR
2017-08-03,76.79000091552734,77.20999908447266,76.48999786376953,76.86000061035156,61.617950439453125,1120500,ETR
2017-08-04,76.55000305175781,76.9000015258789,75.97000122070312,76.87999725341797,61.633975982666016,1068100,ETR
2017-08-07,76.81999969482422,76.95999908447266,76.4800033569336,76.58999633789062,61.40148162841797,1300600,ETR
2017-08-08,75.7699966430664,77.5,75.7300033569336,77.5,62.84488296508789,1747400,ETR
2017-08-09,77.63999938964844,77.66999816894531,76.79000091552734,76.80999755859375,62.28536605834961,1072400,ETR
2017-08-10,76.7300033569336,77.01000213623047,76.30000305175781,76.83999633789062,62.30970001220703,1241100,ETR
2017-08-11,76.98999786376953,76.98999786376953,75.97000122070312,76.19999694824219,61.79071807861328,807400,ETR
2017-08-14,76.41999816894531,77.2699966430664,76.06999969482422,77.05000305175781,62.47999954223633,670900,ETR
2017-08-15,76.52999877929688,77.5999984741211,76.37999725341797,77.56999969482422,62.901641845703125,1016200,ETR
2017-08-16,77.54000091552734,78.2300033569336,77.3499984741211,78.12000274658203,63.34764862060547,984100,ETR
2017-08-17,78.16000366210938,78.33999633789062,77.48999786376953,77.55000305175781,62.88545227050781,612300,ETR
2017-08-18,77.48999786376953,78.05999755859375,77.30000305175781,77.83999633789062,63.12059020996094,875700,ETR
2017-08-21,77.86000061035156,78.41000366210938,77.66000366210938,78.25,63.453060150146484,1480400,ETR
2017-08-22,78.2300033569336,78.69000244140625,78.0199966430664,78.5999984741211,63.736881256103516,1182500,ETR
2017-08-23,78.48999786376953,79.20999908447266,78.37999725341797,79.16999816894531,64.19908905029297,930900,ETR
2017-08-24,79.05000305175781,79.33999633789062,78.73999786376953,78.98999786376953,64.05311584472656,890000,ETR
2017-08-25,79.36000061035156,80.16999816894531,79.11000061035156,79.8499984741211,64.75049591064453,932200,ETR
2017-08-28,80.0,80.0199966430664,79.45999908447266,79.83999633789062,64.74240112304688,786700,ETR
2017-08-29,80.11000061035156,80.22000122070312,79.58999633789062,79.8499984741211,64.75049591064453,995800,ETR
2017-08-30,79.7300033569336,79.87999725341797,79.31999969482422,79.37999725341797,64.36937713623047,636400,ETR
2017-08-31,79.47000122070312,79.69999694824219,79.12000274658203,79.16999816894531,64.19908905029297,1125600,ETR
2017-09-01,79.37000274658203,79.55999755859375,78.93000030517578,79.26000213623047,64.27207946777344,954700,ETR
2017-09-05,79.4000015258789,79.81999969482422,79.04000091552734,79.79000091552734,64.70187377929688,882600,ETR
2017-09-06,79.91999816894531,79.93000030517578,78.6500015258789,78.7300033569336,63.842288970947266,1737700,ETR
2017-09-07,78.86000061035156,79.45999908447266,78.79000091552734,79.22000122070312,64.23963928222656,745500,ETR
2017-09-08,79.30000305175781,79.95999908447266,78.98999786376953,79.80999755859375,64.71806335449219,744500,ETR
2017-09-11,79.7699966430664,80.48999786376953,79.51000213623047,80.33999633789062,65.14784240722656,970600,ETR
2017-09-12,80.33000183105469,80.47000122070312,78.77999877929688,79.04000091552734,64.09368133544922,843000,ETR
2017-09-13,78.98999786376953,78.98999786376953,78.16999816894531,78.2300033569336,63.43684768676758,1230000,ETR
2017-09-14,78.0999984741211,79.29000091552734,77.93000030517578,79.13999938964844,64.17477416992188,853900,ETR
2017-09-15,79.0199966430664,79.4000015258789,78.55000305175781,78.87000274658203,63.95581817626953,1513200,ETR
2017-09-18,78.98999786376953,79.08999633789062,77.81999969482422,78.37000274658203,63.550376892089844,851300,ETR
2017-09-19,78.44999694824219,78.62999725341797,77.72000122070312,78.05000305175781,63.290889739990234,772400,ETR
2017-09-20,78.30000305175781,78.41000366210938,77.3499984741211,77.80000305175781,63.088157653808594,1661800,ETR
2017-09-21,78.55999755859375,79.36000061035156,77.87999725341797,77.95999908447266,63.21790313720703,1087600,ETR
2017-09-22,78.19999694824219,78.4800033569336,76.55999755859375,76.75,62.23670196533203,880100,ETR
2017-09-25,76.86000061035156,77.79000091552734,76.75,77.76000213623047,63.05572509765625,923400,ETR
2017-09-26,77.75,77.94000244140625,77.38999938964844,77.44999694824219,62.80433654785156,756900,ETR
2017-09-27,76.94999694824219,77.0999984741211,76.04000091552734,76.45999908447266,62.00155258178711,1076300,ETR
2017-09-28,76.33999633789062,76.77999877929688,75.9800033569336,76.33999633789062,61.904232025146484,843200,ETR
2017-09-29,76.27999877929688,76.61000061035156,76.0,76.36000061035156,61.92047119140625,1149600,ETR
2017-10-02,76.63999938964844,76.9000015258789,76.23999786376953,76.41999816894531,61.969120025634766,961200,ETR
2017-10-03,76.4800033569336,76.4800033569336,75.01000213623047,75.68000030517578,61.36904525756836,997200,ETR
2017-10-04,75.45999908447266,78.44000244140625,75.25,78.41000366210938,63.58281326293945,2598600,ETR
2017-10-05,78.4000015258789,79.33000183105469,77.80999755859375,79.08999633789062,64.13420867919922,1676900,ETR
2017-10-06,78.48999786376953,79.23999786376953,77.62999725341797,78.6500015258789,63.77742385864258,1925400,ETR
2017-10-09,78.81999969482422,79.20999908447266,78.70999908447266,78.86000061035156,63.94772720336914,1122900,ETR
2017-10-10,79.05000305175781,79.80999755859375,78.61000061035156,79.63999938964844,64.5802230834961,1015400,ETR
2017-10-11,79.52999877929688,80.7300033569336,79.51000213623047,80.3499984741211,65.15596008300781,1642200,ETR
2017-10-12,80.31999969482422,81.81999969482422,80.0,81.80000305175781,66.3317642211914,1392200,ETR
2017-10-13,82.0,82.83000183105469,81.87000274658203,82.29000091552734,66.72909545898438,1523100,ETR
2017-10-16,82.54000091552734,83.94999694824219,82.2699966430664,83.41000366210938,67.6373291015625,2092900,ETR
2017-10-17,83.44999694824219,84.5999984741211,83.38999938964844,84.5999984741211,68.602294921875,1559900,ETR
2017-10-18,83.94999694824219,84.77999877929688,83.94999694824219,84.66000366210938,68.65095520019531,1421200,ETR
2017-10-19,85.0,85.43000030517578,84.54000091552734,85.36000061035156,69.21858978271484,1515700,ETR
2017-10-20,85.25,85.72000122070312,84.95999908447266,85.66000366210938,69.46185302734375,1617000,ETR
2017-10-23,85.94000244140625,85.98999786376953,85.22000122070312,85.2300033569336,69.1131820678711,1725300,ETR
2017-10-24,85.6500015258789,86.4000015258789,84.68000030517578,85.9800033569336,69.72134399414062,1796700,ETR
2017-10-25,86.12000274658203,86.48999786376953,84.37000274658203,86.33999633789062,70.01325988769531,1586600,ETR
2017-10-26,86.7699966430664,87.0,86.11000061035156,86.18000030517578,69.8835220336914,1012800,ETR
2017-10-27,86.13999938964844,86.83999633789062,85.87000274658203,86.7699966430664,70.36195373535156,1142400,ETR
2017-10-30,86.69999694824219,86.69999694824219,86.0199966430664,86.38999938964844,70.05381774902344,1146700,ETR
2017-10-31,86.19000244140625,86.63999938964844,86.04000091552734,86.26000213623047,69.94837188720703,979200,ETR
2017-11-01,86.31999969482422,86.36000061035156,85.23999786376953,85.66999816894531,69.46996307373047,1368500,ETR
2017-11-02,85.9000015258789,86.75,85.27999877929688,86.63999938964844,70.25652313232422,2217100,ETR
2017-11-03,86.4800033569336,87.8499984741211,86.30000305175781,87.0,70.5484619140625,1062300,ETR
2017-11-06,86.93000030517578,87.27999877929688,86.23999786376953,86.36000061035156,70.02949523925781,956000,ETR
2017-11-07,86.3499984741211,87.06999969482422,86.02999877929688,86.8499984741211,70.42682647705078,911700,ETR
2017-11-08,85.81999969482422,86.48999786376953,85.5999984741211,86.23999786376953,70.65623474121094,1937900,ETR
2017-11-09,85.95999908447266,86.5999984741211,85.62000274658203,86.41999816894531,70.80369567871094,1346500,ETR
2017-11-10,85.94999694824219,86.29000091552734,85.0999984741211,85.12999725341797,69.74681091308594,1196600,ETR
2017-11-13,85.2300033569336,86.69000244140625,85.2300033569336,86.63999938964844,70.98393249511719,1476100,ETR
2017-11-14,86.41999816894531,87.5,86.19000244140625,87.41999816894531,71.62300872802734,1219700,ETR
2017-11-15,87.5,87.94999694824219,86.27999877929688,86.43000030517578,70.81188201904297,1580700,ETR
2017-11-16,86.26000213623047,86.48999786376953,85.80000305175781,85.9000015258789,70.3776626586914,875300,ETR
2017-11-17,85.66000366210938,87.22000122070312,85.66000366210938,86.51000213623047,70.87743377685547,1215800,ETR
2017-11-20,86.51000213623047,86.51000213623047,85.2300033569336,85.6500015258789,70.17284393310547,1007500,ETR
2017-11-21,85.72000122070312,86.11000061035156,85.48999786376953,85.61000061035156,70.14006805419922,788500,ETR
2017-11-22,85.5199966430664,85.72000122070312,84.8499984741211,85.51000213623047,70.05813598632812,572500,ETR
2017-11-24,85.55000305175781,85.91999816894531,85.2699966430664,85.37000274658203,69.94342803955078,235100,ETR
2017-11-27,85.5999984741211,86.37999725341797,85.25,86.08000183105469,70.52513885498047,1463600,ETR
2017-11-28,86.45999908447266,86.80000305175781,86.12000274658203,86.33999633789062,70.7381591796875,1218200,ETR
2017-11-29,86.01000213623047,86.36000061035156,85.45999908447266,86.1500015258789,70.58248138427734,831600,ETR
2017-11-30,86.2300033569336,86.76000213623047,85.75,86.4800033569336,70.85285186767578,1405100,ETR
2017-12-01,86.81999969482422,87.08999633789062,85.11000061035156,85.5199966430664,70.06632232666016,1319700,ETR
2017-12-04,85.69000244140625,85.73999786376953,84.05999755859375,84.37000274658203,69.1241455078125,2665400,ETR
2017-12-05,84.55000305175781,84.58999633789062,82.7699966430664,83.12999725341797,68.10820007324219,1701800,ETR
2017-12-06,83.37999725341797,83.81999969482422,83.0,83.58999633789062,68.4850845336914,1148500,ETR
2017-12-07,83.52999877929688,83.72000122070312,83.0,83.69999694824219,68.57520294189453,800500,ETR
2017-12-08,83.54000091552734,84.27999877929688,83.27999877929688,84.04000091552734,68.853759765625,945000,ETR
2017-12-11,83.83999633789062,84.62999725341797,83.6500015258789,84.58000183105469,69.29618072509766,2303600,ETR
2017-12-12,84.75,85.2300033569336,83.12999725341797,83.26000213623047,68.21471405029297,1541000,ETR
2017-12-13,83.36000061035156,83.80000305175781,82.97000122070312,83.31999969482422,68.26387023925781,1228500,ETR
2017-12-14,83.05999755859375,83.25,81.8499984741211,82.66000366210938,67.72313690185547,1288600,ETR
2017-12-15,83.0199966430664,84.08999633789062,82.94000244140625,83.80000305175781,68.65714263916016,4644400,ETR
2017-12-18,83.68000030517578,84.08999633789062,82.31999969482422,82.69000244140625,67.74771881103516,1789000,ETR
2017-12-19,82.77999877929688,82.87000274658203,80.97000122070312,81.02999877929688,66.3876724243164,1702600,ETR
2017-12-20,80.8499984741211,81.27999877929688,80.18000030517578,80.19999694824219,65.70765686035156,978300,ETR
2017-12-21,79.88999938964844,80.80000305175781,79.66000366210938,80.12000274658203,65.64212799072266,978700,ETR
2017-12-22,80.29000091552734,80.83999633789062,80.16999816894531,80.30999755859375,65.79779052734375,1164100,ETR
2017-12-26,80.52999877929688,80.8499984741211,79.81999969482422,79.9000015258789,65.46188354492188,634800,ETR
2017-12-27,79.97000122070312,80.62000274658203,79.80000305175781,80.5,65.95345306396484,1021700,ETR
2017-12-28,80.75,81.16999816894531,80.47000122070312,81.16000366210938,66.49420166015625,790600,ETR
2017-12-29,81.44999694824219,81.5999984741211,81.0999984741211,81.38999938964844,66.6826400756836,777100,ETR
2018-01-02,81.70999908447266,82.62999725341797,80.9000015258789,82.5999984741211,67.67399597167969,1813200,ETR
2018-01-03,82.31999969482422,82.95999908447266,81.5199966430664,81.69000244140625,66.92843627929688,1474900,ETR
2018-01-04,81.52999877929688,81.76000213623047,80.43000030517578,80.54000091552734,65.9862289428711,1095300,ETR
2018-01-05,80.68000030517578,80.91000366210938,79.68000030517578,79.91999816894531,65.47826385498047,1328500,ETR
2018-01-08,80.08999633789062,80.87999725341797,79.97000122070312,80.83999633789062,66.23200988769531,1111000,ETR
2018-01-09,80.73999786376953,81.0199966430664,79.81999969482422,80.12000274658203,65.64212799072266,938200,ETR
2018-01-10,79.75,79.91000366210938,79.0,79.4800033569336,65.11779022216797,980800,ETR
2018-01-11,79.27999877929688,79.9000015258789,78.95999908447266,79.16999816894531,64.86380004882812,1483600,ETR
2018-01-12,78.73999786376953,79.19999694824219,78.19000244140625,78.22000122070312,64.08545684814453,998700,ETR
2018-01-16,78.38999938964844,78.58999633789062,76.86000061035156,77.66999816894531,63.63484573364258,1352400,ETR
2018-01-17,78.0,78.72000122070312,77.77999877929688,78.51000213623047,64.32305145263672,1347600,ETR
2018-01-18,78.54000091552734,78.61000061035156,77.36000061035156,77.79000091552734,63.733150482177734,1069100,ETR
2018-01-19,77.94999694824219,78.31999969482422,76.76000213623047,76.98999786376953,63.07770919799805,1382700,ETR
2018-01-22,77.5,77.8499984741211,76.6500015258789,76.83000183105469,62.946632385253906,1348100,ETR
2018-01-23,76.97000122070312,78.4000015258789,76.87000274658203,77.66000366210938,63.62665557861328,1321200,ETR
2018-01-24,77.62000274658203,77.66999816894531,76.61000061035156,76.69999694824219,62.84012985229492,1945700,ETR
2018-01-25,76.69999694824219,78.0999984741211,76.55000305175781,78.08000183105469,63.970767974853516,1061700,ETR
2018-01-26,78.29000091552734,78.52999877929688,77.44999694824219,78.29000091552734,64.142822265625,1370100,ETR
2018-01-29,78.0,78.1500015258789,76.72000122070312,76.83000183105469,62.946632385253906,1055200,ETR
2018-01-30,76.80999755859375,78.37999725341797,76.80999755859375,77.9000015258789,63.82329177856445,1786200,ETR
2018-01-31,77.87000274658203,78.80999755859375,76.91000366210938,78.69000244140625,64.47052764892578,1632300,ETR
2018-02-01,78.47000122070312,78.9800033569336,76.77999877929688,77.12000274658203,63.184242248535156,1843400,ETR
2018-02-02,76.73999786376953,77.45999908447266,75.9000015258789,75.9800033569336,62.250240325927734,1209800,ETR
2018-02-05,75.87000274658203,76.63999938964844,74.38999938964844,74.41000366210938,60.96392822265625,1697200,ETR
2018-02-06,73.63999938964844,74.3499984741211,71.94999694824219,73.76000213623047,60.431392669677734,2439300,ETR
2018-02-07,72.79000091552734,74.45999908447266,72.61000061035156,72.7699966430664,60.34846115112305,1759900,ETR
2018-02-08,72.56999969482422,73.69999694824219,71.98999786376953,72.0199966430664,59.72649002075195,1572700,ETR
2018-02-09,72.33000183105469,74.86000061035156,72.13999938964844,74.12999725341797,61.476314544677734,1617000,ETR
2018-02-12,74.25,75.0,73.41999816894531,74.62999725341797,61.89096450805664,1249800,ETR
2018-02-13,74.55999755859375,75.27999877929688,73.6500015258789,75.05000305175781,62.23927688598633,757500,ETR
2018-02-14,74.52999877929688,74.91999816894531,73.7300033569336,73.9800033569336,61.3519287109375,821000,ETR
2018-02-15,74.29000091552734,76.4000015258789,73.8499984741211,76.30999755859375,63.28419876098633,1626900,ETR
2018-02-16,76.23999786376953,77.0,76.23999786376953,76.72000122070312,63.62421417236328,1349100,ETR
2018-02-20,76.25,76.70999908447266,74.83999633789062,75.43000030517578,62.55440902709961,905000,ETR
2018-02-21,75.41999816894531,76.05000305175781,74.43000030517578,74.44000244140625,61.7333984375,1198000,ETR
2018-02-22,74.69999694824219,75.83000183105469,74.30000305175781,75.02999877929688,62.22269058227539,1797500,ETR
2018-02-23,74.80999755859375,77.86000061035156,73.55000305175781,77.73999786376953,64.4700927734375,2000500,ETR
2018-02-26,77.95999908447266,78.0,76.55000305175781,76.94999694824219,63.814945220947266,1118800,ETR
2018-02-27,77.0,78.36000061035156,76.0199966430664,76.04000091552734,63.06028747558594,1873700,ETR
2018-02-28,76.4000015258789,76.70999908447266,75.80000305175781,75.81999969482422,62.87784957885742,1782300,ETR
2018-03-01,75.87000274658203,77.2300033569336,75.56999969482422,75.87999725341797,62.927589416503906,1797900,ETR
2018-03-02,75.80999755859375,76.80999755859375,75.66000366210938,76.54000091552734,63.474945068359375,1660400,ETR
2018-03-05,76.45999908447266,78.8499984741211,76.05000305175781,78.56999969482422,65.15843200683594,1493600,ETR
2018-03-06,78.37999725341797,78.37999725341797,77.19999694824219,77.72000122070312,64.45352172851562,1452100,ETR
2018-03-07,77.41000366210938,77.72000122070312,76.2300033569336,76.76000213623047,63.65739440917969,1456600,ETR
2018-03-08,77.04000091552734,77.04000091552734,76.2300033569336,76.66000366210938,63.574459075927734,1437300,ETR
2018-03-09,76.81999969482422,76.94999694824219,76.19000244140625,76.77999877929688,63.673988342285156,1600000,ETR
2018-03-12,76.91999816894531,77.30000305175781,76.58999633789062,77.2300033569336,64.04717254638672,1054000,ETR
2018-03-13,77.38999938964844,78.19000244140625,76.8499984741211,77.08999633789062,63.93104934692383,826600,ETR
2018-03-14,77.33999633789062,77.91000366210938,77.06999969482422,77.5,64.27106475830078,998500,ETR
2018-03-15,77.52999877929688,78.41999816894531,77.19000244140625,77.52999877929688,64.29594421386719,1087100,ETR
2018-03-16,77.79000091552734,79.01000213623047,77.6500015258789,78.87999725341797,65.41551208496094,3495500,ETR
2018-03-19,78.87999725341797,79.23999786376953,78.16000366210938,78.54000091552734,65.133544921875,1325400,ETR
2018-03-20,78.36000061035156,79.01000213623047,78.20999908447266,78.76000213623047,65.31598663330078,1520100,ETR
2018-03-21,78.75,79.0,77.44999694824219,78.25,64.89305114746094,1172100,ETR
2018-03-22,78.3499984741211,80.1500015258789,77.93000030517578,78.3499984741211,64.97596740722656,1175000,ETR
2018-03-23,78.62000274658203,79.1500015258789,77.19000244140625,77.3499984741211,64.14667510986328,831700,ETR
2018-03-26,77.4800033569336,78.2699966430664,77.30000305175781,78.13999938964844,64.80183410644531,748500,ETR
2018-03-27,78.22000122070312,80.11000061035156,77.91999816894531,79.29000091552734,65.75550842285156,1038500,ETR
2018-03-28,79.56999969482422,80.05000305175781,78.6500015258789,79.0,65.51502227783203,1299900,ETR
2018-03-29,79.20999908447266,79.69999694824219,78.76000213623047,78.77999877929688,65.33257293701172,1301700,ETR
2018-04-02,78.95999908447266,79.88999938964844,78.27999877929688,78.88999938964844,65.42382049560547,1222500,ETR
2018-04-03,78.7300033569336,79.73999786376953,78.43000030517578,79.19000244140625,65.67259216308594,1175200,ETR
2018-04-04,79.19999694824219,80.04000091552734,78.63999938964844,79.23999786376953,65.71406555175781,1156100,ETR
2018-04-05,79.26000213623047,79.95999908447266,77.88999938964844,79.76000213623047,66.14530944824219,1311900,ETR
2018-04-06,80.0199966430664,80.0199966430664,78.76000213623047,78.9800033569336,65.4984359741211,1041100,ETR
2018-04-09,79.0,79.62000274658203,78.73999786376953,78.95999908447266,65.48184967041016,928200,ETR
2018-04-10,79.16999816894531,79.69999694824219,78.31999969482422,78.51000213623047,65.1086654663086,1492700,ETR
2018-04-11,78.45999908447266,78.87999725341797,78.16000366210938,78.44999694824219,65.05890655517578,753400,ETR
2018-04-12,78.58000183105469,78.81999969482422,77.1500015258789,77.3499984741211,64.14667510986328,709900,ETR
2018-04-13,77.5,78.7699966430664,77.5,78.6500015258789,65.22477722167969,1360700,ETR
2018-04-16,78.94000244140625,79.83000183105469,78.81999969482422,79.62999725341797,66.03748321533203,1255800,ETR
2018-04-17,79.5999984741211,80.4000015258789,79.16999816894531,80.1500015258789,66.46874237060547,1247800,ETR
2018-04-18,80.30999755859375,80.58999633789062,79.48999786376953,79.55999755859375,65.97943878173828,1457900,ETR
2018-04-19,79.5,80.36000061035156,79.01000213623047,80.0199966430664,66.36090087890625,1896900,ETR
2018-04-20,80.01000213623047,80.12999725341797,78.62000274658203,78.9800033569336,65.4984359741211,1416400,ETR
2018-04-23,79.33000183105469,79.73999786376953,78.86000061035156,79.25,65.72236633300781,879400,ETR
2018-04-24,79.5,80.88999938964844,79.37999725341797,80.0999984741211,66.42726135253906,1386600,ETR
2018-04-25,79.37999725341797,80.1500015258789,78.20999908447266,79.41999816894531,65.86331939697266,1221600,ETR
2018-04-26,79.63999938964844,81.33000183105469,79.26000213623047,81.29000091552734,67.4141616821289,1715500,ETR
2018-04-27,81.08000183105469,82.41999816894531,80.94000244140625,82.11000061035156,68.09416198730469,1949900,ETR
2018-04-30,82.16000366210938,82.44000244140625,81.56999969482422,81.58999633789062,67.66291809082031,1061400,ETR
2018-05-01,81.62000274658203,81.83000183105469,80.98999786376953,81.2300033569336,67.36437225341797,935900,ETR
2018-05-02,81.05000305175781,81.72000122070312,80.81999969482422,81.61000061035156,67.67952728271484,1927000,ETR
2018-05-03,81.5,82.62999725341797,80.81999969482422,82.3499984741211,68.2931900024414,1596700,ETR
2018-05-04,82.31999969482422,82.62000274658203,82.02999877929688,82.19999694824219,68.16879272460938,972900,ETR
2018-05-07,82.18000030517578,82.41999816894531,81.38999938964844,81.55000305175781,67.6297607421875,917700,ETR
2018-05-08,80.93000030517578,80.95999908447266,78.94000244140625,79.4000015258789,65.84675598144531,1538900,ETR
2018-05-09,78.63999938964844,78.88999938964844,77.56999969482422,78.0199966430664,65.43577575683594,1025300,ETR
2018-05-10,78.62000274658203,79.05999755859375,78.02999877929688,78.95999908447266,66.22415924072266,727200,ETR
2018-05-11,79.1500015258789,79.22000122070312,78.66999816894531,78.8499984741211,66.13189697265625,493200,ETR
2018-05-14,79.05999755859375,79.12999725341797,78.11000061035156,78.55000305175781,65.88029479980469,1228100,ETR
2018-05-15,78.16000366210938,78.37999725341797,77.08999633789062,77.55000305175781,65.04158782958984,1015700,ETR
2018-05-16,77.66999816894531,77.7699966430664,76.58000183105469,76.97000122070312,64.55513763427734,894800,ETR
2018-05-17,76.98999786376953,77.1500015258789,76.0199966430664,76.26000213623047,63.95966339111328,1292500,ETR
2018-05-18,76.30000305175781,76.51000213623047,75.44999694824219,76.13999938964844,63.859012603759766,1012900,ETR
2018-05-21,76.43000030517578,76.4800033569336,75.77999877929688,76.25,63.951263427734375,877700,ETR
2018-05-22,76.55999755859375,77.08999633789062,76.08999633789062,76.68000030517578,64.3119125366211,989200,ETR
2018-05-23,76.91999816894531,78.79000091552734,76.79000091552734,78.73999786376953,66.0396499633789,1958800,ETR
2018-05-24,78.5199966430664,79.55000305175781,78.19000244140625,79.4800033569336,66.66029357910156,1252800,ETR
2018-05-25,79.4800033569336,80.16000366210938,79.4800033569336,79.7300033569336,66.86996459960938,1128200,ETR
2018-05-29,79.56999969482422,80.45999908447266,79.23999786376953,79.62000274658203,66.7777099609375,1607500,ETR
2018-05-30,79.51000213623047,80.41000366210938,79.19000244140625,80.31999969482422,67.36480712890625,1982000,ETR
2018-05-31,80.41000366210938,81.12999725341797,79.88999938964844,80.91000366210938,67.85963439941406,1740700,ETR
2018-06-01,80.68000030517578,80.77999877929688,79.5999984741211,80.11000061035156,67.18868255615234,1599100,ETR
2018-06-04,80.37000274658203,80.52999877929688,78.25,78.30000305175781,65.67062377929688,1651600,ETR
2018-06-05,78.29000091552734,78.62000274658203,77.58000183105469,77.70999908447266,65.17578887939453,1226600,ETR
2018-06-06,77.70999908447266,77.83999633789062,76.2300033569336,76.4000015258789,64.07708740234375,877300,ETR
2018-06-07,75.88999938964844,77.20999908447266,75.83000183105469,76.62999725341797,64.26998138427734,5445600,ETR
2018-06-08,76.83000183105469,77.04000091552734,76.02999877929688,76.88999938964844,64.48804473876953,2166500,ETR
2018-06-11,76.87000274658203,77.05999755859375,75.91000366210938,76.05000305175781,63.78353500366211,3538500,ETR
2018-06-12,76.0999984741211,77.16999816894531,76.05000305175781,76.9800033569336,64.56352996826172,4268300,ETR
2018-06-13,76.9800033569336,77.5199966430664,76.2300033569336,76.30999755859375,64.00159454345703,1998600,ETR
2018-06-14,76.4800033569336,77.0,76.19999694824219,76.70999908447266,64.33707427978516,1966000,ETR
2018-06-15,76.7300033569336,78.26000213623047,76.16999816894531,78.20999908447266,65.59513854980469,2890300,ETR
2018-06-18,78.0,79.04000091552734,77.80000305175781,78.4000015258789,65.75450134277344,3414800,ETR
2018-06-19,78.63999938964844,80.0,78.63999938964844,79.9800033569336,67.07964324951172,2606900,ETR
2018-06-20,80.0,80.4000015258789,79.4800033569336,80.25,67.30609893798828,3330900,ETR
2018-06-21,80.19000244140625,80.81999969482422,79.58000183105469,79.83999633789062,66.96222686767578,1844400,ETR
2018-06-22,80.2300033569336,80.72000122070312,79.69999694824219,80.20999908447266,67.2725601196289,2255300,ETR
2018-06-25,80.4000015258789,81.19999694824219,80.19000244140625,81.0199966430664,67.95189666748047,2770300,ETR
2018-06-26,80.80999755859375,81.73999786376953,80.68000030517578,80.9000015258789,67.85125732421875,1613100,ETR
2018-06-27,80.9000015258789,81.91000366210938,80.79000091552734,81.73999786376953,68.55574035644531,1641000,ETR
2018-06-28,81.70999908447266,82.13999938964844,81.06999969482422,81.26000213623047,68.15319061279297,3017600,ETR
2018-06-29,80.94999694824219,81.19000244140625,80.20999908447266,80.79000091552734,67.75899505615234,1988700,ETR
2018-07-02,81.08999633789062,81.45999908447266,80.48999786376953,81.43000030517578,68.29578399658203,1652100,ETR
2018-07-03,81.30000305175781,81.94000244140625,81.05999755859375,81.37999725341797,68.25381469726562,574700,ETR
2018-07-05,81.54000091552734,82.0,81.05999755859375,81.95999908447266,68.74029541015625,1982000,ETR
2018-07-06,81.94000244140625,82.77999877929688,81.76000213623047,82.55999755859375,69.24352264404297,1224100,ETR
2018-07-09,82.66000366210938,82.66000366210938,79.86000061035156,80.1500015258789,67.22222137451172,1994100,ETR
2018-07-10,80.1500015258789,81.31999969482422,79.55000305175781,80.93000030517578,67.87641906738281,1222100,ETR
2018-07-11,81.05999755859375,82.41000366210938,80.94999694824219,82.20999908447266,68.94995880126953,1809600,ETR
2018-07-12,81.91000366210938,82.45999908447266,81.7300033569336,82.18000030517578,68.92481231689453,2107500,ETR
2018-07-13,81.97000122070312,82.37000274658203,81.55000305175781,81.88999938964844,68.68157958984375,1253900,ETR
2018-07-16,81.79000091552734,82.0,81.16000366210938,81.80999755859375,68.6144790649414,1224000,ETR
2018-07-17,81.95999908447266,82.13999938964844,81.66999816894531,81.69999694824219,68.52220153808594,920900,ETR
2018-07-18,81.75,81.83000183105469,80.29000091552734,80.54000091552734,67.54933166503906,2432200,ETR
2018-07-19,80.70999908447266,81.51000213623047,80.6500015258789,81.0,67.93511199951172,1293200,ETR
2018-07-20,81.0199966430664,81.16999816894531,80.01000213623047,80.51000213623047,67.52416229248047,2501100,ETR
2018-07-23,80.61000061035156,80.86000061035156,79.16000366210938,79.41000366210938,66.6015853881836,1183000,ETR
2018-07-24,79.12000274658203,79.12000274658203,77.58999633789062,78.9800033569336,66.24095916748047,2224500,ETR
2018-07-25,78.9000015258789,79.55999755859375,78.70999908447266,79.25,66.4674072265625,1146600,ETR
2018-07-26,79.58999633789062,81.0999984741211,79.58999633789062,80.43000030517578,67.45706939697266,1903900,ETR
2018-07-27,80.54000091552734,81.19000244140625,80.23999786376953,80.55000305175781,67.55770874023438,809800,ETR
2018-07-30,80.44999694824219,80.66999816894531,79.83999633789062,80.2699966430664,67.32286834716797,2778800,ETR
2018-07-31,80.62000274658203,81.37999725341797,80.08999633789062,81.27999877929688,68.16996002197266,2256000,ETR
2018-08-01,81.02999877929688,82.98999786376953,80.69999694824219,81.81999969482422,68.62287139892578,2615500,ETR
2018-08-02,82.05000305175781,83.37999725341797,81.33999633789062,82.76000213623047,69.41124725341797,1764500,ETR
2018-08-03,83.19000244140625,84.29000091552734,82.47000122070312,83.7699966430664,70.25834655761719,1809300,ETR
2018-08-06,83.62000274658203,84.12999725341797,83.31999969482422,83.44999694824219,69.98995971679688,1429600,ETR
2018-08-07,83.76000213623047,83.83999633789062,82.25,83.26000213623047,69.83060455322266,1815600,ETR
2018-08-08,82.16999816894531,82.81999969482422,82.02999877929688,82.62000274658203,70.04254150390625,1122200,ETR
2018-08-09,82.5999984741211,83.43000030517578,82.41999816894531,83.33000183105469,70.64445495605469,1464800,ETR
2018-08-10,83.55999755859375,84.16999816894531,83.36000061035156,83.38999938964844,70.69532775878906,1170200,ETR
2018-08-13,83.4000015258789,83.7300033569336,83.0199966430664,83.6500015258789,70.91572570800781,2265400,ETR
2018-08-14,83.69999694824219,84.2300033569336,83.2699966430664,83.9800033569336,71.19550323486328,2907900,ETR
2018-08-15,84.23999786376953,85.11000061035156,83.81999969482422,84.13999938964844,71.33113861083984,2339600,ETR
2018-08-16,84.12000274658203,85.16999816894531,83.70999908447266,85.13999938964844,72.17891693115234,1939100,ETR
2018-08-17,84.97000122070312,85.62000274658203,84.80999755859375,85.31999969482422,72.33149719238281,1276700,ETR
2018-08-20,85.31999969482422,85.45999908447266,84.77999877929688,85.2300033569336,72.25521850585938,962900,ETR
2018-08-21,85.16000366210938,85.16000366210938,84.37000274658203,84.88999938964844,71.96697998046875,1418100,ETR
2018-08-22,85.0,85.30999755859375,84.01000213623047,84.29000091552734,71.45829772949219,867500,ETR
2018-08-23,84.30000305175781,84.87000274658203,84.13999938964844,84.62999725341797,71.74656677246094,914000,ETR
2018-08-24,84.55000305175781,85.12999725341797,84.12000274658203,85.08999633789062,72.13654327392578,601900,ETR
2018-08-27,85.19999694824219,85.19999694824219,83.75,83.9000015258789,71.12769317626953,1216400,ETR
2018-08-28,83.87000274658203,83.9800033569336,83.30000305175781,83.62000274658203,70.89031982421875,1368500,ETR
2018-08-29,83.52999877929688,83.81999969482422,82.86000061035156,83.44000244140625,70.73770141601562,1566500,ETR
2018-08-30,83.77999877929688,84.5199966430664,83.5999984741211,84.33000183105469,71.49222564697266,1428900,ETR
2018-08-31,84.20999908447266,84.66000366210938,83.2699966430664,83.58999633789062,70.86487579345703,1340700,ETR
2018-09-04,83.55000305175781,84.30000305175781,83.54000091552734,84.30000305175781,71.466796875,1254500,ETR
2018-09-05,84.43000030517578,85.02999877929688,84.12000274658203,84.95999908447266,72.02630615234375,907600,ETR
2018-09-06,85.0999984741211,85.80999755859375,84.7300033569336,85.52999877929688,72.50955200195312,905500,ETR
2018-09-07,84.87999725341797,85.38999938964844,84.56999969482422,84.70999908447266,71.81436920166016,904000,ETR
2018-09-10,84.9800033569336,85.62000274658203,84.66999816894531,85.19000244140625,72.22129821777344,852100,ETR
2018-09-11,85.33000183105469,85.55999755859375,84.4000015258789,84.48999786376953,71.62786102294922,1631600,ETR
2018-09-12,84.54000091552734,84.91999816894531,83.95999908447266,84.04000091552734,71.24637603759766,1290700,ETR
2018-09-13,84.05999755859375,84.41999816894531,83.4800033569336,84.22000122070312,71.3989486694336,1583800,ETR
2018-09-14,84.0999984741211,84.13999938964844,82.97000122070312,83.76000213623047,71.00899505615234,1428900,ETR
2018-09-17,83.9000015258789,84.58000183105469,83.58000183105469,84.41999816894531,71.56851196289062,1001800,ETR
2018-09-18,84.31999969482422,84.5199966430664,83.68000030517578,83.93000030517578,71.15311431884766,994900,ETR
2018-09-19,84.0999984741211,84.0999984741211,81.62999725341797,81.9000015258789,69.4321517944336,1006200,ETR
2018-09-20,81.69000244140625,82.62000274658203,81.16999816894531,82.48999786376953,69.93231964111328,1031700,ETR
2018-09-21,82.26000213623047,82.91999816894531,81.73999786376953,82.56999969482422,70.0001449584961,2132700,ETR
2018-09-24,82.41999816894531,82.61000061035156,81.5999984741211,81.63999938964844,69.21172332763672,1066000,ETR
2018-09-25,81.62999725341797,81.62999725341797,80.02999877929688,80.18000030517578,67.97399139404297,1257100,ETR
2018-09-26,80.47000122070312,80.4800033569336,78.98999786376953,79.08999633789062,67.04991149902344,1857000,ETR
2018-09-27,79.27999877929688,80.19999694824219,79.0,79.93000030517578,67.76203918457031,1476200,ETR
2018-09-28,80.16999816894531,81.27999877929688,80.16999816894531,81.12999725341797,68.77937316894531,1121000,ETR
2018-10-01,80.94999694824219,81.13999938964844,80.36000061035156,80.6500015258789,68.37245178222656,665700,ETR
2018-10-02,80.93000030517578,82.13999938964844,80.93000030517578,81.83000183105469,69.37281036376953,1001200,ETR
2018-10-03,81.66999816894531,82.01000213623047,79.66000366210938,80.33000183105469,68.10116577148438,786500,ETR
2018-10-04,80.23999786376953,81.25,79.56999969482422,81.19999694824219,68.83870697021484,1048600,ETR
2018-10-05,81.29000091552734,82.87999725341797,81.26000213623047,82.76000213623047,70.1612319946289,1224300,ETR
2018-10-08,82.80000305175781,84.33000183105469,82.7300033569336,83.63999938964844,70.90725708007812,1094600,ETR
2018-10-09,83.7699966430664,84.4000015258789,82.83999633789062,83.43000030517578,70.72921752929688,1177700,ETR
2018-10-10,83.41999816894531,84.56999969482422,82.88999938964844,82.94999694824219,70.32229614257812,1710300,ETR
2018-10-11,83.33000183105469,83.4800033569336,80.9800033569336,81.19999694824219,68.83870697021484,1598400,ETR
2018-10-12,81.12000274658203,81.6500015258789,80.04000091552734,81.3499984741211,68.96587371826172,1637000,ETR
2018-10-15,81.4000015258789,82.76000213623047,81.22000122070312,81.8499984741211,69.38978576660156,2786300,ETR
2018-10-16,81.7300033569336,83.33000183105469,81.55999755859375,82.72000122070312,70.1273193359375,2357500,ETR
2018-10-17,82.5,83.02999877929688,81.87999725341797,82.62999725341797,70.05101013183594,949100,ETR
2018-10-18,82.69999694824219,83.20999908447266,82.2300033569336,82.61000061035156,70.03404998779297,1114900,ETR
2018-10-19,82.7300033569336,84.66000366210938,82.7300033569336,84.12000274658203,71.31420135498047,874800,ETR
2018-10-22,84.12000274658203,84.41000366210938,83.29000091552734,83.37000274658203,70.67838287353516,1869700,ETR
2018-10-23,83.68000030517578,84.33999633789062,82.55999755859375,83.1500015258789,70.49186706542969,1862300,ETR
2018-10-24,83.62999725341797,86.0,83.19999694824219,85.41000366210938,72.40782165527344,2243900,ETR
2018-10-25,84.70999908447266,84.70999908447266,82.8499984741211,83.5,70.78857421875,1418800,ETR
2018-10-26,84.0,84.33999633789062,82.06999969482422,82.43000030517578,69.88147735595703,1800000,ETR
2018-10-29,82.45999908447266,84.80999755859375,82.45999908447266,84.01000213623047,71.22093963623047,2051200,ETR
2018-10-30,84.30000305175781,84.5,82.44000244140625,82.94000244140625,70.3138198852539,1843200,ETR
2018-10-31,82.11000061035156,84.93000030517578,81.0199966430664,83.94999694824219,71.17007446289062,2676900,ETR
2018-11-01,84.30999755859375,84.30999755859375,82.70999908447266,83.01000213623047,70.3731689453125,1775900,ETR
2018-11-02,83.2300033569336,83.6500015258789,82.08000183105469,83.26000213623047,70.58509826660156,1279400,ETR
2018-11-05,83.58000183105469,84.72000122070312,83.37000274658203,84.37000274658203,71.526123046875,1448700,ETR
2018-11-06,84.61000061035156,85.51000213623047,84.33999633789062,85.41999816894531,72.41627502441406,1297800,ETR
2018-11-07,84.69999694824219,85.56999969482422,84.16999816894531,85.30000305175781,73.0932388305664,1403500,ETR
2018-11-08,85.37999725341797,85.55999755859375,84.31999969482422,85.12999725341797,72.94756317138672,1125800,ETR
2018-11-09,85.08999633789062,85.77999877929688,84.62999725341797,85.55999755859375,73.31600952148438,2409100,ETR
2018-11-12,85.16000366210938,87.30999755859375,84.9000015258789,85.91000366210938,73.61595916748047,1637300,ETR
2018-11-13,86.0,86.1500015258789,85.20999908447266,85.9000015258789,73.60737609863281,1134000,ETR
2018-11-14,85.5199966430664,86.19000244140625,85.12999725341797,85.48999786376953,73.25605773925781,1292800,ETR
2018-11-15,85.1500015258789,86.69999694824219,84.41999816894531,85.97000122070312,73.66737365722656,1462400,ETR
2018-11-16,86.9800033569336,87.0,85.38999938964844,86.31999969482422,73.9672622680664,1361000,ETR
2018-11-19,86.16999816894531,87.2300033569336,85.76000213623047,86.76000213623047,74.34429931640625,1157600,ETR
2018-11-20,87.19999694824219,87.8499984741211,86.0,86.33000183105469,73.97586059570312,1709000,ETR
2018-11-21,86.0,86.30000305175781,85.05999755859375,85.3499984741211,73.13607788085938,982900,ETR
2018-11-23,85.5199966430664,85.63999938964844,85.02999877929688,85.37000274658203,73.15322875976562,421300,ETR
2018-11-26,85.37000274658203,86.02999877929688,85.01000213623047,85.86000061035156,73.5730972290039,843500,ETR
2018-11-27,85.91000366210938,86.44999694824219,85.25,86.29000091552734,73.94156646728516,1337500,ETR
2018-11-28,86.5999984741211,86.61000061035156,85.44000244140625,86.08000183105469,73.76161193847656,1164600,ETR
2018-11-29,85.94999694824219,86.16999816894531,85.1500015258789,85.87000274658203,73.58167266845703,1416000,ETR
2018-11-30,86.16000366210938,87.27999877929688,85.87000274658203,87.05999755859375,74.60135650634766,1686500,ETR
2018-12-03,86.7699966430664,87.81999969482422,86.11000061035156,87.80999755859375,75.24404907226562,1512500,ETR
2018-12-04,88.0,89.38999938964844,87.8499984741211,88.9800033569336,76.24662017822266,2547800,ETR
2018-12-06,89.37000274658203,89.43000030517578,86.5999984741211,88.25,75.62108612060547,2367800,ETR
2018-12-07,88.19000244140625,89.16999816894531,87.30999755859375,88.45999908447266,75.80103302001953,1790300,ETR
2018-12-10,88.56999969482422,89.4800033569336,87.55000305175781,89.1500015258789,76.39228820800781,1458700,ETR
2018-12-11,89.1500015258789,90.0,88.9000015258789,89.58999633789062,76.7693099975586,1044300,ETR
2018-12-12,89.5999984741211,90.26000213623047,88.69000244140625,88.91000366210938,76.18663787841797,1213900,ETR
2018-12-13,88.95999908447266,90.76000213623047,88.93000030517578,90.45999908447266,77.51481628417969,1660500,ETR
2018-12-14,90.4000015258789,90.79000091552734,89.0999984741211,89.77999877929688,76.93212890625,1351600,ETR
2018-12-17,90.08000183105469,90.4000015258789,86.73999786376953,86.77999877929688,74.36144256591797,1677800,ETR
2018-12-18,87.36000061035156,88.30999755859375,86.91000366210938,87.08999633789062,74.62709045410156,2411500,ETR
2018-12-19,87.2300033569336,87.68000030517578,86.2699966430664,86.83999633789062,74.412841796875,2329800,ETR
2018-12-20,86.72000122070312,88.12999725341797,85.80999755859375,87.33999633789062,74.84130859375,2392200,ETR
2018-12-21,86.73999786376953,88.73999786376953,86.61000061035156,86.76000213623047,74.34429931640625,3749800,ETR
2018-12-24,86.87000274658203,87.56999969482422,83.08999633789062,83.23999786376953,71.32803344726562,630700,ETR
2018-12-26,83.19999694824219,84.48999786376953,82.05999755859375,84.44000244140625,72.35630798339844,1011600,ETR
2018-12-27,84.55000305175781,85.37000274658203,82.91999816894531,85.33999633789062,73.12751007080078,1378700,ETR
2018-12-28,85.41000366210938,86.16999816894531,85.16000366210938,85.48999786376953,73.25605773925781,1487300,ETR
2018-12-31,85.62000274658203,86.0999984741211,84.80999755859375,86.06999969482422,73.75305938720703,1079700,ETR
2019-01-02,85.6500015258789,85.83999633789062,83.5199966430664,84.0,71.97926330566406,1322400,ETR
2019-01-03,83.83999633789062,84.81999969482422,83.4000015258789,84.16999816894531,72.12493133544922,1143700,ETR
2019-01-04,83.61000061035156,84.93000030517578,83.61000061035156,84.80000305175781,72.664794921875,1056300,ETR
2019-01-07,84.4800033569336,84.77999877929688,83.80000305175781,84.4000015258789,72.322021484375,2049300,ETR
2019-01-08,84.2300033569336,85.94999694824219,83.9800033569336,85.9000015258789,73.60737609863281,1637700,ETR
2019-01-09,85.37999725341797,85.94000244140625,84.70999908447266,85.44999694824219,73.2217788696289,1293300,ETR
2019-01-10,85.68000030517578,86.94000244140625,85.16999816894531,86.62999725341797,74.23292541503906,1488400,ETR
2019-01-11,86.6500015258789,86.94000244140625,85.38999938964844,85.81999969482422,73.53882598876953,1921500,ETR
2019-01-14,85.25,85.25,83.23999786376953,84.70999908447266,72.5876693725586,2353000,ETR
2019-01-15,84.63999938964844,87.30999755859375,84.47000122070312,86.63999938964844,74.24147033691406,1847500,ETR
2019-01-16,86.06999969482422,86.55999755859375,85.30000305175781,86.4000015258789,74.03582763671875,1762500,ETR
2019-01-17,86.41000366210938,86.54000091552734,85.54000091552734,86.02999877929688,73.71878051757812,1688700,ETR
2019-01-18,85.94999694824219,86.33999633789062,85.41000366210938,86.29000091552734,73.94156646728516,1336700,ETR
2019-01-22,86.51000213623047,87.08999633789062,85.69000244140625,86.66000366210938,74.25862121582031,776600,ETR
2019-01-23,86.58000183105469,87.87999725341797,86.58000183105469,87.87000274658203,75.29545593261719,1008700,ETR
2019-01-24,87.98999786376953,88.76000213623047,87.20999908447266,88.62999725341797,75.94669342041016,1030800,ETR
2019-01-25,88.30000305175781,88.83000183105469,86.98999786376953,87.0999984741211,74.63565063476562,1032100,ETR
2019-01-28,87.05000305175781,87.44000244140625,85.97000122070312,86.51000213623047,74.13009643554688,912100,ETR
2019-01-29,86.8499984741211,87.30000305175781,86.19999694824219,86.5999984741211,74.20720672607422,911500,ETR
2019-01-30,86.20999908447266,87.55999755859375,86.20999908447266,87.11000061035156,74.64422607421875,929900,ETR
2019-01-31,87.30999755859375,89.48999786376953,86.77999877929688,89.19000244140625,76.42655944824219,2000900,ETR
2019-02-01,89.02999877929688,89.2699966430664,87.97000122070312,88.83000183105469,76.11807250976562,903300,ETR
2019-02-04,88.27999877929688,89.20999908447266,87.58999633789062,89.19000244140625,76.42655944824219,1123100,ETR
2019-02-05,89.06999969482422,89.44000244140625,88.43000030517578,89.19000244140625,76.42655944824219,1258100,ETR
2019-02-06,88.94999694824219,89.63999938964844,88.6500015258789,89.55000305175781,76.73504638671875,1021900,ETR
2019-02-07,89.43000030517578,90.37999725341797,88.97000122070312,90.2699966430664,77.35198974609375,962500,ETR
2019-02-08,89.97000122070312,90.81999969482422,89.77999877929688,90.81999969482422,77.82330322265625,1089400,ETR
2019-02-11,90.62000274658203,91.01000213623047,90.23999786376953,90.5999984741211,77.63479614257812,748900,ETR
2019-02-12,90.7699966430664,91.16999816894531,89.95999908447266,90.86000061035156,77.85757446289062,1542600,ETR
2019-02-13,89.69999694824219,90.06999969482422,88.94999694824219,89.36000061035156,77.3469009399414,889100,ETR
2019-02-14,89.63999938964844,90.02999877929688,88.98999786376953,89.69000244140625,77.63252258300781,1711400,ETR
2019-02-15,90.1500015258789,90.30000305175781,89.29000091552734,89.86000061035156,77.77967071533203,1391400,ETR
2019-02-19,89.9800033569336,90.12999725341797,89.30999755859375,90.05000305175781,77.94414520263672,1184800,ETR
2019-02-20,89.0999984741211,92.1500015258789,88.83999633789062,91.23999786376953,78.97415924072266,2511800,ETR
2019-02-21,90.45999908447266,91.48999786376953,89.9800033569336,91.19000244140625,78.9308853149414,3077000,ETR
2019-02-22,91.26000213623047,92.81999969482422,91.05999755859375,92.7699966430664,80.29846954345703,1862400,ETR
2019-02-25,92.66999816894531,92.69000244140625,91.81999969482422,92.44999694824219,80.021484375,1647200,ETR
2019-02-26,92.83999633789062,93.1500015258789,92.13999938964844,92.69999694824219,80.23786926269531,1720500,ETR
2019-02-27,92.37999725341797,93.0999984741211,92.20999908447266,92.45999908447266,80.03013610839844,1569100,ETR
2019-02-28,92.54000091552734,93.61000061035156,91.94999694824219,93.33000183105469,80.7831802368164,1690900,ETR
2019-03-01,93.33000183105469,93.51000213623047,92.73999786376953,93.25,80.71395874023438,1522100,ETR
2019-03-04,93.56999969482422,93.8499984741211,92.0,92.63999938964844,80.18595123291016,1318600,ETR
2019-03-05,92.52999877929688,92.63999938964844,91.88999938964844,92.16999816894531,79.77911376953125,1558200,ETR
2019-03-06,92.43000030517578,92.62999725341797,91.9000015258789,92.08999633789062,79.70987701416016,1054500,ETR
2019-03-07,92.4000015258789,93.04000091552734,92.0199966430664,92.12999725341797,79.7445068359375,2142600,ETR
2019-03-08,92.37999725341797,92.54000091552734,91.5999984741211,92.48999786376953,80.05611419677734,1600000,ETR
2019-03-11,93.01000213623047,93.95999908447266,92.44999694824219,93.95999908447266,81.3284912109375,2516400,ETR
2019-03-12,94.19999694824219,94.9800033569336,93.95999908447266,94.88999938964844,82.13346862792969,1986400,ETR
2019-03-13,94.98999786376953,95.56999969482422,94.6500015258789,95.01000213623047,82.23733520507812,1749200,ETR
2019-03-14,95.0,95.62999725341797,94.56999969482422,94.94000244140625,82.17676544189453,2462800,ETR
2019-03-15,94.61000061035156,95.29000091552734,94.25,94.66000366210938,81.93440246582031,4557400,ETR
2019-03-18,94.6500015258789,94.98999786376953,94.13999938964844,94.48999786376953,81.78726196289062,1236100,ETR
2019-03-19,94.27999877929688,94.4000015258789,92.81999969482422,93.18000030517578,80.65336608886719,1228300,ETR
2019-03-20,93.45999908447266,94.33999633789062,93.13999938964844,93.56999969482422,80.99091339111328,1400600,ETR
2019-03-21,93.56999969482422,95.05999755859375,93.41000366210938,94.94999694824219,82.1854019165039,1464600,ETR
2019-03-22,95.0,96.7699966430664,94.87999725341797,96.12000274658203,83.1981430053711,1778700,ETR
2019-03-25,96.2300033569336,96.3499984741211,95.62000274658203,95.81999969482422,82.9384536743164,1219900,ETR
2019-03-26,96.01000213623047,96.87000274658203,95.97000122070312,96.51000213623047,83.53569030761719,1132300,ETR
2019-03-27,96.69999694824219,96.69999694824219,95.5999984741211,95.95999908447266,83.05961608886719,1246800,ETR
2019-03-28,96.13999938964844,96.5,94.7300033569336,95.05999755859375,82.28062438964844,1663500,ETR
2019-03-29,95.08999633789062,95.72000122070312,94.69000244140625,95.62999725341797,82.77397918701172,1091300,ETR
2019-04-01,95.58999633789062,95.58999633789062,94.05999755859375,94.36000061035156,81.67472839355469,1474400,ETR
2019-04-02,94.70999908447266,94.70999908447266,93.62000274658203,94.12999725341797,81.47563934326172,1434700,ETR
2019-04-03,94.08999633789062,94.5199966430664,93.5,94.05000305175781,81.4063949584961,1283400,ETR
2019-04-04,94.23999786376953,94.4000015258789,93.19999694824219,93.61000061035156,81.02554321289062,980600,ETR
2019-04-05,93.6500015258789,94.63999938964844,93.19999694824219,94.47000122070312,81.7699203491211,1571500,ETR
2019-04-08,94.66000366210938,94.83000183105469,94.0199966430664,94.33999633789062,81.65740966796875,1171700,ETR
2019-04-09,94.48999786376953,94.73999786376953,94.2699966430664,94.70999908447266,81.9776611328125,1026300,ETR
2019-04-10,94.97000122070312,95.8499984741211,94.27999877929688,94.58999633789062,81.87378692626953,1107100,ETR
2019-04-11,94.75,95.23999786376953,94.37999725341797,95.0199966430664,82.2459945678711,1402100,ETR
2019-04-12,94.61000061035156,95.5199966430664,94.05000305175781,95.23999786376953,82.43641662597656,1304700,ETR
2019-04-15,95.2300033569336,95.56999969482422,94.7300033569336,95.05000305175781,82.2719497680664,1291600,ETR
2019-04-16,94.83000183105469,95.51000213623047,93.19999694824219,93.38999938964844,80.83512115478516,1764900,ETR
2019-04-17,93.37000274658203,93.55000305175781,92.7300033569336,92.9000015258789,80.41099548339844,1336300,ETR
2019-04-18,93.56999969482422,94.41000366210938,93.31999969482422,93.45999908447266,80.8957290649414,1493300,ETR
2019-04-22,93.45999908447266,93.87999725341797,93.23999786376953,93.63999938964844,81.05150604248047,1218500,ETR
2019-04-23,93.54000091552734,94.48999786376953,93.30999755859375,94.30000305175781,81.62278747558594,1426200,ETR
2019-04-24,94.4000015258789,95.05000305175781,94.12000274658203,94.63999938964844,81.91708374023438,1301700,ETR
2019-04-25,94.27999877929688,95.56999969482422,94.18000030517578,95.20999908447266,82.41044616699219,1042800,ETR
2019-04-26,95.61000061035156,96.16000366210938,95.05999755859375,95.12999725341797,82.34120178222656,1652000,ETR
2019-04-29,94.88999938964844,95.5,94.61000061035156,95.0,82.22867584228516,981900,ETR
2019-04-30,94.95999908447266,96.94000244140625,94.77999877929688,96.9000015258789,83.8732681274414,1486400,ETR
2019-05-01,96.44999694824219,97.41000366210938,95.69000244140625,95.88999938964844,82.9990463256836,1493200,ETR
2019-05-02,96.06999969482422,96.95999908447266,95.26000213623047,96.22000122070312,83.28468322753906,1370300,ETR
2019-05-03,96.26000213623047,97.08000183105469,96.22000122070312,96.62999725341797,83.63955688476562,1056500,ETR
2019-05-06,96.70999908447266,96.94000244140625,95.9000015258789,96.20999908447266,83.27601623535156,856600,ETR
2019-05-07,96.11000061035156,96.61000061035156,95.72000122070312,96.51000213623047,83.53569030761719,1338900,ETR
2019-05-08,95.29000091552734,95.62000274658203,93.9800033569336,94.2300033569336,82.33858489990234,2220400,ETR
2019-05-09,94.43000030517578,94.75,93.91000366210938,94.30999755859375,82.40848541259766,1575300,ETR
2019-05-10,94.20999908447266,96.33999633789062,94.20999908447266,96.33000183105469,84.17357635498047,1329900,ETR
2019-05-13,96.33000183105469,97.62000274658203,95.94999694824219,97.47000122070312,85.16970825195312,1203600,ETR
2019-05-14,97.30000305175781,97.5,96.48999786376953,96.48999786376953,84.3133773803711,1638300,ETR
2019-05-15,96.48999786376953,97.05999755859375,96.29000091552734,96.29000091552734,84.13861083984375,923200,ETR
2019-05-16,96.0,97.2300033569336,95.83000183105469,96.91000366210938,84.68036651611328,752500,ETR
2019-05-17,96.33999633789062,98.01000213623047,96.33999633789062,97.88999938964844,85.53668212890625,1073700,ETR
2019-05-20,98.0,98.51000213623047,97.45999908447266,97.94999694824219,85.58912658691406,1339500,ETR
2019-05-21,97.8499984741211,98.55999755859375,97.37999725341797,97.68000030517578,85.35321044921875,1297700,ETR
2019-05-22,97.76000213623047,98.5199966430664,97.38999938964844,98.48999786376953,86.06098937988281,898900,ETR
2019-05-23,98.66999816894531,99.37000274658203,98.45999908447266,99.3499984741211,86.81246185302734,927000,ETR
2019-05-24,99.3499984741211,99.83999633789062,98.94000244140625,98.98999786376953,86.4979019165039,1188100,ETR
2019-05-28,99.0199966430664,99.05000305175781,96.91999816894531,96.93000030517578,84.69783782958984,1670000,ETR
2019-05-29,97.12000274658203,97.3499984741211,95.5,95.66000366210938,83.58811950683594,1868300,ETR
2019-05-30,96.04000091552734,96.43000030517578,95.62999725341797,96.16000366210938,84.02503204345703,1968700,ETR
2019-05-31,96.2699966430664,97.38999938964844,95.91000366210938,97.06999969482422,84.82017517089844,2995900,ETR
2019-06-03,97.2699966430664,98.02999877929688,96.41999816894531,98.0199966430664,85.6502914428711,2241900,ETR
2019-06-04,97.94999694824219,97.94999694824219,95.41999816894531,97.44000244140625,85.14348602294922,2572300,ETR
2019-06-05,97.83999633789062,100.76000213623047,97.70999908447266,100.23999786376953,87.59014129638672,2699900,ETR
2019-06-06,100.33999633789062,101.52999877929688,100.29000091552734,100.9800033569336,88.23674774169922,1691700,ETR
2019-06-07,101.9000015258789,102.43000030517578,100.52999877929688,100.5999984741211,87.90470886230469,1876000,ETR
2019-06-10,100.29000091552734,100.73999786376953,99.41999816894531,99.8499984741211,87.24934387207031,2335600,ETR
2019-06-11,99.5199966430664,100.02999877929688,98.86000061035156,99.5,86.94353485107422,1728100,ETR
2019-06-12,100.23999786376953,101.75,100.0,101.30999755859375,88.52510833740234,1628300,ETR
2019-06-13,101.38999938964844,101.83000183105469,100.52999877929688,101.0199966430664,88.27171325683594,1353500,ETR
2019-06-14,101.26000213623047,102.47000122070312,101.26000213623047,102.04000091552734,89.16299438476562,1429100,ETR
2019-06-17,102.22000122070312,102.77999877929688,101.11000061035156,101.76000213623047,88.91834259033203,2088200,ETR
2019-06-18,102.19000244140625,102.33000183105469,100.5999984741211,101.30000305175781,88.51637268066406,1038800,ETR
2019-06-19,100.80999755859375,102.8499984741211,100.80999755859375,102.4800033569336,89.54747772216797,1353400,ETR
2019-06-20,103.0,103.79000091552734,102.52999877929688,103.44000244140625,90.38630676269531,1763800,ETR
2019-06-21,103.5,104.41000366210938,102.62000274658203,104.26000213623047,91.10282897949219,2815300,ETR
2019-06-24,104.31999969482422,104.4800033569336,103.44000244140625,103.69000244140625,90.60476684570312,1264200,ETR
2019-06-25,103.47000122070312,103.8499984741211,102.98999786376953,103.23999786376953,90.2115478515625,1818500,ETR
2019-06-26,103.22000122070312,103.30999755859375,101.08999633789062,101.20999908447266,88.43772888183594,2325500,ETR
2019-06-27,101.4000015258789,102.06999969482422,100.87000274658203,101.66000366210938,88.83094024658203,1153700,ETR
2019-06-28,101.51000213623047,103.06999969482422,101.48999786376953,102.93000030517578,89.94068908691406,3015700,ETR
2019-07-01,102.80999755859375,102.93000030517578,101.12999725341797,102.0,89.12803649902344,2360700,ETR
2019-07-02,102.47000122070312,104.08999633789062,102.3499984741211,103.69000244140625,90.60476684570312,1863600,ETR
2019-07-03,103.79000091552734,105.13999938964844,103.79000091552734,104.54000091552734,91.34750366210938,1454500,ETR
2019-07-05,103.48999786376953,104.43000030517578,102.61000061035156,104.33999633789062,91.17272186279297,1159400,ETR
2019-07-08,104.45999908447266,104.88999938964844,103.68000030517578,104.37000274658203,91.19896697998047,1470400,ETR
2019-07-09,104.2699966430664,104.48999786376953,103.3499984741211,104.23999786376953,91.0853500366211,2149500,ETR
2019-07-10,104.66000366210938,105.55000305175781,104.16999816894531,104.66999816894531,91.46110534667969,1193400,ETR
2019-07-11,104.33000183105469,105.25,103.55000305175781,104.44999694824219,91.26885986328125,1317000,ETR
2019-07-12,104.70999908447266,104.70999908447266,103.4000015258789,103.87000274658203,90.7620620727539,1107700,ETR
2019-07-15,104.12999725341797,104.83999633789062,103.4000015258789,104.83999633789062,91.60963439941406,1612100,ETR
2019-07-16,104.69999694824219,104.98999786376953,103.95999908447266,104.87999725341797,91.64459228515625,1250800,ETR
2019-07-17,105.30000305175781,105.91999816894531,105.05000305175781,105.54000091552734,92.22129821777344,963000,ETR
2019-07-18,105.61000061035156,106.77999877929688,104.95999908447266,106.75,93.27860260009766,1059900,ETR
2019-07-19,106.62000274658203,107.3499984741211,105.58999633789062,105.5999984741211,92.27372741699219,1583400,ETR
2019-07-22,106.05999755859375,106.05999755859375,104.98999786376953,105.4000015258789,92.0989761352539,1343500,ETR
2019-07-23,105.41999816894531,105.55000305175781,104.66999816894531,104.86000061035156,91.62711334228516,1148800,ETR
2019-07-24,105.38999938964844,105.56999969482422,103.88999938964844,104.66000366210938,91.45235443115234,1141900,ETR
2019-07-25,104.29000091552734,104.80000305175781,103.47000122070312,104.0199966430664,90.89311218261719,1369800,ETR
2019-07-26,104.0,104.13999938964844,103.30999755859375,103.69000244140625,90.60476684570312,2150200,ETR
2019-07-29,104.0,104.95999908447266,103.68000030517578,104.94000244140625,91.69701385498047,1006600,ETR
2019-07-30,104.75,104.97000122070312,103.30000305175781,103.87999725341797,90.77079772949219,1031100,ETR
2019-07-31,104.9000015258789,106.06999969482422,104.61000061035156,105.62000274658203,92.29121398925781,3236100,ETR
2019-08-01,105.16000366210938,107.80999755859375,105.16000366210938,106.95999908447266,93.46210479736328,1681800,ETR
2019-08-02,107.0199966430664,107.54000091552734,106.19000244140625,106.72000122070312,93.25239562988281,1130800,ETR
2019-08-05,107.0,107.44999694824219,104.44999694824219,104.91000366210938,91.67080688476562,1236300,ETR
2019-08-06,104.9800033569336,106.94999694824219,103.91999816894531,106.55000305175781,93.10385131835938,1372300,ETR
2019-08-07,105.94999694824219,106.72000122070312,104.33999633789062,105.91999816894531,93.3506088256836,1295400,ETR
2019-08-08,105.83999633789062,107.52999877929688,105.47000122070312,107.04000091552734,94.33770751953125,901800,ETR
2019-08-09,107.20999908447266,107.95999908447266,106.93000030517578,107.43000030517578,94.68143463134766,1305600,ETR
2019-08-12,107.5,108.2300033569336,107.16999816894531,107.73999786376953,94.95465850830078,982800,ETR
2019-08-13,107.83000183105469,108.25,106.97000122070312,107.81999969482422,95.02513122558594,1028900,ETR
2019-08-14,108.12999725341797,108.52999877929688,106.5999984741211,107.0,94.30245208740234,955700,ETR
2019-08-15,107.0199966430664,109.4000015258789,104.95999908447266,109.0,96.06511688232422,1515700,ETR
2019-08-16,109.05999755859375,109.6500015258789,108.79000091552734,109.19000244140625,96.2325668334961,905200,ETR
2019-08-19,109.25,110.33999633789062,108.58000183105469,109.79000091552734,96.76136779785156,989500,ETR
2019-08-20,110.4000015258789,110.55999755859375,109.45999908447266,110.20999908447266,97.13153839111328,1312300,ETR
2019-08-21,110.16000366210938,111.68000030517578,109.94999694824219,111.66999816894531,98.41827392578125,996300,ETR
2019-08-22,111.68000030517578,111.77999877929688,110.55000305175781,111.30999755859375,98.10099792480469,1050600,ETR
2019-08-23,111.41000366210938,112.12000274658203,109.33000183105469,109.83999633789062,96.80542755126953,1299500,ETR
2019-08-26,110.04000091552734,111.55999755859375,110.04000091552734,111.54000091552734,98.30370330810547,833700,ETR
2019-08-27,112.04000091552734,112.58000183105469,111.58000183105469,112.0999984741211,98.79723358154297,918000,ETR
2019-08-28,112.33999633789062,112.5999984741211,111.5,112.31999969482422,98.99112701416016,946200,ETR
2019-08-29,112.77999877929688,113.19999694824219,111.95999908447266,113.0199966430664,99.60807037353516,758100,ETR
2019-08-30,113.26000213623047,113.45999908447266,112.38999938964844,112.83999633789062,99.44941711425781,890600,ETR
2019-09-03,113.08999633789062,115.30999755859375,112.8499984741211,115.18000030517578,101.5117416381836,2036600,ETR
2019-09-04,115.44000244140625,115.9000015258789,114.70999908447266,115.56999969482422,101.85546112060547,882800,ETR
2019-09-05,114.73999786376953,115.18000030517578,113.58999633789062,114.5,100.91244506835938,1788200,ETR
2019-09-06,114.13999938964844,114.63999938964844,113.41000366210938,113.55000305175781,100.07516479492188,1780700,ETR
2019-09-09,113.9000015258789,113.91999816894531,112.30000305175781,112.58999633789062,99.22909545898438,1414300,ETR
2019-09-10,112.30000305175781,112.31999969482422,111.0999984741211,112.25,98.929443359375,1433100,ETR
2019-09-11,112.25,113.19999694824219,111.66000366210938,112.91000366210938,99.51112365722656,1378200,ETR
2019-09-12,113.83000183105469,114.72000122070312,112.94000244140625,113.88999938964844,100.37483978271484,1066700,ETR
2019-09-13,113.2699966430664,114.11000061035156,112.72000122070312,113.5199966430664,100.04873657226562,1325100,ETR
2019-09-16,113.66999816894531,113.86000061035156,112.7699966430664,113.52999877929688,100.05754852294922,1030500,ETR
2019-09-17,114.0999984741211,115.19999694824219,113.95999908447266,114.45999908447266,100.87718200683594,1064800,ETR
2019-09-18,114.87000274658203,115.12999725341797,113.8499984741211,114.6500015258789,101.04464721679688,1037300,ETR
2019-09-19,115.25,115.27999877929688,114.44000244140625,115.08000183105469,101.42361450195312,1126700,ETR
2019-09-20,115.93000030517578,116.56999969482422,114.62999725341797,115.20999908447266,101.5381851196289,4099200,ETR
2019-09-23,115.30999755859375,115.83000183105469,114.69999694824219,115.62999725341797,101.9083480834961,1242500,ETR
2019-09-24,116.05999755859375,117.48999786376953,116.0199966430664,117.08999633789062,103.19508361816406,1452400,ETR
2019-09-25,116.87000274658203,117.18000030517578,116.12999725341797,116.87999725341797,103.010009765625,1189100,ETR
2019-09-26,117.19999694824219,118.0999984741211,116.94000244140625,117.55000305175781,103.60050964355469,1095200,ETR
2019-09-27,117.66999816894531,117.79000091552734,116.58999633789062,117.5,103.55643463134766,863000,ETR
2019-09-30,117.43000030517578,118.33999633789062,117.13999938964844,117.36000061035156,103.43303680419922,1134700,ETR
2019-10-01,117.04000091552734,117.38999938964844,116.38999938964844,117.31999969482422,103.39779663085938,755700,ETR
2019-10-02,117.27999877929688,117.69999694824219,116.0,116.44999694824219,102.63104248046875,1064500,ETR
2019-10-03,116.68000030517578,116.97000122070312,116.01000213623047,116.5,102.67509460449219,1224400,ETR
2019-10-04,116.7699966430664,118.86000061035156,116.41999816894531,118.7699966430664,104.67572021484375,1126400,ETR
2019-10-07,118.31999969482422,118.43000030517578,117.6500015258789,117.79000091552734,103.8120346069336,1096400,ETR
2019-10-08,117.98999786376953,118.52999877929688,117.23999786376953,117.62000274658203,103.66219329833984,1427100,ETR
2019-10-09,117.66000366210938,118.55000305175781,117.62000274658203,118.05999755859375,104.04998016357422,890200,ETR
2019-10-10,117.6500015258789,118.20999908447266,116.9000015258789,117.79000091552734,103.8120346069336,731400,ETR
2019-10-11,117.7300033569336,118.0199966430664,116.77999877929688,117.2300033569336,103.31847381591797,794500,ETR
2019-10-14,117.5,117.86000061035156,116.2699966430664,116.61000061035156,102.77206420898438,776300,ETR
2019-10-15,116.61000061035156,117.11000061035156,115.51000213623047,115.55000305175781,101.83783721923828,966200,ETR
2019-10-16,115.47000122070312,116.05999755859375,114.83999633789062,116.04000091552734,102.26968383789062,1459900,ETR
2019-10-17,118.55999755859375,119.16999816894531,116.58999633789062,117.27999877929688,103.36253356933594,2888400,ETR
2019-10-18,116.98999786376953,118.43000030517578,116.83999633789062,118.1500015258789,104.12930297851562,1524400,ETR
2019-10-21,117.93000030517578,119.16000366210938,117.91000366210938,119.0199966430664,104.89606475830078,1326100,ETR
2019-10-22,119.29000091552734,119.8499984741211,119.01000213623047,119.41000366210938,105.23978424072266,1222700,ETR
2019-10-23,119.68000030517578,120.69000244140625,119.43000030517578,120.6500015258789,106.33262634277344,1878000,ETR
2019-10-24,120.5199966430664,121.44999694824219,120.5199966430664,121.25,106.8614273071289,994200,ETR
2019-10-25,121.41000366210938,121.41000366210938,119.73999786376953,120.2699966430664,105.99772644042969,1526200,ETR
2019-10-28,119.58000183105469,119.98999786376953,117.97000122070312,118.12000274658203,104.10286712646484,2920100,ETR
2019-10-29,118.5,119.04000091552734,118.0199966430664,119.04000091552734,104.9136962890625,1542100,ETR
2019-10-30,118.94999694824219,121.62000274658203,118.26000213623047,121.55999755859375,107.13462829589844,1717500,ETR
2019-10-31,121.44000244140625,121.75,120.5199966430664,121.4800033569336,107.06414031982422,1577200,ETR
2019-11-01,121.5999984741211,122.08999633789062,119.45999908447266,119.66000366210938,105.4601058959961,1728000,ETR
2019-11-04,119.52999877929688,119.66000366210938,118.04000091552734,118.58999633789062,104.51708221435547,1801100,ETR
2019-11-05,117.9800033569336,118.55999755859375,116.52999877929688,116.58000183105469,102.74559020996094,1755100,ETR
2019-11-06,115.97000122070312,116.55000305175781,115.62999725341797,116.3499984741211,103.36750793457031,1918600,ETR
2019-11-07,115.87999725341797,116.12000274658203,113.83999633789062,114.7300033569336,101.92826080322266,2173900,ETR
2019-11-08,114.58999633789062,115.05000305175781,113.62000274658203,114.9000015258789,102.07928466796875,1395200,ETR
2019-11-11,114.97000122070312,115.30000305175781,113.95999908447266,114.08999633789062,101.35968017578125,1203600,ETR
2019-11-12,114.30999755859375,114.98999786376953,113.8499984741211,114.86000061035156,102.04375457763672,1463100,ETR
2019-11-13,115.33999633789062,117.6500015258789,115.33999633789062,117.5199966430664,104.40695190429688,2318300,ETR
2019-11-14,117.66999816894531,118.36000061035156,116.77999877929688,116.88999938964844,103.84725189208984,1215200,ETR
2019-11-15,116.91999816894531,117.0,115.77999877929688,116.70999908447266,103.68732452392578,1308300,ETR
2019-11-18,117.0,118.11000061035156,116.70999908447266,116.88999938964844,103.84725189208984,1139500,ETR
2019-11-19,116.58999633789062,117.05000305175781,115.6500015258789,116.19000244140625,103.2253646850586,1116200,ETR
2019-11-20,116.37999725341797,117.0999984741211,116.0,117.05999755859375,103.99828338623047,1131900,ETR
2019-11-21,116.94000244140625,117.3499984741211,115.30999755859375,115.9000015258789,102.96774291992188,1995200,ETR
2019-11-22,116.2300033569336,116.47000122070312,115.25,115.72000122070312,102.80780792236328,1223200,ETR
2019-11-25,115.7300033569336,116.43000030517578,115.2300033569336,115.37999725341797,102.50572967529297,1171900,ETR
2019-11-26,115.5199966430664,116.5,115.18000030517578,116.47000122070312,103.47411346435547,2332300,ETR
2019-11-27,116.55000305175781,117.16000366210938,116.16000366210938,116.91999816894531,103.87390899658203,746700,ETR
2019-11-29,116.81999969482422,117.30999755859375,115.94000244140625,116.38999938964844,103.40304565429688,750400,ETR
2019-12-02,115.94999694824219,116.2699966430664,115.05000305175781,115.9800033569336,103.03878784179688,1813100,ETR
2019-12-03,116.80000305175781,117.69999694824219,116.22000122070312,116.91999816894531,103.87390899658203,1537900,ETR
2019-12-04,116.70999908447266,118.58000183105469,116.70999908447266,118.11000061035156,104.93110656738281,1560100,ETR
2019-12-05,117.91999816894531,118.5,117.58999633789062,118.41999816894531,105.20653533935547,1059400,ETR
2019-12-06,118.02999877929688,118.72000122070312,117.69000244140625,118.08999633789062,104.91334533691406,869400,ETR
2019-12-09,118.48999786376953,118.48999786376953,117.45999908447266,118.18000030517578,104.9933090209961,1445200,ETR
2019-12-10,118.18000030517578,118.33000183105469,117.31999969482422,117.66999816894531,104.54020690917969,1080400,ETR
2019-12-11,117.87000274658203,118.55000305175781,117.6500015258789,118.18000030517578,104.9933090209961,1636600,ETR
2019-12-12,117.94999694824219,118.1500015258789,116.4800033569336,116.91999816894531,103.87390899658203,1861300,ETR
2019-12-13,116.7699966430664,118.33999633789062,115.72000122070312,118.30000305175781,105.09992980957031,1944600,ETR
2019-12-16,117.5999984741211,119.12000274658203,117.18000030517578,119.12000274658203,105.82843017578125,2597500,ETR
2019-12-17,119.25,120.31999969482422,118.56999969482422,118.81999969482422,105.56189727783203,1729300,ETR
2019-12-18,119.0199966430664,119.77999877929688,118.26000213623047,119.66000366210938,106.30816650390625,2033900,ETR
2019-12-19,119.41999816894531,120.02999877929688,119.01000213623047,119.51000213623047,106.17491149902344,927300,ETR
2019-12-20,119.88999938964844,120.3499984741211,119.05999755859375,120.16999816894531,106.7612533569336,3620300,ETR
2019-12-23,120.05000305175781,120.3499984741211,118.31999969482422,118.56999969482422,105.33978271484375,2268400,ETR
2019-12-24,119.12000274658203,119.66000366210938,118.5999984741211,119.44000244140625,106.11272430419922,667900,ETR
2019-12-26,119.30999755859375,119.80999755859375,118.88999938964844,119.5199966430664,106.18379974365234,1339300,ETR
2019-12-27,119.5199966430664,119.88999938964844,119.18000030517578,119.86000061035156,106.48585510253906,637300,ETR
2019-12-30,119.37000274658203,119.56999969482422,118.75,119.27999877929688,105.97056579589844,722100,ETR
2019-12-31,119.33999633789062,119.8499984741211,118.97000122070312,119.80000305175781,106.43255615234375,1045400,ETR
2020-01-02,119.83000183105469,119.83000183105469,117.45999908447266,117.93000030517578,104.77120208740234,1453100,ETR
2020-01-03,117.70999908447266,118.83999633789062,117.41000366210938,118.7300033569336,105.48194885253906,1422900,ETR
2020-01-06,118.98999786376953,119.88999938964844,118.5999984741211,119.1500015258789,105.8550796508789,1527900,ETR
2020-01-07,118.62999725341797,119.58999633789062,118.30000305175781,119.12999725341797,105.83731079101562,1018900,ETR
2020-01-08,119.55999755859375,119.58999633789062,118.69000244140625,118.95999908447266,105.68628692626953,867500,ETR
2020-01-09,118.86000061035156,120.29000091552734,118.55999755859375,120.26000213623047,106.84123229980469,819600,ETR
2020-01-10,120.58000183105469,121.23999786376953,120.37999725341797,120.61000061035156,107.15216827392578,1058100,ETR
2020-01-13,120.58999633789062,122.18000030517578,120.58999633789062,121.5199966430664,107.96062469482422,1917500,ETR
2020-01-14,121.44000244140625,121.87999725341797,120.62999725341797,121.58000183105469,108.01394653320312,1127500,ETR
2020-01-15,122.05000305175781,123.91999816894531,121.83000183105469,123.73999786376953,109.93292236328125,1235400,ETR
2020-01-16,123.83999633789062,124.98999786376953,123.7300033569336,124.94999694824219,111.00789642333984,1130000,ETR
2020-01-17,125.08999633789062,126.43000030517578,124.91999816894531,126.30999755859375,112.21615600585938,1054100,ETR
2020-01-21,126.44000244140625,127.43000030517578,125.98999786376953,127.36000061035156,113.14898681640625,1110800,ETR
2020-01-22,128.0,128.47999572753906,127.41999816894531,127.88999938964844,113.6198501586914,895900,ETR
2020-01-23,127.9000015258789,130.02999877929688,127.56999969482422,129.9499969482422,115.44999694824219,1278300,ETR
2020-01-24,129.8000030517578,131.19000244140625,129.77999877929688,130.72999572753906,116.1429672241211,875000,ETR
2020-01-27,130.6699981689453,131.49000549316406,129.0800018310547,129.5500030517578,115.09463500976562,1134900,ETR
2020-01-28,129.6300048828125,130.25999450683594,128.7100067138672,129.99000549316406,115.48554992675781,1165400,ETR
2020-01-29,130.1300048828125,130.75,129.4199981689453,130.5500030517578,115.98303985595703,885300,ETR
2020-01-30,130.5,131.7899932861328,130.02000427246094,131.72000122070312,117.02249145507812,769700,ETR
2020-01-31,131.6999969482422,132.02000427246094,130.6699981689453,131.52000427246094,116.84481048583984,2408300,ETR
2020-02-03,131.91000366210938,132.38999938964844,131.4499969482422,132.19000244140625,117.4400634765625,834400,ETR
2020-02-04,132.13999938964844,132.8800048828125,130.4199981689453,130.55999755859375,115.99195098876953,953600,ETR
2020-02-05,130.3699951171875,131.5,130.0800018310547,130.55999755859375,115.99195098876953,1361300,ETR
2020-02-06,130.6300048828125,131.67999267578125,130.6199951171875,131.41000366210938,116.7470932006836,1127300,ETR
2020-02-07,131.8000030517578,132.57000732421875,131.6999969482422,131.94000244140625,117.21794128417969,1371600,ETR
2020-02-10,132.13999938964844,132.92999267578125,131.6999969482422,132.88999938964844,118.06195068359375,696700,ETR
2020-02-11,133.07000732421875,133.8300018310547,132.5800018310547,132.88999938964844,118.06195068359375,1035300,ETR
2020-02-12,131.27999877929688,132.19000244140625,130.55999755859375,131.55999755859375,117.70405578613281,915700,ETR
2020-02-13,131.6699981689453,133.5,131.17999267578125,133.24000549316406,119.20714569091797,738500,ETR
2020-02-14,133.63999938964844,134.49000549316406,133.0800018310547,134.1300048828125,120.00340270996094,1639000,ETR
2020-02-18,134.7100067138672,135.4600067138672,133.85000610351562,134.77999877929688,120.58494567871094,1455200,ETR
2020-02-19,135.0,135.5500030517578,132.89999389648438,133.08999633789062,119.07293701171875,1633100,ETR
2020-02-20,133.02000427246094,133.0800018310547,130.83999633789062,131.4499969482422,117.60565948486328,1933700,ETR
2020-02-21,131.3699951171875,132.08999633789062,129.77999877929688,129.9600067138672,116.27259063720703,2846300,ETR
2020-02-24,129.77000427246094,131.0800018310547,129.27000427246094,129.74000549316406,116.07576751708984,1559600,ETR
2020-02-25,129.83999633789062,130.0,125.79000091552734,126.30000305175781,112.99805450439453,1599200,ETR
2020-02-26,126.26000213623047,127.22000122070312,125.5999984741211,125.6500015258789,112.41651916503906,1529900,ETR
2020-02-27,125.29000091552734,125.48999786376953,120.69000244140625,120.80000305175781,108.07732391357422,2554300,ETR
2020-02-28,118.77999877929688,118.77999877929688,113.88999938964844,116.91000366210938,104.59700775146484,2735500,ETR
2020-03-02,117.4000015258789,124.37999725341797,116.9000015258789,124.12000274658203,111.04765319824219,1957000,ETR
2020-03-03,124.4800033569336,126.73999786376953,121.08999633789062,121.88999938964844,109.05252075195312,1980000,ETR
2020-03-04,123.61000061035156,128.75,123.61000061035156,128.36000061035156,114.8410873413086,1506000,ETR
2020-03-05,126.05000305175781,128.16000366210938,124.43000030517578,127.45999908447266,114.03587341308594,2200000,ETR
2020-03-06,123.95999908447266,125.0,120.44999694824219,124.27999877929688,111.19080352783203,1877600,ETR
2020-03-09,118.18000030517578,118.91999816894531,114.01000213623047,115.4000015258789,103.24604797363281,3271700,ETR
2020-03-10,117.36000061035156,119.56999969482422,113.66000366210938,119.29000091552734,106.72634887695312,2819900,ETR
2020-03-11,116.36000061035156,116.61000061035156,109.52999877929688,111.62000274658203,99.8641586303711,1765400,ETR
2020-03-12,105.44000244140625,107.43000030517578,98.44999694824219,101.63999938964844,90.93525695800781,2872200,ETR
2020-03-13,106.63999938964844,107.27999877929688,96.62000274658203,102.93000030517578,92.08938598632812,2675200,ETR
2020-03-16,94.58000183105469,96.04000091552734,85.83999633789062,86.73999786376953,77.60452270507812,3435000,ETR
2020-03-17,88.70999908447266,99.8499984741211,87.38999938964844,99.62000274658203,89.12800598144531,3471000,ETR
2020-03-18,93.69999694824219,95.43000030517578,79.51000213623047,86.41000366210938,77.30928039550781,4108800,ETR
2020-03-19,85.5999984741211,88.16000366210938,77.58999633789062,84.05000305175781,75.19783782958984,2802100,ETR
2020-03-20,85.72000122070312,89.58000183105469,79.06999969482422,79.98999786376953,71.56543731689453,2493800,ETR
2020-03-23,78.95999908447266,82.5,75.19000244140625,78.18000030517578,69.94605255126953,2180200,ETR
2020-03-24,81.61000061035156,87.25,79.5999984741211,86.33000183105469,77.23771667480469,1860500,ETR
2020-03-25,86.05999755859375,92.98999786376953,83.7699966430664,88.95999908447266,79.59071350097656,1922000,ETR
2020-03-26,89.62999725341797,98.06999969482422,89.12000274658203,96.70999908447266,86.52449035644531,1672700,ETR
2020-03-27,92.76000213623047,100.5999984741211,92.4000015258789,97.33999633789062,87.08811950683594,1835600,ETR
2020-03-30,98.37000274658203,101.19000244140625,95.31999969482422,100.06999969482422,89.53059387207031,1826000,ETR
2020-03-31,98.70999908447266,100.04000091552734,93.30999755859375,93.97000122070312,84.07305145263672,2620300,ETR
2020-04-01,89.97000122070312,91.69999694824219,84.1500015258789,85.58000183105469,76.56670379638672,1530500,ETR
2020-04-02,83.44999694824219,89.6500015258789,82.80999755859375,88.19999694824219,78.91075897216797,2065000,ETR
2020-04-03,87.19999694824219,89.16000366210938,82.94000244140625,83.37999725341797,74.598388671875,2375900,ETR
2020-04-06,87.41000366210938,93.98999786376953,86.16999816894531,93.0,83.20521545410156,1300200,ETR
2020-04-07,96.0999984741211,96.66999816894531,92.63999938964844,93.6500015258789,83.7867660522461,1360300,ETR
2020-04-08,93.81999969482422,101.56999969482422,93.81999969482422,100.5199966430664,89.93321228027344,1430000,ETR
2020-04-09,102.08000183105469,107.22000122070312,101.62999725341797,102.91000366210938,92.07149505615234,1497400,ETR
2020-04-13,101.66000366210938,101.66000366210938,97.13999938964844,97.88999938964844,87.5802001953125,1762900,ETR
2020-04-14,99.91000366210938,101.30000305175781,98.80999755859375,100.66000366210938,90.0584716796875,1104600,ETR
2020-04-15,97.81999969482422,99.1500015258789,96.86000061035156,97.30999755859375,87.061279296875,1414600,ETR
2020-04-16,97.55999755859375,98.20999908447266,95.44000244140625,97.16000366210938,86.92707061767578,1727100,ETR
2020-04-17,99.01000213623047,101.77999877929688,98.16000366210938,101.2699966430664,90.60421752929688,1320900,ETR
2020-04-20,99.83000183105469,100.0999984741211,95.83000183105469,96.44999694824219,86.29185485839844,1220800,ETR
2020-04-21,94.70999908447266,96.12999725341797,93.29000091552734,94.66000366210938,84.69039154052734,1257500,ETR
2020-04-22,96.55000305175781,100.16000366210938,95.33000183105469,99.4800033569336,89.00273895263672,1771900,ETR
2020-04-23,99.41000366210938,100.33999633789062,96.83000183105469,96.97000122070312,86.7571029663086,1179700,ETR
2020-04-24,97.08999633789062,98.16000366210938,95.68000030517578,97.52999877929688,87.25811767578125,1538100,ETR
2020-04-27,99.75,102.36000061035156,99.43000030517578,101.30999755859375,90.64000701904297,1905800,ETR
2020-04-28,103.55000305175781,104.95999908447266,99.06999969482422,99.66999816894531,89.1727294921875,1135600,ETR
2020-04-29,101.76000213623047,101.76000213623047,98.20999908447266,98.37999725341797,88.01858520507812,986700,ETR
2020-04-30,97.93000030517578,98.0,93.97000122070312,95.51000213623047,85.45086669921875,1497500,ETR
2020-05-01,94.55999755859375,94.55999755859375,92.0999984741211,93.56999969482422,83.71519470214844,987500,ETR
2020-05-04,93.37000274658203,96.0199966430664,92.26000213623047,95.41999816894531,85.37034606933594,1222000,ETR
2020-05-05,95.0,99.61000061035156,95.0,96.75,86.56027221679688,1353600,ETR
2020-05-06,96.25,96.4800033569336,92.23999786376953,92.66999816894531,83.71467590332031,1038800,ETR
2020-05-07,93.4800033569336,94.98999786376953,92.62000274658203,92.7699966430664,83.80500793457031,1185300,ETR
2020-05-08,94.01000213623047,95.66000366210938,92.91999816894531,95.01000213623047,85.82854461669922,1627000,ETR
2020-05-11,96.7699966430664,97.16999816894531,93.72000122070312,96.22000122070312,86.92161560058594,2678800,ETR
2020-05-12,96.23999786376953,96.72000122070312,94.66999816894531,96.0,86.7228775024414,2433200,ETR
2020-05-13,95.29000091552734,96.0,93.30000305175781,94.11000061035156,85.0155258178711,2299600,ETR
2020-05-14,92.94000244140625,95.18000030517578,90.98999786376953,94.94000244140625,85.76531982421875,1573900,ETR
2020-05-15,94.44999694824219,95.47000122070312,92.5,94.9800033569336,85.80144500732422,2871200,ETR
2020-05-18,97.68000030517578,100.45999908447266,97.51000213623047,99.41999816894531,89.81237030029297,1264300,ETR
2020-05-19,98.94000244140625,99.31999969482422,96.55999755859375,96.55999755859375,87.228759765625,842000,ETR
2020-05-20,97.56999969482422,98.52999877929688,96.86000061035156,97.58999633789062,88.15922546386719,751400,ETR
2020-05-21,97.51000213623047,98.31999969482422,97.19999694824219,97.62999725341797,88.19535827636719,1129200,ETR
2020-05-22,97.55000305175781,98.23999786376953,97.05999755859375,97.95999908447266,88.49346160888672,955500,ETR
2020-05-26,100.29000091552734,101.25,99.52999877929688,99.73999786376953,90.10144805908203,1121000,ETR
2020-05-27,101.33000183105469,101.4800033569336,98.2699966430664,99.47000122070312,89.85753631591797,812000,ETR
2020-05-28,100.94999694824219,103.37999725341797,100.41000366210938,103.06999969482422,93.10965728759766,1201900,ETR
2020-05-29,102.75,103.12000274658203,100.97000122070312,101.81999969482422,91.9804458618164,1820300,ETR
2020-06-01,101.62000274658203,103.80000305175781,101.25,102.68000030517578,92.75733184814453,943200,ETR
2020-06-02,102.72000122070312,103.58000183105469,101.4800033569336,103.52999877929688,93.52519989013672,1178700,ETR
2020-06-03,104.11000061035156,105.27999877929688,103.62999725341797,104.04000091552734,93.98590850830078,972500,ETR
2020-06-04,103.38999938964844,103.69999694824219,100.05000305175781,101.2300033569336,91.44747161865234,1039000,ETR
2020-06-05,103.81999969482422,106.4800033569336,103.08999633789062,103.7300033569336,93.70587158203125,1058700,ETR
2020-06-08,103.80000305175781,106.30000305175781,103.12000274658203,105.88999938964844,95.65713500976562,1133000,ETR
2020-06-09,104.48999786376953,104.54000091552734,102.5199966430664,103.33999633789062,93.35356140136719,1001400,ETR
2020-06-10,103.80999755859375,104.2699966430664,101.77999877929688,102.19000244140625,92.31468963623047,1092900,ETR
2020-06-11,100.01000213623047,100.08000183105469,95.98999786376953,96.7699966430664,87.41844940185547,1499200,ETR
2020-06-12,98.75,98.81999969482422,94.7300033569336,96.41999816894531,87.1022720336914,1690000,ETR
2020-06-15,94.33999633789062,97.62999725341797,93.2699966430664,97.19000244140625,87.7978744506836,1421600,ETR
2020-06-16,100.05999755859375,100.6500015258789,97.08000183105469,97.91999816894531,88.45732879638672,1132200,ETR
2020-06-17,98.83999633789062,99.0199966430664,95.83000183105469,97.06999969482422,87.6894760131836,1101100,ETR
2020-06-18,96.4800033569336,97.66000366210938,95.58999633789062,97.5,88.07791137695312,1212500,ETR
2020-06-19,99.05999755859375,99.05999755859375,94.20999908447266,94.5199966430664,85.38589477539062,4296200,ETR
2020-06-22,94.3499984741211,97.55000305175781,93.48999786376953,96.97000122070312,87.59913635253906,1621400,ETR
2020-06-23,97.9000015258789,97.9800033569336,94.95999908447266,95.0,85.81949615478516,1709500,ETR
2020-06-24,94.05999755859375,94.4000015258789,91.91999816894531,93.51000213623047,84.47349548339844,1216200,ETR
2020-06-25,93.4000015258789,93.4000015258789,91.0999984741211,92.36000061035156,83.43463134765625,1583600,ETR
2020-06-26,92.36000061035156,93.9800033569336,91.08000183105469,91.66000366210938,82.80227661132812,1973200,ETR
2020-06-29,92.44999694824219,93.79000091552734,91.04000091552734,93.7699966430664,84.70836639404297,823100,ETR
2020-06-30,93.83999633789062,94.63999938964844,93.08000183105469,93.80999755859375,84.74451446533203,1060200,ETR
2020-07-01,93.7699966430664,97.1500015258789,93.73999786376953,96.72000122070312,87.37329864501953,932800,ETR
2020-07-02,97.91000366210938,98.66999816894531,96.51000213623047,96.86000061035156,87.499755859375,877300,ETR
2020-07-06,97.83999633789062,98.69999694824219,95.0999984741211,96.4000015258789,87.0842056274414,643900,ETR
2020-07-07,95.51000213623047,96.51000213623047,94.94999694824219,95.8499984741211,86.58737182617188,928700,ETR
2020-07-08,95.87000274658203,97.30000305175781,95.2699966430664,96.9000015258789,87.53590393066406,1316100,ETR
2020-07-09,97.19999694824219,97.19999694824219,93.80000305175781,96.44999694824219,87.12937927246094,1372900,ETR
2020-07-10,96.0999984741211,98.33000183105469,96.0999984741211,98.1500015258789,88.66510772705078,787800,ETR
2020-07-13,98.19999694824219,98.5999984741211,95.83999633789062,96.33999633789062,87.03001403808594,1314600,ETR
2020-07-14,96.4000015258789,98.27999877929688,96.33000183105469,97.62999725341797,88.19535827636719,1345900,ETR
2020-07-15,99.05999755859375,99.2699966430664,96.01000213623047,96.23999786376953,86.93968200683594,1584000,ETR
2020-07-16,96.51000213623047,98.6500015258789,96.0999984741211,98.33000183105469,88.82770538330078,1084400,ETR
2020-07-17,99.05999755859375,100.54000091552734,98.58000183105469,100.44000244140625,90.73381042480469,899600,ETR
2020-07-20,100.0,100.22000122070312,98.12000274658203,98.38999938964844,88.88191223144531,744400,ETR
2020-07-21,100.19000244140625,100.37999725341797,98.70999908447266,99.55000305175781,89.92981719970703,1162700,ETR
2020-07-22,99.30000305175781,103.83000183105469,98.43000030517578,103.12999725341797,93.16385650634766,2140300,ETR
2020-07-23,103.22000122070312,104.95999908447266,102.66000366210938,104.0199966430664,93.96782684326172,1085800,ETR
2020-07-24,104.18000030517578,104.97000122070312,101.94999694824219,102.66000366210938,92.73927307128906,884400,ETR
2020-07-27,102.41000366210938,102.41000366210938,100.75,101.7300033569336,91.89915466308594,740300,ETR
2020-07-28,101.25,103.41000366210938,101.25,102.66999816894531,92.74830627441406,965700,ETR
2020-07-29,103.48999786376953,105.41000366210938,102.44000244140625,104.12999725341797,94.06720733642578,1447900,ETR
2020-07-30,103.0999984741211,104.87000274658203,102.5999984741211,104.63999938964844,94.5279312133789,967800,ETR
2020-07-31,104.04000091552734,105.2699966430664,103.70999908447266,105.12999725341797,94.97057342529297,1686100,ETR
2020-08-03,105.12999725341797,105.30000305175781,102.25,102.62000274658203,92.70314025878906,940500,ETR
2020-08-04,102.5,104.0999984741211,102.19000244140625,103.16000366210938,93.19095611572266,724000,ETR
2020-08-05,103.4000015258789,103.5,100.33000183105469,100.36000061035156,90.66153717041016,1164700,ETR
2020-08-06,100.2699966430664,102.33999633789062,100.0,102.29000091552734,92.405029296875,887400,ETR
2020-08-07,102.02999877929688,104.80000305175781,102.02999877929688,104.66999816894531,94.5550308227539,850600,ETR
2020-08-10,105.13999938964844,105.95999908447266,104.51000213623047,105.69999694824219,95.48548889160156,739700,ETR
2020-08-11,105.87999725341797,106.55000305175781,101.72000122070312,102.11000061035156,92.24242401123047,1534900,ETR
2020-08-12,101.62999725341797,103.0,100.91000366210938,101.6500015258789,92.67091369628906,1154500,ETR
2020-08-13,101.19000244140625,101.88999938964844,100.5,101.7300033569336,92.74385070800781,616800,ETR
2020-08-14,101.52999877929688,102.16000366210938,100.20999908447266,100.93000030517578,92.01449584960938,721000,ETR
2020-08-17,100.95999908447266,102.05000305175781,100.29000091552734,100.5999984741211,91.71365356445312,1091200,ETR
2020-08-18,100.7300033569336,101.01000213623047,98.93000030517578,100.0999984741211,91.25782012939453,783900,ETR
2020-08-19,100.23999786376953,100.5199966430664,98.91999816894531,98.98999786376953,90.24586486816406,612200,ETR
2020-08-20,98.44000244140625,98.9000015258789,96.91999816894531,97.70999908447266,89.07892608642578,866700,ETR
2020-08-21,98.12999725341797,98.23999786376953,96.7699966430664,98.12999725341797,89.46183776855469,921800,ETR
2020-08-24,98.5,98.8499984741211,97.16999816894531,98.63999938964844,89.92678833007812,753000,ETR
2020-08-25,99.05999755859375,99.05999755859375,97.41999816894531,97.81999969482422,89.17922973632812,793800,ETR
2020-08-26,97.26000213623047,97.3499984741211,96.18000030517578,96.25,87.74790954589844,1157200,ETR
2020-08-27,96.70999908447266,97.52999877929688,95.55999755859375,97.26000213623047,88.668701171875,1165600,ETR
2020-08-28,97.45999908447266,99.11000061035156,96.80999755859375,98.95999908447266,90.2185287475586,1196500,ETR
2020-08-31,98.63999938964844,99.62999725341797,98.41000366210938,99.13999938964844,90.38262939453125,1196100,ETR
2020-09-01,98.94999694824219,98.95999908447266,97.01000213623047,97.69000244140625,89.06070709228516,904800,ETR
2020-09-02,97.72000122070312,101.08999633789062,97.30999755859375,100.4800033569336,91.60426330566406,864300,ETR
2020-09-03,100.91000366210938,101.5,96.9800033569336,98.0,89.34333038330078,1681500,ETR
2020-09-04,98.55000305175781,98.72000122070312,96.79000091552734,97.9000015258789,89.25215148925781,987500,ETR
2020-09-08,97.79000091552734,98.55999755859375,96.05000305175781,97.94999694824219,89.29772186279297,1261000,ETR
2020-09-09,98.3499984741211,99.87000274658203,98.2699966430664,98.37000274658203,89.6806411743164,850000,ETR
2020-09-10,98.02999877929688,98.51000213623047,95.76000213623047,95.8499984741211,87.38323974609375,1005400,ETR
2020-09-11,95.94999694824219,95.94999694824219,94.66999816894531,95.44999694824219,87.01856994628906,1486700,ETR
2020-09-14,96.08000183105469,97.41999816894531,95.9000015258789,96.72000122070312,88.17638397216797,749400,ETR
2020-09-15,97.37999725341797,98.4800033569336,96.02999877929688,96.54000091552734,88.01229858398438,853400,ETR
2020-09-16,96.30000305175781,97.62000274658203,96.12000274658203,96.83999633789062,88.28578186035156,1078800,ETR
2020-09-17,96.0999984741211,97.7699966430664,95.08000183105469,97.62999725341797,89.0060043334961,1360200,ETR
2020-09-18,97.43000030517578,97.88999938964844,95.33999633789062,95.43000030517578,87.0003433227539,1700600,ETR
2020-09-21,94.52999877929688,95.97000122070312,93.29000091552734,94.83000183105469,86.45333862304688,1387200,ETR
2020-09-22,94.81999969482422,97.87000274658203,94.55999755859375,97.27999877929688,88.68692779541016,1573500,ETR
2020-09-23,97.33999633789062,97.66000366210938,95.08000183105469,95.16999816894531,86.76331329345703,1282300,ETR
2020-09-24,94.87999725341797,96.2699966430664,93.63999938964844,95.77999877929688,87.31940460205078,1088800,ETR
2020-09-25,95.37999725341797,97.04000091552734,95.02999877929688,96.9800033569336,88.41342163085938,801200,ETR
2020-09-28,97.5999984741211,98.0199966430664,96.54000091552734,96.68000030517578,88.13992309570312,940000,ETR
2020-09-29,96.94999694824219,97.27999877929688,95.1500015258789,95.77999877929688,87.31940460205078,825600,ETR
2020-09-30,96.5999984741211,98.94999694824219,96.51000213623047,98.52999877929688,89.82650756835938,1651400,ETR
2020-10-01,98.81999969482422,101.3499984741211,98.66999816894531,101.27999877929688,92.33358001708984,1634900,ETR
2020-10-02,100.5,104.22000122070312,100.16999816894531,103.6500015258789,94.49423217773438,2321000,ETR
2020-10-05,103.41999816894531,105.05999755859375,102.33999633789062,104.80999755859375,95.55177307128906,1145200,ETR
2020-10-06,105.25,107.86000061035156,104.6500015258789,106.05000305175781,96.68224334716797,1541100,ETR
2020-10-07,106.9000015258789,107.0,104.25,104.69999694824219,95.45149230957031,1572600,ETR
2020-10-08,105.11000061035156,107.37999725341797,104.93000030517578,107.20999908447266,97.7397689819336,885900,ETR
2020-10-09,107.30000305175781,107.36000061035156,105.13999938964844,105.8499984741211,96.4999008178711,948000,ETR
2020-10-12,105.97000122070312,106.7300033569336,105.41000366210938,106.19999694824219,96.81898498535156,1186100,ETR
2020-10-13,105.44999694824219,106.8499984741211,105.08999633789062,106.4800033569336,97.07424926757812,1312500,ETR
2020-10-14,106.54000091552734,107.37000274658203,104.83000183105469,105.76000213623047,96.41785430908203,1103800,ETR
2020-10-15,104.75,106.2699966430664,104.2699966430664,105.31999969482422,96.0167236328125,844900,ETR
2020-10-16,105.43000030517578,107.05999755859375,104.80000305175781,106.66999816894531,97.2474594116211,1107000,ETR
2020-10-19,106.33000183105469,107.33000183105469,105.12000274658203,105.33999633789062,96.03495025634766,1162900,ETR
2020-10-20,105.91999816894531,106.9800033569336,105.16999816894531,106.22000122070312,96.83722686767578,1131200,ETR
2020-10-21,105.72000122070312,108.20999908447266,105.70999908447266,106.86000061035156,97.42068481445312,1186500,ETR
2020-10-22,107.01000213623047,108.33999633789062,106.05000305175781,108.04000091552734,98.49645233154297,983300,ETR
2020-10-23,108.75,109.45999908447266,107.80999755859375,108.94999694824219,99.3260726928711,1124100,ETR
2020-10-26,107.88999938964844,109.3499984741211,107.3499984741211,109.01000213623047,99.38078308105469,1092900,ETR
2020-10-27,108.73999786376953,109.2300033569336,107.0,107.55999755859375,98.0588607788086,1180200,ETR
2020-10-28,105.87999725341797,107.2699966430664,102.58999633789062,102.80999755859375,93.72843933105469,1863300,ETR
2020-10-29,102.33999633789062,102.7300033569336,100.76000213623047,101.4800033569336,92.51592254638672,1517300,ETR
2020-10-30,101.12000274658203,101.81999969482422,99.05999755859375,101.22000122070312,92.27890014648438,1511600,ETR
2020-11-02,102.77999877929688,105.52999877929688,101.30999755859375,105.33999633789062,96.03495025634766,1169900,ETR
2020-11-03,106.76000213623047,108.91999816894531,106.05999755859375,108.19000244140625,98.63320922851562,1943300,ETR
2020-11-04,107.3499984741211,109.0999984741211,105.51000213623047,105.75,96.40874481201172,992300,ETR
2020-11-05,106.5199966430664,108.58999633789062,106.4800033569336,106.81999969482422,97.38421630859375,725900,ETR
2020-11-06,106.62999725341797,107.55999755859375,104.5199966430664,104.91000366210938,95.64293670654297,790400,ETR
2020-11-09,109.7300033569336,112.70999908447266,108.94000244140625,109.1500015258789,99.5083999633789,1073800,ETR
2020-11-10,108.68000030517578,110.27999877929688,108.1500015258789,109.2300033569336,100.4556655883789,947800,ETR
2020-11-11,109.80999755859375,110.12999725341797,108.37000274658203,109.83000183105469,101.0074691772461,909100,ETR
2020-11-12,109.08000183105469,109.63999938964844,106.86000061035156,107.75,99.09455108642578,912200,ETR
2020-11-13,108.1500015258789,109.66999816894531,108.1500015258789,109.18000030517578,100.40968322753906,1229800,ETR
2020-11-16,112.08999633789062,112.87000274658203,110.2699966430664,112.7699966430664,103.71129608154297,1275300,ETR
2020-11-17,112.2699966430664,113.11000061035156,111.69000244140625,111.95999908447266,102.96635437011719,1239800,ETR
2020-11-18,112.61000061035156,113.36000061035156,110.0999984741211,110.19000244140625,101.33855438232422,1323000,ETR
2020-11-19,110.22000122070312,110.22000122070312,108.36000061035156,108.97000122070312,100.21654510498047,1049000,ETR
2020-11-20,108.86000061035156,109.88999938964844,108.37000274658203,108.9800033569336,100.22573852539062,1407200,ETR
2020-11-23,109.31999969482422,110.22000122070312,108.4800033569336,109.72000122070312,100.90629577636719,1125900,ETR
2020-11-24,110.8499984741211,110.86000061035156,109.73999786376953,110.5999984741211,101.71562194824219,1230800,ETR
2020-11-25,110.80000305175781,112.44999694824219,109.69000244140625,112.25,103.23307037353516,1169200,ETR
2020-11-27,112.37000274658203,112.37000274658203,110.48999786376953,111.51000213623047,102.55250549316406,812700,ETR
2020-11-30,110.9800033569336,110.9800033569336,108.2300033569336,108.8499984741211,100.10618591308594,2379400,ETR
2020-12-01,109.68000030517578,111.08000183105469,108.72000122070312,108.8499984741211,100.10618591308594,1092700,ETR
2020-12-02,108.2699966430664,108.77999877929688,106.30000305175781,108.61000061035156,99.88545989990234,1641300,ETR
2020-12-03,108.0199966430664,108.37999725341797,106.18000030517578,106.63999938964844,98.0737075805664,1175600,ETR
2020-12-04,106.94999694824219,107.38999938964844,105.63999938964844,106.7300033569336,98.156494140625,924100,ETR
2020-12-07,105.83999633789062,107.69999694824219,105.38999938964844,106.61000061035156,98.04612731933594,922600,ETR
2020-12-08,105.73999786376953,106.75,105.2699966430664,105.29000091552734,96.8321533203125,1058900,ETR
2020-12-09,105.7300033569336,106.13999938964844,103.75,104.45999908447266,96.0688247680664,1644400,ETR
2020-12-10,104.45999908447266,105.0999984741211,102.97000122070312,103.26000213623047,94.9652328491211,1480000,ETR
2020-12-11,102.94000244140625,103.43000030517578,102.0999984741211,102.77999877929688,94.52378845214844,1130600,ETR
2020-12-14,103.19000244140625,104.41000366210938,101.2699966430664,101.41000366210938,93.26384735107422,1032000,ETR
2020-12-15,101.76000213623047,103.05000305175781,100.44999694824219,102.58000183105469,94.33985137939453,1640200,ETR
2020-12-16,102.37999725341797,103.43000030517578,100.43000030517578,100.5,92.42693328857422,1533600,ETR
2020-12-17,100.9800033569336,101.9800033569336,100.30000305175781,100.55999755859375,92.48211669921875,1185800,ETR
2020-12-18,100.51000213623047,100.87999725341797,99.37000274658203,100.0199966430664,91.9854965209961,2211500,ETR
2020-12-21,99.08999633789062,99.13999938964844,96.58000183105469,97.0199966430664,89.22647857666016,1284100,ETR
2020-12-22,97.20999908447266,97.20999908447266,95.4800033569336,96.01000213623047,88.29761505126953,1222400,ETR
2020-12-23,96.5999984741211,97.36000061035156,95.44000244140625,95.47000122070312,87.80098724365234,1307400,ETR
2020-12-24,95.5999984741211,95.75,94.69999694824219,95.3499984741211,87.69061279296875,616100,ETR
2020-12-28,95.6500015258789,96.22000122070312,95.1500015258789,95.66000366210938,87.9757308959961,1271800,ETR
2020-12-29,96.22000122070312,97.19000244140625,96.19999694824219,96.73999786376953,88.96896362304688,2265000,ETR
2020-12-30,96.62000274658203,98.94999694824219,96.37999725341797,98.63999938964844,90.71635437011719,1269300,ETR
2020-12-31,98.3499984741211,99.97000122070312,97.66999816894531,99.83999633789062,91.81995391845703,992300,ETR
2021-01-04,99.81999969482422,100.08000183105469,97.52999877929688,98.01000213623047,90.136962890625,1458000,ETR
2021-01-05,98.30999755859375,98.69999694824219,96.51000213623047,96.69999694824219,88.93218994140625,1629200,ETR
2021-01-06,97.56999969482422,98.80999755859375,96.94000244140625,98.2300033569336,90.33927154541016,1486700,ETR
2021-01-07,98.20999908447266,98.56999969482422,94.77999877929688,94.83999633789062,87.22159576416016,1612600,ETR
2021-01-08,94.87999725341797,95.54000091552734,94.12000274658203,95.48999786376953,87.81937408447266,1333800,ETR
2021-01-11,95.01000213623047,95.87000274658203,93.73999786376953,94.38999938964844,86.80774688720703,1033900,ETR
2021-01-12,93.93000030517578,94.30000305175781,91.77999877929688,92.69999694824219,85.25349426269531,1379000,ETR
2021-01-13,92.86000061035156,93.76000213623047,92.02999877929688,93.6500015258789,86.12718963623047,1864500,ETR
2021-01-14,94.36000061035156,94.4800033569336,92.83000183105469,94.0,86.4490737915039,1885400,ETR
2021-01-15,93.75,95.66999816894531,93.05999755859375,95.25,87.59864807128906,1783700,ETR
2021-01-19,95.25,95.93000030517578,94.6500015258789,95.12000274658203,87.47911071777344,1681000,ETR
2021-01-20,94.4000015258789,95.22000122070312,94.27999877929688,94.72000122070312,87.11123657226562,1128300,ETR
2021-01-21,94.80000305175781,95.02999877929688,93.62999725341797,93.66999816894531,86.14559173583984,1171700,ETR
2021-01-22,93.30999755859375,94.29000091552734,92.12999725341797,93.97000122070312,86.4214859008789,1173800,ETR
2021-01-25,93.4000015258789,95.5,93.19000244140625,94.75,87.13882446289062,1734600,ETR
2021-01-26,95.04000091552734,95.44999694824219,94.26000213623047,94.69000244140625,87.0836410522461,1582500,ETR
2021-01-27,93.91999816894531,95.08000183105469,92.58999633789062,93.61000061035156,86.09040069580078,2305500,ETR
2021-01-28,93.61000061035156,97.08999633789062,93.61000061035156,95.87000274658203,88.16885375976562,1938800,ETR
2021-01-29,95.27999877929688,96.31999969482422,94.38999938964844,95.33000183105469,87.6722412109375,2573300,ETR
2021-02-01,95.30999755859375,96.33000183105469,94.55000305175781,95.1500015258789,87.50669860839844,1924100,ETR
2021-02-02,95.55000305175781,97.4800033569336,94.76000213623047,95.83000183105469,88.132080078125,1276200,ETR
2021-02-03,95.7699966430664,96.29000091552734,94.79000091552734,94.88999938964844,87.267578125,984100,ETR
2021-02-04,95.05999755859375,97.06999969482422,94.58999633789062,96.47000122070312,88.72067260742188,1262000,ETR
2021-02-05,97.0,97.80000305175781,96.47000122070312,96.62999725341797,88.86780548095703,823900,ETR
2021-02-08,96.33999633789062,96.45999908447266,94.30999755859375,94.47000122070312,86.8813247680664,1150900,ETR
2021-02-09,95.16000366210938,95.27999877929688,93.77999877929688,95.0,87.36874389648438,780600,ETR
2021-02-10,95.7699966430664,96.41000366210938,94.8499984741211,96.01000213623047,88.29761505126953,1247500,ETR
2021-02-11,95.2699966430664,95.58999633789062,94.27999877929688,94.63999938964844,87.9074935913086,1507100,ETR
2021-02-12,94.6500015258789,95.19000244140625,94.08000183105469,94.88999938964844,88.13970184326172,1107600,ETR
2021-02-16,94.88999938964844,95.0,93.69000244140625,93.75,87.08079528808594,1152400,ETR
2021-02-17,93.97000122070312,94.19000244140625,92.52999877929688,93.19000244140625,86.56063842773438,811000,ETR
2021-02-18,93.38999938964844,94.41000366210938,92.97000122070312,93.93000030517578,87.24799346923828,835000,ETR
2021-02-19,94.0,94.19999694824219,92.9000015258789,93.18000030517578,86.55134582519531,1326700,ETR
2021-02-22,93.38999938964844,93.86000061035156,88.70999908447266,89.08000183105469,82.74301147460938,3412000,ETR
2021-02-23,89.7300033569336,91.27999877929688,89.27999877929688,91.16000366210938,84.675048828125,1664100,ETR
2021-02-24,91.1500015258789,92.55000305175781,89.61000061035156,89.97000122070312,83.56969451904297,1751100,ETR
2021-02-25,89.51000213623047,90.19000244140625,87.12999725341797,88.04000091552734,81.7770004272461,1449700,ETR
2021-02-26,88.27999877929688,89.0199966430664,86.80000305175781,86.80999755859375,80.63449096679688,1710100,ETR
2021-03-01,87.93000030517578,89.88999938964844,87.66999816894531,87.76000213623047,81.51690673828125,1795700,ETR
2021-03-02,87.80000305175781,89.37000274658203,87.11000061035156,88.76000213623047,82.44578552246094,1746800,ETR
2021-03-03,88.38999938964844,88.66999816894531,86.37999725341797,87.43000030517578,81.21039581298828,1712100,ETR
2021-03-04,87.5999984741211,88.2699966430664,85.77999877929688,87.58999633789062,81.3590087890625,2269300,ETR
2021-03-05,87.56999969482422,89.73999786376953,87.20999908447266,89.12999725341797,82.78944396972656,2132600,ETR
2021-03-08,88.83000183105469,90.72000122070312,88.19000244140625,90.16000366210938,83.74618530273438,2562700,ETR
2021-03-09,90.51000213623047,91.19000244140625,89.05999755859375,90.75,84.29420471191406,1840100,ETR
2021-03-10,90.9000015258789,94.61000061035156,90.58999633789062,94.44000244140625,87.72172546386719,2693800,ETR
2021-03-11,93.87000274658203,95.51000213623047,93.33999633789062,93.3499984741211,86.7092514038086,1573500,ETR
2021-03-12,94.11000061035156,95.98999786376953,93.43000030517578,95.76000213623047,88.94781494140625,1090300,ETR
2021-03-15,96.0,98.2300033569336,96.0,98.12999725341797,91.14921569824219,1638800,ETR
2021-03-16,97.51000213623047,98.9800033569336,97.12000274658203,98.91000366210938,91.87372589111328,1640900,ETR
2021-03-17,98.87000274658203,99.83999633789062,98.0,98.94000244140625,91.90160369873047,1485400,ETR
2021-03-18,98.94999694824219,99.55000305175781,97.5999984741211,98.05000305175781,91.07491302490234,1337200,ETR
2021-03-19,98.87999725341797,99.66000366210938,96.68000030517578,98.44000244140625,91.4371566772461,4225000,ETR
2021-03-22,98.44000244140625,98.44000244140625,96.16000366210938,97.68000030517578,90.73123168945312,1473400,ETR
2021-03-23,97.45999908447266,98.77999877929688,96.91999816894531,98.11000061035156,91.13064575195312,1135000,ETR
2021-03-24,97.69000244140625,98.83999633789062,97.37000274658203,97.43000030517578,90.49901580810547,1595900,ETR
2021-03-25,98.0,98.72000122070312,96.80000305175781,98.30999755859375,91.31640625,1309700,ETR
2021-03-26,98.11000061035156,98.87999725341797,97.4800033569336,98.44000244140625,91.4371566772461,718700,ETR
2021-03-29,98.11000061035156,99.4800033569336,97.80000305175781,99.16000366210938,92.10594940185547,828400,ETR
2021-03-30,98.97000122070312,99.0,97.45999908447266,98.66000366210938,91.64151763916016,837300,ETR
2021-03-31,98.73999786376953,99.66999816894531,98.41999816894531,99.47000122070312,92.3938980102539,1365800,ETR
2021-04-01,99.04000091552734,99.79000091552734,98.41999816894531,99.63999938964844,92.55179595947266,941100,ETR
2021-04-05,100.0,101.73999786376953,99.91000366210938,100.52999877929688,93.37848663330078,1082100,ETR
2021-04-06,100.27999877929688,101.97000122070312,99.75,101.9000015258789,94.65103149414062,1279700,ETR
2021-04-07,102.0,102.36000061035156,101.05000305175781,101.72000122070312,94.48383331298828,1690900,ETR
2021-04-08,101.9000015258789,102.29000091552734,101.16000366210938,101.27999877929688,94.07514190673828,770300,ETR
2021-04-09,101.2699966430664,102.05999755859375,100.7699966430664,101.13999938964844,93.94509887695312,808500,ETR
2021-04-12,101.19999694824219,102.30000305175781,101.19999694824219,101.97000122070312,94.7160415649414,745300,ETR
2021-04-13,101.13999938964844,103.66999816894531,100.98999786376953,103.41000366210938,96.05360412597656,1110800,ETR
2021-04-14,103.20999908447266,104.23999786376953,102.63999938964844,104.18000030517578,96.7688217163086,1004700,ETR
2021-04-15,104.0,105.68000030517578,103.9000015258789,105.58999633789062,98.07852172851562,977500,ETR
2021-04-16,106.12000274658203,107.1500015258789,105.77999877929688,106.63999938964844,99.05382537841797,1521200,ETR
2021-04-19,107.08000183105469,107.08000183105469,105.91999816894531,106.58000183105469,98.99810791015625,726900,ETR
2021-04-20,106.72000122070312,108.44000244140625,106.58999633789062,107.98999786376953,100.30778503417969,716800,ETR
2021-04-21,108.38999938964844,108.87999725341797,107.0999984741211,107.68000030517578,100.01985168457031,773600,ETR
2021-04-22,107.55999755859375,107.75,106.58000183105469,106.5999984741211,99.01667785644531,797500,ETR
2021-04-23,106.44000244140625,106.91999816894531,105.61000061035156,106.70999908447266,99.11885070800781,1081000,ETR
2021-04-26,106.81999969482422,107.12000274658203,106.18000030517578,107.0,99.38822174072266,1248400,ETR
2021-04-27,106.52999877929688,107.31999969482422,106.12000274658203,106.54000091552734,98.9609375,1896600,ETR
2021-04-28,106.29000091552734,106.94999694824219,105.16999816894531,106.58000183105469,98.99810791015625,2145300,ETR
2021-04-29,106.76000213623047,108.94999694824219,106.76000213623047,108.58999633789062,100.8651123046875,1499300,ETR
2021-04-30,108.7300033569336,109.43000030517578,108.11000061035156,109.29000091552734,101.51531982421875,1459300,ETR
2021-05-03,109.41000366210938,110.33999633789062,109.12999725341797,109.2300033569336,101.45958709716797,915700,ETR
2021-05-04,109.4800033569336,109.61000061035156,108.0,109.11000061035156,101.3481216430664,1325100,ETR
2021-05-05,107.5999984741211,108.01000213623047,105.9800033569336,106.94000244140625,100.20496368408203,1417800,ETR
2021-05-06,107.19999694824219,107.81999969482422,106.23999786376953,107.62999725341797,100.85149383544922,1397700,ETR
2021-05-07,107.38999938964844,109.0,107.38999938964844,108.30999755859375,101.48866271972656,833700,ETR
2021-05-10,108.94000244140625,109.80000305175781,108.6500015258789,109.11000061035156,102.23829650878906,960200,ETR
2021-05-11,109.08000183105469,109.3499984741211,106.12999725341797,107.02999877929688,100.28929138183594,974400,ETR
2021-05-12,106.9800033569336,106.9800033569336,103.8499984741211,103.87999725341797,97.33767700195312,1073000,ETR
2021-05-13,104.05000305175781,106.94999694824219,103.87999725341797,106.05999755859375,99.38037109375,1279400,ETR
2021-05-14,106.4000015258789,107.62000274658203,106.4000015258789,107.18000030517578,100.42984008789062,719000,ETR
2021-05-17,107.27999877929688,107.48999786376953,105.5199966430664,105.5199966430664,98.87438201904297,1102400,ETR
2021-05-18,105.19000244140625,105.9800033569336,104.66999816894531,105.52999877929688,98.88375091552734,1445700,ETR
2021-05-19,105.25,105.4800033569336,103.81999969482422,105.01000213623047,98.39652252197266,865300,ETR
2021-05-20,104.9000015258789,106.55999755859375,104.9000015258789,105.73999786376953,99.08052825927734,717300,ETR
2021-05-21,106.01000213623047,106.79000091552734,105.61000061035156,106.63999938964844,99.9238510131836,1901500,ETR
2021-05-24,106.97000122070312,107.08000183105469,106.1500015258789,106.80000305175781,100.07377624511719,936500,ETR
2021-05-25,106.86000061035156,106.86000061035156,105.58999633789062,105.91999816894531,99.24919128417969,908300,ETR
2021-05-26,105.88999938964844,106.11000061035156,105.1500015258789,105.33000183105469,98.69635009765625,840800,ETR
2021-05-27,105.8499984741211,105.8499984741211,104.7699966430664,104.80000305175781,98.1997299194336,1007500,ETR
2021-05-28,105.31999969482422,105.73999786376953,104.75,105.26000213623047,98.63076782226562,722600,ETR
2021-06-01,105.5,105.75,104.26000213623047,104.62999725341797,98.04044342041016,889500,ETR
2021-06-02,104.5999984741211,105.30999755859375,103.97000122070312,104.68000030517578,98.08728790283203,882000,ETR
2021-06-03,104.11000061035156,106.05999755859375,103.97000122070312,105.80999755859375,99.14612579345703,710400,ETR
2021-06-04,106.0,106.31999969482422,105.62000274658203,105.91999816894531,99.24919128417969,570800,ETR
2021-06-07,106.29000091552734,106.68000030517578,105.86000061035156,106.58999633789062,99.87699127197266,714000,ETR
2021-06-08,106.47000122070312,106.7699966430664,105.26000213623047,106.12999725341797,99.44596099853516,869500,ETR
2021-06-09,106.55999755859375,107.87000274658203,106.01000213623047,107.62000274658203,100.84214782714844,866900,ETR
2021-06-10,107.8499984741211,108.93000030517578,107.37999725341797,108.66000366210938,101.81663513183594,719300,ETR
2021-06-11,108.13999938964844,109.0,107.75,108.94000244140625,102.07899475097656,639300,ETR
2021-06-14,109.13999938964844,109.13999938964844,108.19999694824219,108.9000015258789,102.0415267944336,943400,ETR
2021-06-15,109.0199966430664,109.7300033569336,108.69000244140625,109.2300033569336,102.3507308959961,917700,ETR
2021-06-16,109.83999633789062,110.2300033569336,107.20999908447266,107.4000015258789,100.635986328125,1175500,ETR
2021-06-17,107.16999816894531,108.37000274658203,106.69999694824219,107.6500015258789,100.8702392578125,920300,ETR
2021-06-18,107.3499984741211,107.3499984741211,102.93000030517578,103.38999938964844,96.87853240966797,2564400,ETR
2021-06-21,103.75,105.01000213623047,103.41000366210938,104.48999786376953,97.90925598144531,1141500,ETR
2021-06-22,104.19999694824219,104.48999786376953,103.22000122070312,103.22000122070312,96.71923828125,952700,ETR
2021-06-23,103.0,103.0199966430664,101.26000213623047,101.37999725341797,94.9951171875,1056200,ETR
2021-06-24,101.63999938964844,101.77999877929688,100.52999877929688,100.95999908447266,94.6015625,1012600,ETR
2021-06-25,100.80999755859375,101.61000061035156,100.45999908447266,101.58000183105469,95.1825180053711,1311700,ETR
2021-06-28,101.79000091552734,102.58999633789062,101.45999908447266,102.33000183105469,95.88529205322266,892500,ETR
2021-06-29,102.0,102.51000213623047,100.16000366210938,100.45999908447266,94.13306427001953,1056500,ETR
2021-06-30,100.5999984741211,100.81999969482422,99.2699966430664,99.69999694824219,93.42091369628906,1195100,ETR
2021-07-01,99.69999694824219,102.08000183105469,99.48999786376953,101.55999755859375,95.16378021240234,771300,ETR
2021-07-02,101.70999908447266,102.08000183105469,101.05999755859375,101.80999755859375,95.3980484008789,776100,ETR
2021-07-06,101.5,102.37000274658203,100.48999786376953,102.30999755859375,95.86654663085938,774200,ETR
2021-07-07,102.16000366210938,102.83999633789062,101.5999984741211,102.79000091552734,96.31632232666016,775900,ETR
2021-07-08,102.26000213623047,102.83999633789062,101.95999908447266,102.2699966430664,95.82907104492188,794100,ETR
2021-07-09,102.72000122070312,103.19000244140625,101.94999694824219,102.91999816894531,96.4381332397461,673500,ETR
2021-07-12,102.5199966430664,103.25,102.12999725341797,103.04000091552734,96.55056762695312,595100,ETR
2021-07-13,103.08000183105469,103.19000244140625,101.2699966430664,101.66000366210938,95.25749206542969,570200,ETR
2021-07-14,101.7300033569336,103.08000183105469,101.22000122070312,102.52999877929688,96.07269287109375,641900,ETR
2021-07-15,102.18000030517578,103.72000122070312,102.08999633789062,103.62000274658203,97.09405517578125,977400,ETR
2021-07-16,103.79000091552734,105.33999633789062,103.38999938964844,104.72000122070312,98.12477111816406,749200,ETR
2021-07-19,104.05000305175781,104.45999908447266,100.19999694824219,101.61000061035156,95.21063995361328,1157000,ETR
2021-07-20,101.66999816894531,103.33999633789062,101.66999816894531,102.3499984741211,95.9040298461914,767300,ETR
2021-07-21,102.95999908447266,102.95999908447266,101.06999969482422,101.1500015258789,94.77960968017578,538500,ETR
2021-07-22,101.12000274658203,101.61000061035156,100.44999694824219,100.88999938964844,94.53598022460938,578300,ETR
2021-07-23,101.13999938964844,102.76000213623047,101.05000305175781,102.73999786376953,96.26946258544922,798700,ETR
2021-07-26,102.7699966430664,104.01000213623047,102.4800033569336,103.77999877929688,97.24396514892578,1051500,ETR
2021-07-27,103.66000366210938,105.93000030517578,103.19999694824219,105.33999633789062,98.70571899414062,716300,ETR
2021-07-28,105.26000213623047,105.5,103.58000183105469,104.30999755859375,97.7405776977539,640000,ETR
2021-07-29,104.7300033569336,104.95999908447266,103.81999969482422,104.37999725341797,97.8061752319336,558200,ETR
2021-07-30,104.45999908447266,105.51000213623047,102.66000366210938,102.91999816894531,96.4381332397461,1161400,ETR
2021-08-02,103.3499984741211,104.19999694824219,103.01000213623047,103.58000183105469,97.05656433105469,1678400,ETR
2021-08-03,103.75,104.69999694824219,103.16000366210938,103.97000122070312,97.42200469970703,944300,ETR
2021-08-04,102.69000244140625,104.08999633789062,102.1500015258789,103.70999908447266,97.1783676147461,1264100,ETR
2021-08-05,104.05999755859375,106.5999984741211,103.5999984741211,106.45999908447266,99.75518035888672,1109600,ETR
2021-08-06,106.7699966430664,106.88999938964844,105.5999984741211,106.08999633789062,99.40847778320312,1259600,ETR
2021-08-09,106.19000244140625,106.93000030517578,105.80000305175781,106.83000183105469,100.10188293457031,1111300,ETR
2021-08-10,106.80000305175781,108.91999816894531,106.44999694824219,108.66999816894531,101.82599639892578,1270400,ETR
2021-08-11,108.01000213623047,109.30999755859375,107.5199966430664,109.01000213623047,103.04541778564453,1037800,ETR
2021-08-12,108.86000061035156,109.48999786376953,108.41000366210938,108.69000244140625,102.74292755126953,953900,ETR
2021-08-13,108.44999694824219,110.04000091552734,108.41000366210938,109.87999725341797,103.86781311035156,941800,ETR
2021-08-16,109.95999908447266,111.75,109.01000213623047,110.27999877929688,104.24593353271484,1723800,ETR
2021-08-17,110.2699966430664,110.56999969482422,108.83999633789062,110.0999984741211,104.07577514648438,1074400,ETR
2021-08-18,109.9000015258789,110.56999969482422,109.43000030517578,110.13999938964844,104.11358642578125,1021000,ETR
2021-08-19,110.22000122070312,112.19000244140625,110.08000183105469,111.79000091552734,105.67330169677734,1622500,ETR
2021-08-20,111.5999984741211,114.70999908447266,111.0199966430664,114.5999984741211,108.32955169677734,1987800,ETR
2021-08-23,114.66000366210938,114.87999725341797,113.33000183105469,114.0,107.76237487792969,1680600,ETR
2021-08-24,114.0199966430664,114.12000274658203,112.76000213623047,113.73999786376953,107.5166015625,1999400,ETR
2021-08-25,113.55000305175781,114.38999938964844,113.0,113.79000091552734,107.5638656616211,1517000,ETR
2021-08-26,113.69000244140625,114.31999969482422,112.94999694824219,113.68000030517578,107.45989227294922,1948700,ETR
2021-08-27,113.68000030517578,113.83999633789062,111.33999633789062,111.69000244140625,105.57878112792969,2804800,ETR
2021-08-30,110.0,110.0999984741211,107.55999755859375,109.36000061035156,103.37627410888672,3076500,ETR
2021-08-31,109.1500015258789,110.72000122070312,108.70999908447266,110.61000061035156,104.55787658691406,2853000,ETR
2021-09-01,111.02999877929688,112.79000091552734,110.55999755859375,112.52999877929688,106.37281036376953,1847600,ETR
2021-09-02,112.79000091552734,113.7300033569336,112.33999633789062,113.70999908447266,107.48825073242188,2068400,ETR
2021-09-03,113.27999877929688,113.37999725341797,112.22000122070312,112.55999755859375,106.40117645263672,1586700,ETR
2021-09-07,112.19999694824219,112.6500015258789,111.08999633789062,112.5,106.34444427490234,2189100,ETR
2021-09-08,112.44000244140625,115.01000213623047,112.0,114.83000183105469,108.54696655273438,1516200,ETR
2021-09-09,114.5999984741211,114.98999786376953,112.86000061035156,112.94000244140625,106.76038360595703,1653500,ETR
2021-09-10,112.94000244140625,112.94000244140625,111.73999786376953,111.83999633789062,105.72056579589844,762600,ETR
2021-09-13,112.87000274658203,113.91999816894531,112.4800033569336,113.3499984741211,107.14794158935547,954500,ETR
2021-09-14,114.05000305175781,115.0199966430664,113.44999694824219,114.38999938964844,108.13104248046875,2014500,ETR
2021-09-15,113.9000015258789,114.33999633789062,111.81999969482422,112.88999938964844,106.7131118774414,2652400,ETR
2021-09-16,112.77999877929688,113.30999755859375,111.87000274658203,112.41000366210938,106.25938415527344,1161400,ETR
2021-09-17,112.12000274658203,112.69000244140625,110.79000091552734,111.04000091552734,104.96434020996094,2375500,ETR
2021-09-20,110.63999938964844,111.3499984741211,108.37000274658203,109.51000213623047,103.51805114746094,1413600,ETR
2021-09-21,109.61000061035156,110.5199966430664,107.97000122070312,107.9800033569336,102.07176208496094,1810100,ETR
2021-09-22,108.0999984741211,108.61000061035156,105.66000366210938,105.98999786376953,100.1906509399414,1614300,ETR
2021-09-23,105.4800033569336,105.9000015258789,102.51000213623047,102.61000061035156,96.99559783935547,2063500,ETR
2021-09-24,102.30999755859375,102.95999908447266,100.44999694824219,100.8499984741211,95.33189392089844,2409400,ETR
2021-09-27,100.51000213623047,101.70999908447266,99.94000244140625,100.0199966430664,94.54730987548828,2612100,ETR
2021-09-28,100.0,100.95999908447266,98.5,99.26000213623047,93.82888793945312,2023900,ETR
2021-09-29,99.44999694824219,101.69000244140625,99.06999969482422,100.73999786376953,95.22791290283203,2021400,ETR
2021-09-30,100.98999786376953,101.12000274658203,99.23999786376953,99.30999755859375,93.87615203857422,1284000,ETR
2021-10-01,99.9000015258789,100.58000183105469,99.08999633789062,99.37000274658203,93.93287658691406,1855600,ETR
2021-10-04,99.43000030517578,101.76000213623047,99.30999755859375,101.37999725341797,95.83289337158203,1638900,ETR
2021-10-05,101.45999908447266,102.19999694824219,101.02999877929688,101.47000122070312,95.91796875,1238800,ETR
2021-10-06,101.16000366210938,103.2300033569336,100.43000030517578,103.16999816894531,97.52495574951172,1177400,ETR
2021-10-07,103.33999633789062,104.62000274658203,103.18000030517578,103.45999908447266,97.79908752441406,1123800,ETR
2021-10-08,103.37999725341797,103.94000244140625,102.63999938964844,103.19000244140625,97.54386138916016,942800,ETR
2021-10-11,102.91999816894531,103.37000274658203,101.88999938964844,102.68000030517578,97.061767578125,1073800,ETR
2021-10-12,102.94999694824219,103.7699966430664,102.4000015258789,102.80999755859375,97.18465423583984,703200,ETR
2021-10-13,102.22000122070312,103.04000091552734,101.62999725341797,102.55999755859375,96.9483413696289,1072600,ETR
2021-10-14,102.80000305175781,103.79000091552734,102.5999984741211,103.4800033569336,97.81800079345703,809200,ETR
2021-10-15,103.80999755859375,104.19000244140625,102.20999908447266,102.25,96.65528869628906,1543500,ETR
2021-10-18,101.41999816894531,102.06999969482422,100.26000213623047,101.7699966430664,96.2015609741211,1284300,ETR
2021-10-19,102.0,102.31999969482422,101.63999938964844,102.05999755859375,96.47569274902344,568700,ETR
2021-10-20,102.38999938964844,104.68000030517578,102.33000183105469,104.05000305175781,98.3568115234375,641600,ETR
2021-10-21,104.04000091552734,104.63999938964844,103.83999633789062,103.91999816894531,98.2339096069336,625100,ETR
2021-10-22,104.37999725341797,105.19000244140625,104.20999908447266,104.61000061035156,98.88616180419922,661800,ETR
2021-10-25,104.4800033569336,104.5999984741211,103.69999694824219,103.79000091552734,98.11103057861328,674900,ETR
2021-10-26,103.91000366210938,104.9000015258789,103.83000183105469,103.9000015258789,98.21501159667969,643000,ETR
2021-10-27,104.36000061035156,104.56999969482422,102.94999694824219,103.11000061035156,97.4682388305664,823700,ETR
2021-10-28,103.0199966430664,103.66000366210938,102.12999725341797,102.80000305175781,97.17520904541016,796200,ETR
2021-10-29,102.63999938964844,103.87999725341797,102.22000122070312,103.0199966430664,97.3831558227539,1557200,ETR
2021-11-01,102.98999786376953,104.55000305175781,102.69000244140625,103.48999786376953,97.82743835449219,940400,ETR
2021-11-02,103.51000213623047,103.91000366210938,101.91999816894531,103.80000305175781,98.12049102783203,1658900,ETR
2021-11-03,104.51000213623047,106.19000244140625,102.54000091552734,103.36000061035156,97.70455932617188,1372900,ETR
2021-11-04,103.4000015258789,104.0,101.87999725341797,102.9000015258789,97.26972198486328,1711200,ETR
2021-11-05,103.26000213623047,104.62000274658203,103.25,104.25,98.54586029052734,1328300,ETR
2021-11-08,104.43000030517578,104.43000030517578,100.26000213623047,101.08000183105469,95.54931640625,1257000,ETR
2021-11-09,101.30000305175781,102.48999786376953,101.0999984741211,102.31999969482422,96.7214584350586,1720000,ETR
2021-11-10,102.63999938964844,103.5,102.43000030517578,103.44000244140625,97.78018188476562,1460400,ETR
2021-11-11,103.4000015258789,104.51000213623047,102.41999816894531,103.12999725341797,97.48714447021484,1340100,ETR
2021-11-12,102.12999725341797,102.37999725341797,100.30000305175781,101.5999984741211,96.99073791503906,1027200,ETR
2021-11-15,102.41000366210938,105.06999969482422,102.25,105.04000091552734,100.27467346191406,1564900,ETR
2021-11-16,105.41000366210938,106.04000091552734,105.0,105.31999969482422,100.54196166992188,1417900,ETR
2021-11-17,105.0199966430664,105.95999908447266,104.31999969482422,105.77999877929688,100.9811019897461,915900,ETR
2021-11-18,105.87999725341797,106.25,104.91999816894531,105.4800033569336,100.69471740722656,968300,ETR
2021-11-19,105.73999786376953,106.19000244140625,105.44999694824219,105.94999694824219,101.14338684082031,1395300,ETR
2021-11-22,105.55000305175781,107.58999633789062,105.36000061035156,107.30000305175781,102.4321517944336,1181500,ETR
2021-11-23,107.19999694824219,107.31999969482422,105.91999816894531,106.30000305175781,101.47752380371094,1702700,ETR
2021-11-24,106.37999725341797,106.7300033569336,105.12999725341797,106.4000015258789,101.5729751586914,1175900,ETR
2021-11-26,105.4800033569336,106.33000183105469,102.66000366210938,103.08999633789062,98.41313171386719,898900,ETR
2021-11-29,104.0,105.58999633789062,103.3499984741211,105.06999969482422,100.30330657958984,1260400,ETR
2021-11-30,104.4000015258789,104.58000183105469,100.33000183105469,100.33999633789062,95.78789520263672,2155500,ETR
2021-12-01,101.30999755859375,102.87000274658203,100.33000183105469,100.4000015258789,95.84516906738281,1124900,ETR
2021-12-02,100.87999725341797,103.2300033569336,100.87999725341797,101.98999786376953,97.363037109375,1150600,ETR
2021-12-03,102.77999877929688,103.3499984741211,101.20999908447266,103.26000213623047,98.57542419433594,972800,ETR
2021-12-06,104.63999938964844,106.93000030517578,104.01000213623047,104.91999816894531,100.16011047363281,1393800,ETR
2021-12-07,104.83999633789062,105.52999877929688,104.33000183105469,104.8499984741211,100.09329223632812,802200,ETR
2021-12-08,105.02999877929688,106.19000244140625,104.52999877929688,105.51000213623047,100.72335052490234,1053100,ETR
2021-12-09,105.58999633789062,107.18000030517578,105.0,106.25,101.42977142333984,1430100,ETR
2021-12-10,106.68000030517578,107.91000366210938,106.33999633789062,107.41000366210938,102.53715515136719,1944100,ETR
2021-12-13,107.25,108.4800033569336,106.43000030517578,107.87999725341797,102.98583221435547,1198800,ETR
2021-12-14,108.02999877929688,109.0,107.02999877929688,107.29000091552734,102.42259979248047,1103700,ETR
2021-12-15,107.02999877929688,110.12000274658203,107.02999877929688,109.8499984741211,104.86646270751953,1089700,ETR
2021-12-16,110.08999633789062,112.11000061035156,109.73999786376953,110.66999816894531,105.64925384521484,1298200,ETR
2021-12-17,109.44999694824219,110.94000244140625,109.19999694824219,109.5199966430664,104.55142211914062,1892000,ETR
2021-12-20,108.55000305175781,109.66000366210938,106.83999633789062,109.44999694824219,104.48460388183594,958000,ETR
2021-12-21,110.37000274658203,111.2300033569336,108.58000183105469,109.2699966430664,104.3127670288086,1032800,ETR
2021-12-22,108.94000244140625,109.9800033569336,108.66999816894531,109.9800033569336,104.99056243896484,513100,ETR
2021-12-23,110.12000274658203,110.5,109.81999969482422,110.08999633789062,105.09556579589844,459800,ETR
2021-12-27,110.22000122070312,110.9000015258789,109.76000213623047,110.83000183105469,105.80199432373047,436300,ETR
2021-12-28,110.97000122070312,111.95999908447266,110.83999633789062,111.88999938964844,106.81391143798828,341000,ETR
2021-12-29,111.93000030517578,112.54000091552734,111.43000030517578,112.48999786376953,107.38668823242188,465600,ETR
2021-12-30,112.62000274658203,112.68000030517578,111.16000366210938,111.63999938964844,106.57525634765625,655700,ETR
2021-12-31,111.41999816894531,113.08000183105469,110.77999877929688,112.6500015258789,107.53943634033203,551300,ETR
2022-01-03,112.6500015258789,112.6500015258789,110.44000244140625,111.4000015258789,106.34613800048828,1030000,ETR
2022-01-04,111.38999938964844,112.33000183105469,110.8499984741211,111.27999877929688,106.23158264160156,1097300,ETR
2022-01-05,110.86000061035156,112.55000305175781,110.86000061035156,111.54000091552734,106.47978973388672,886600,ETR
2022-01-06,110.55000305175781,111.01000213623047,109.22000122070312,109.6500015258789,104.675537109375,1572300,ETR
2022-01-07,109.8499984741211,112.80999755859375,109.0999984741211,112.12999725341797,107.04301452636719,1267800,ETR
2022-01-10,111.87999725341797,113.0999984741211,111.44000244140625,111.69999694824219,106.63253021240234,1278200,ETR
2022-01-11,112.12999725341797,112.12999725341797,108.25,108.73999786376953,103.80680847167969,1463100,ETR
2022-01-12,108.13999938964844,109.41999816894531,107.27999877929688,109.23999786376953,104.28412628173828,1362600,ETR
2022-01-13,109.44000244140625,111.5199966430664,108.81999969482422,110.63999938964844,105.6206283569336,1133800,ETR
2022-01-14,110.9800033569336,111.51000213623047,110.05000305175781,111.06999969482422,106.03111267089844,1124600,ETR
2022-01-18,110.8499984741211,111.22000122070312,108.12000274658203,109.83999633789062,104.85690307617188,1478300,ETR
2022-01-19,110.0,111.16000366210938,109.36000061035156,110.3499984741211,105.3437728881836,955600,ETR
2022-01-20,110.62999725341797,111.51000213623047,109.9000015258789,109.98999786376953,105.00010681152344,1027800,ETR
2022-01-21,110.87999725341797,110.87999725341797,109.31999969482422,109.41999816894531,104.45596313476562,982700,ETR
2022-01-24,109.0,109.44999694824219,105.77999877929688,108.19000244140625,103.28176879882812,2138400,ETR
2022-01-25,106.63999938964844,108.80000305175781,106.33999633789062,107.66999816894531,102.78535461425781,1920200,ETR
2022-01-26,107.56999969482422,108.80999755859375,106.79000091552734,107.27999877929688,102.41305541992188,1388700,ETR
2022-01-27,108.66999816894531,110.58000183105469,107.66999816894531,109.58999633789062,104.61824798583984,1688900,ETR
2022-01-28,109.26000213623047,111.25,108.5999984741211,111.16000366210938,106.11702728271484,1429400,ETR
2022-01-31,110.44000244140625,112.2300033569336,109.86000061035156,111.7699966430664,106.69935607910156,1848700,ETR
2022-02-01,111.51000213623047,111.94999694824219,109.08999633789062,110.01000213623047,105.01919555664062,1446000,ETR
2022-02-02,110.02999877929688,112.23999786376953,109.55999755859375,112.01000213623047,106.92845916748047,1582800,ETR
2022-02-03,112.26000213623047,112.58999633789062,111.37000274658203,111.97000122070312,106.8902816772461,1034900,ETR
2022-02-04,110.98999786376953,111.95999908447266,109.7300033569336,110.9000015258789,105.86882019042969,1140100,ETR
2022-02-07,110.63999938964844,111.08000183105469,109.38999938964844,109.66000366210938,104.6850814819336,1377500,ETR
2022-02-08,110.5,110.63999938964844,109.54000091552734,109.9800033569336,104.99056243896484,1140800,ETR
2022-02-09,110.69000244140625,111.76000213623047,110.22000122070312,111.47000122070312,106.41295623779297,1157800,ETR
2022-02-10,109.55999755859375,110.13999938964844,106.3499984741211,106.44999694824219,102.54987335205078,1071000,ETR
2022-02-11,106.73999786376953,107.94000244140625,105.29000091552734,105.81999969482422,101.9429702758789,1792800,ETR
2022-02-14,106.33000183105469,106.75,103.29000091552734,104.5,100.67132568359375,1347400,ETR
2022-02-15,105.0999984741211,105.61000061035156,102.83999633789062,103.43000030517578,99.6405258178711,1182600,ETR
2022-02-16,103.6500015258789,104.55999755859375,102.91999816894531,103.95999908447266,100.15110778808594,1211700,ETR
2022-02-17,103.5199966430664,105.54000091552734,103.19999694824219,104.94999694824219,101.10484313964844,1691200,ETR
2022-02-18,104.51000213623047,105.56999969482422,104.1500015258789,104.62000274658203,100.78693389892578,894800,ETR
2022-02-22,105.05999755859375,105.30999755859375,103.48999786376953,104.51000213623047,100.68096160888672,1523700,ETR
2022-02-23,104.5,106.91999816894531,104.06999969482422,104.73999786376953,100.90252685546875,1638100,ETR
2022-02-24,103.81999969482422,104.2300033569336,100.18000030517578,102.31999969482422,98.5711898803711,1457400,ETR
2022-02-25,103.6500015258789,106.02999877929688,103.36000061035156,105.58000183105469,101.71176147460938,1419600,ETR
2022-02-28,104.63999938964844,105.72000122070312,104.1500015258789,105.20999908447266,101.35530853271484,1623300,ETR
2022-03-01,105.30999755859375,105.80000305175781,102.9000015258789,103.86000061035156,100.05477905273438,1113200,ETR
2022-03-02,103.70999908447266,107.12999725341797,103.70999908447266,106.62000274658203,102.71366119384766,1496300,ETR
2022-03-03,106.93000030517578,110.0,106.9000015258789,109.36000061035156,105.353271484375,1254200,ETR
2022-03-04,108.63999938964844,112.31999969482422,108.30000305175781,112.23999786376953,108.12775421142578,1784900,ETR
2022-03-07,112.22000122070312,112.41999816894531,110.5199966430664,111.86000061035156,107.76166534423828,1182500,ETR
2022-03-08,112.0,112.5,109.3499984741211,109.38999938964844,105.38217163085938,843300,ETR
2022-03-09,110.41999816894531,110.8499984741211,107.87999725341797,107.9800033569336,104.02381896972656,1833100,ETR
2022-03-10,107.19999694824219,109.23999786376953,107.19000244140625,109.01000213623047,105.0160903930664,1166900,ETR
2022-03-11,108.5199966430664,109.41000366210938,108.26000213623047,108.75,104.76561737060547,885500,ETR
2022-03-14,109.94999694824219,110.69999694824219,109.01000213623047,110.2699966430664,106.22991943359375,811200,ETR
2022-03-15,111.75,112.06999969482422,110.73999786376953,111.25,107.17401885986328,1181400,ETR
2022-03-16,111.30999755859375,111.61000061035156,109.20999908447266,110.5199966430664,106.47076416015625,966700,ETR
2022-03-17,110.0,111.01000213623047,109.68000030517578,110.38999938964844,106.34552764892578,1403500,ETR
2022-03-18,110.62999725341797,110.81999969482422,108.55000305175781,109.44999694824219,105.4399642944336,2216100,ETR
2022-03-21,110.20999908447266,111.02999877929688,109.62999725341797,110.7699966430664,106.71160888671875,1080600,ETR
2022-03-22,111.62999725341797,111.62999725341797,109.36000061035156,109.68000030517578,105.66154479980469,960000,ETR
2022-03-23,109.80999755859375,111.38999938964844,109.19999694824219,110.8499984741211,106.7886734008789,796700,ETR
2022-03-24,111.02999877929688,112.8499984741211,111.02999877929688,112.7300033569336,108.59979248046875,954100,ETR
2022-03-25,113.47000122070312,115.05000305175781,113.11000061035156,114.83000183105469,110.62285614013672,767900,ETR
2022-03-28,114.9000015258789,115.37000274658203,113.9000015258789,115.33999633789062,111.11416625976562,730300,ETR
2022-03-29,115.68000030517578,116.4000015258789,114.56999969482422,116.37000274658203,112.10643768310547,695000,ETR
2022-03-30,116.02999877929688,117.12000274658203,115.69999694824219,117.04000091552734,112.75189208984375,624700,ETR
2022-03-31,117.06999969482422,118.52999877929688,116.73999786376953,116.75,112.4725112915039,1020700,ETR
2022-04-01,116.66999816894531,120.25,116.33999633789062,120.08999633789062,115.69013214111328,2111000,ETR
2022-04-04,119.37000274658203,119.66000366210938,117.61000061035156,119.41000366210938,115.03504943847656,1231400,ETR
2022-04-05,119.81999969482422,122.0999984741211,119.44999694824219,121.30999755859375,116.86544036865234,1589900,ETR
2022-04-06,121.73999786376953,123.76000213623047,120.87000274658203,123.5999984741211,119.07154846191406,1468800,ETR
2022-04-07,123.2699966430664,123.7300033569336,121.30000305175781,122.98999786376953,118.48389434814453,1151000,ETR
2022-04-08,123.68000030517578,124.05000305175781,122.02999877929688,123.31999969482422,118.80179595947266,892200,ETR
2022-04-11,123.5999984741211,124.30999755859375,121.4000015258789,121.79000091552734,117.3278579711914,804900,ETR
2022-04-12,121.37999725341797,123.83000183105469,120.4800033569336,123.30999755859375,118.79216766357422,1527700,ETR
2022-04-13,123.05999755859375,123.62000274658203,122.30999755859375,123.37000274658203,118.84996795654297,987100,ETR
2022-04-14,123.5999984741211,124.76000213623047,123.25,124.19999694824219,119.6495590209961,925100,ETR
2022-04-18,124.55000305175781,124.86000061035156,124.0,124.44000244140625,119.88076782226562,1027200,ETR
2022-04-19,124.62000274658203,124.86000061035156,122.98999786376953,124.55000305175781,119.98673248291016,839700,ETR
2022-04-20,125.62000274658203,126.7300033569336,124.98999786376953,125.83999633789062,121.2294692993164,1382900,ETR
2022-04-21,125.55000305175781,126.81999969482422,124.76000213623047,125.33000183105469,120.7381591796875,1107200,ETR
2022-04-22,125.12999725341797,125.22000122070312,123.16999816894531,123.33999633789062,118.8210678100586,786900,ETR
2022-04-25,123.86000061035156,123.86000061035156,120.13999938964844,122.23999786376953,117.76136779785156,881500,ETR
2022-04-26,122.05999755859375,123.47000122070312,120.63999938964844,120.66000366210938,116.2392578125,1002400,ETR
2022-04-27,119.87999725341797,122.55999755859375,118.12000274658203,120.68000030517578,116.25852966308594,1263500,ETR
2022-04-28,121.37999725341797,122.91999816894531,120.05000305175781,122.31999969482422,117.83844757080078,798600,ETR
2022-04-29,121.91999816894531,122.0,118.66000366210938,118.8499984741211,114.49557495117188,1594500,ETR
2022-05-02,119.51000213623047,120.26000213623047,116.56999969482422,118.04000091552734,113.71525573730469,1156200,ETR
2022-05-03,118.5199966430664,120.05000305175781,117.30000305175781,117.52999877929688,113.22393798828125,907900,ETR
2022-05-04,117.20999908447266,119.05999755859375,116.58999633789062,118.66000366210938,115.30340576171875,1214600,ETR
2022-05-05,118.05000305175781,119.25,116.91000366210938,118.30000305175781,114.9535903930664,912600,ETR
2022-05-06,117.91999816894531,119.55000305175781,117.54000091552734,119.2699966430664,115.8961410522461,822100,ETR
2022-05-09,118.58000183105469,120.5,117.1500015258789,119.26000213623047,115.88643646240234,1012900,ETR
2022-05-10,119.31999969482422,120.79000091552734,115.13999938964844,116.30999755859375,113.01986694335938,1272300,ETR
2022-05-11,116.76000213623047,119.5199966430664,116.48999786376953,117.72000122070312,114.3899917602539,1602900,ETR
2022-05-12,117.61000061035156,117.9000015258789,114.47000122070312,116.16999816894531,112.88383483886719,1303800,ETR
2022-05-13,116.94000244140625,117.31999969482422,115.02999877929688,117.16999816894531,113.85554504394531,1256200,ETR
2022-05-16,117.63999938964844,118.48999786376953,117.0199966430664,117.79000091552734,114.4580078125,1117000,ETR
2022-05-17,117.91999816894531,118.47000122070312,116.0,118.30999755859375,114.96329498291016,1364100,ETR
2022-05-18,118.77999877929688,118.91999816894531,116.2300033569336,116.47000122070312,113.17535400390625,1156200,ETR
2022-05-19,116.02999877929688,116.33999633789062,114.38999938964844,115.66999816894531,112.39797973632812,1053300,ETR
2022-05-20,115.70999908447266,117.05000305175781,114.16000366210938,116.9800033569336,113.67092895507812,1611600,ETR
2022-05-23,118.19999694824219,118.98999786376953,116.19999694824219,116.80000305175781,113.49601745605469,1455000,ETR
2022-05-24,117.27999877929688,119.23999786376953,115.7300033569336,119.16000366210938,115.78926086425781,816500,ETR
2022-05-25,118.91999816894531,119.19999694824219,118.04000091552734,118.83999633789062,115.47830200195312,803000,ETR
2022-05-26,119.75,120.5199966430664,118.94000244140625,119.87999725341797,116.48888397216797,992200,ETR
2022-05-27,119.55000305175781,121.33999633789062,119.27999877929688,121.08000183105469,117.65493774414062,901900,ETR
2022-05-31,120.0,121.18000030517578,118.66000366210938,120.31999969482422,116.91644287109375,1650700,ETR
2022-06-01,120.6500015258789,120.86000061035156,118.8499984741211,120.18000030517578,116.78041076660156,1090200,ETR
2022-06-02,120.55000305175781,121.11000061035156,117.44000244140625,120.41000366210938,117.00389862060547,800300,ETR
2022-06-03,120.18000030517578,120.63999938964844,119.51000213623047,120.0,116.60549926757812,699600,ETR
2022-06-06,120.41000366210938,121.4800033569336,119.86000061035156,121.33999633789062,117.90758514404297,798300,ETR
2022-06-07,121.18000030517578,121.66999816894531,120.04000091552734,121.30999755859375,117.87843322753906,948300,ETR
2022-06-08,120.7699966430664,120.7699966430664,118.18000030517578,118.30999755859375,114.96329498291016,796900,ETR
2022-06-09,118.37000274658203,118.9800033569336,116.05999755859375,116.19000244140625,112.90327453613281,675100,ETR
2022-06-10,115.01000213623047,117.16999816894531,114.30000305175781,115.93000030517578,112.65062713623047,832400,ETR
2022-06-13,114.81999969482422,115.0,109.18000030517578,109.69999694824219,106.59685516357422,1152700,ETR
2022-06-14,109.97000122070312,110.08000183105469,105.79000091552734,107.29000091552734,104.25503540039062,1482000,ETR
2022-06-15,108.05999755859375,109.4000015258789,105.86000061035156,107.7699966430664,104.72144317626953,1804300,ETR
2022-06-16,106.19000244140625,106.72000122070312,105.05000305175781,105.87000274658203,102.87519836425781,1562300,ETR
2022-06-17,105.93000030517578,106.69000244140625,101.8499984741211,102.45999908447266,99.56165313720703,2976000,ETR
2022-06-21,102.55000305175781,105.23999786376953,102.51000213623047,104.69999694824219,101.73828887939453,1408800,ETR
2022-06-22,104.26000213623047,105.58000183105469,104.19999694824219,104.62999725341797,101.67027282714844,996100,ETR
2022-06-23,104.69999694824219,106.48999786376953,104.54000091552734,105.91000366210938,102.91407012939453,969500,ETR
2022-06-24,106.36000061035156,111.11000061035156,106.30000305175781,110.55000305175781,107.42281341552734,1734100,ETR
2022-06-27,110.41000366210938,112.05999755859375,110.19999694824219,111.95999908447266,108.79293060302734,929500,ETR
2022-06-28,112.55000305175781,113.33000183105469,111.55999755859375,111.8499984741211,108.68603515625,1569900,ETR
2022-06-29,112.12999725341797,112.98999786376953,111.18000030517578,111.69000244140625,108.53057098388672,1275700,ETR
2022-06-30,111.0,113.36000061035156,110.55999755859375,112.63999938964844,109.45368957519531,1701500,ETR
2022-07-01,112.9000015258789,115.55000305175781,112.11000061035156,115.30000305175781,112.0384521484375,1308700,ETR
2022-07-05,114.72000122070312,114.98999786376953,108.31999969482422,109.76000213623047,106.65515899658203,1918200,ETR
2022-07-06,110.22000122070312,112.47000122070312,109.41999816894531,111.37000274658203,108.21961212158203,937500,ETR
2022-07-07,111.5999984741211,112.41999816894531,110.51000213623047,110.5999984741211,107.47139739990234,655400,ETR
2022-07-08,110.54000091552734,110.94000244140625,109.79000091552734,110.08999633789062,106.97581481933594,779300,ETR
2022-07-11,109.83000183105469,111.41000366210938,109.41999816894531,110.77999877929688,107.64630889892578,609300,ETR
2022-07-12,110.37000274658203,112.58999633789062,110.27999877929688,110.9800033569336,107.84065246582031,789000,ETR
2022-07-13,109.9000015258789,111.08000183105469,109.19000244140625,109.5199966430664,106.42194366455078,837200,ETR
2022-07-14,107.52999877929688,109.95999908447266,107.52999877929688,109.75,106.64544677734375,818300,ETR
2022-07-15,110.58999633789062,110.62999725341797,108.48999786376953,110.12000274658203,107.00497436523438,767100,ETR
2022-07-18,110.0,110.55000305175781,109.16999816894531,109.2699966430664,106.17901611328125,968400,ETR
2022-07-19,109.93000030517578,110.87999725341797,109.16999816894531,110.22000122070312,107.10215759277344,840300,ETR
2022-07-20,110.38999938964844,110.66999816894531,108.23999786376953,108.2699966430664,105.20730590820312,803300,ETR
2022-07-21,108.0,108.36000061035156,107.1500015258789,107.95999908447266,104.90608215332031,766700,ETR
2022-07-22,108.61000061035156,109.5,108.4000015258789,109.37000274658203,106.27619171142578,609000,ETR
2022-07-25,109.18000030517578,110.94000244140625,108.87999725341797,110.79000091552734,107.65602111816406,691300,ETR
2022-07-26,110.55999755859375,111.9000015258789,110.51000213623047,111.27999877929688,108.13216400146484,766400,ETR
2022-07-27,111.12000274658203,111.6500015258789,110.11000061035156,111.05999755859375,107.91838073730469,803600,ETR
2022-07-28,112.31999969482422,114.30000305175781,111.47000122070312,114.0,110.77521514892578,728700,ETR
2022-07-29,113.77999877929688,115.31999969482422,113.62000274658203,115.12999725341797,111.87325286865234,1377700,ETR
2022-08-01,114.80999755859375,115.55999755859375,114.12999725341797,115.41000366210938,112.14533233642578,1054300,ETR
2022-08-02,115.69000244140625,116.8499984741211,115.0199966430664,115.11000061035156,111.85382080078125,1470800,ETR
2022-08-03,115.0,117.54000091552734,113.68000030517578,117.37999725341797,114.05960083007812,1406500,ETR
2022-08-04,117.48999786376953,119.6500015258789,116.93000030517578,118.93000030517578,115.56576538085938,1495000,ETR
2022-08-05,118.66999816894531,118.7699966430664,116.76000213623047,117.73999786376953,114.409423828125,846300,ETR
2022-08-08,118.56999969482422,119.44000244140625,117.80000305175781,118.22000122070312,114.87584686279297,787900,ETR
2022-08-09,118.87999725341797,120.23999786376953,118.37999725341797,119.72000122070312,116.33341979980469,914700,ETR
2022-08-10,119.38999938964844,119.38999938964844,117.0999984741211,118.22000122070312,115.85322570800781,1021100,ETR
2022-08-11,118.05999755859375,119.83999633789062,117.27999877929688,118.77999877929688,116.40200805664062,827100,ETR
2022-08-12,119.55000305175781,121.06999969482422,119.19000244140625,121.01000213623047,118.58736419677734,824100,ETR
2022-08-15,121.0,121.91000366210938,120.12999725341797,121.80999755859375,119.37134552001953,697200,ETR
2022-08-16,121.4800033569336,122.45999908447266,121.33999633789062,122.22000122070312,119.77313995361328,582200,ETR
2022-08-17,121.69999694824219,121.88999938964844,120.87999725341797,121.2699966430664,118.84215545654297,850000,ETR
2022-08-18,121.52999877929688,121.8499984741211,119.83999633789062,120.4800033569336,118.06797790527344,1011200,ETR
2022-08-19,120.54000091552734,121.88999938964844,120.54000091552734,121.6500015258789,119.21455383300781,767100,ETR
2022-08-22,121.06999969482422,121.94000244140625,120.31999969482422,120.66999816894531,118.2541732788086,1016000,ETR
2022-08-23,120.76000213623047,120.76000213623047,119.08999633789062,119.5,117.10759735107422,688600,ETR
2022-08-24,119.54000091552734,119.69000244140625,118.11000061035156,119.2699966430664,116.88219451904297,934900,ETR
2022-08-25,119.45999908447266,119.4800033569336,118.37000274658203,119.37999725341797,116.989990234375,1203200,ETR
2022-08-26,119.63999938964844,120.44000244140625,118.5999984741211,118.97000122070312,116.58821105957031,1609100,ETR
2022-08-29,118.5999984741211,120.55000305175781,117.79000091552734,119.43000030517578,117.03900146484375,575300,ETR
2022-08-30,119.80000305175781,119.80000305175781,116.56999969482422,116.8499984741211,114.5106430053711,1288300,ETR
2022-08-31,116.77999877929688,117.5999984741211,115.22000122070312,115.30000305175781,112.99168395996094,1278100,ETR
2022-09-01,115.37999725341797,117.29000091552734,114.93000030517578,117.0199966430664,114.67723846435547,1162600,ETR
2022-09-02,116.9800033569336,118.48999786376953,115.98999786376953,116.22000122070312,113.89326477050781,1200100,ETR
2022-09-06,115.70999908447266,117.44000244140625,115.19999694824219,115.62999725341797,113.31507110595703,1237900,ETR
2022-09-07,116.02999877929688,119.27999877929688,115.87999725341797,119.16999816894531,116.7842025756836,805600,ETR
2022-09-08,118.52999877929688,119.37999725341797,118.05000305175781,118.4800033569336,116.10801696777344,763600,ETR
2022-09-09,118.98999786376953,120.30000305175781,118.33000183105469,119.94000244140625,117.53878784179688,774000,ETR
2022-09-12,120.12000274658203,122.11000061035156,119.52999877929688,122.04000091552734,119.59674072265625,1322000,ETR
2022-09-13,120.87999725341797,121.27999877929688,117.27999877929688,117.70999908447266,115.35343170166016,805200,ETR
2022-09-14,117.91999816894531,119.83000183105469,117.87999725341797,118.70999908447266,116.33341217041016,862200,ETR
2022-09-15,117.97000122070312,118.11000061035156,115.26000213623047,115.30000305175781,112.99168395996094,841200,ETR
2022-09-16,115.13999938964844,116.4000015258789,115.0,115.41999816894531,113.1092758178711,1706400,ETR
2022-09-19,115.16999816894531,115.91999816894531,114.0,115.87999725341797,113.56005859375,1264200,ETR
2022-09-20,115.0,115.37000274658203,112.93000030517578,114.30000305175781,112.01170349121094,1231000,ETR
2022-09-21,115.29000091552734,116.02999877929688,113.16999816894531,113.19000244140625,110.9239273071289,1353100,ETR
2022-09-22,113.25,114.66999816894531,112.52999877929688,113.91999816894531,111.63931274414062,1437300,ETR
2022-09-23,112.5999984741211,113.0,110.05000305175781,111.58999633789062,109.35594940185547,894700,ETR
2022-09-26,111.4800033569336,111.56999969482422,107.41000366210938,108.80999755859375,106.63160705566406,1033300,ETR
2022-09-27,109.25,109.37999725341797,105.5199966430664,105.80000305175781,103.68187713623047,1276700,ETR
2022-09-28,107.12000274658203,108.5,105.69000244140625,107.83000183105469,105.67123413085938,1088300,ETR
2022-09-29,107.47000122070312,107.47000122070312,102.55999755859375,102.62999725341797,100.57533264160156,1006400,ETR
2022-09-30,103.6500015258789,103.79000091552734,100.4800033569336,100.62999725341797,98.61537170410156,1690800,ETR
2022-10-03,102.54000091552734,104.6500015258789,101.3499984741211,103.95999908447266,101.87870788574219,1829800,ETR
2022-10-04,104.36000061035156,106.6500015258789,104.0,106.1500015258789,104.02486419677734,1341900,ETR
2022-10-05,104.63999938964844,105.5999984741211,102.5999984741211,104.91000366210938,102.8096923828125,1343600,ETR
2022-10-06,104.47000122070312,104.47000122070312,102.22000122070312,102.70999908447266,100.65372467041016,1896700,ETR
2022-10-07,102.63999938964844,103.11000061035156,100.18000030517578,101.2300033569336,99.203369140625,1511100,ETR
2022-10-10,101.66999816894531,103.27999877929688,101.48999786376953,102.2300033569336,100.183349609375,1139300,ETR
2022-10-11,101.8499984741211,102.45999908447266,100.70999908447266,101.1500015258789,99.12496185302734,1598300,ETR
2022-10-12,100.3499984741211,100.72000122070312,96.5199966430664,96.58000183105469,94.6464614868164,1237000,ETR
2022-10-13,95.41000366210938,100.7699966430664,94.94000244140625,100.55999755859375,98.5467758178711,1278000,ETR
2022-10-14,101.31999969482422,101.95999908447266,98.86000061035156,100.01000213623047,98.0077896118164,1157700,ETR
2022-10-17,101.69000244140625,102.33999633789062,100.97000122070312,101.31999969482422,99.29156494140625,1037400,ETR
2022-10-18,103.22000122070312,104.22000122070312,102.55000305175781,103.44000244140625,101.3691177368164,1029000,ETR
2022-10-19,102.08000183105469,102.87999725341797,101.12000274658203,101.73999786376953,99.70315551757812,832600,ETR
2022-10-20,101.80000305175781,101.9800033569336,99.11000061035156,99.97000122070312,97.96858215332031,1109900,ETR
2022-10-21,100.30000305175781,102.93000030517578,99.37000274658203,102.29000091552734,100.24214172363281,903600,ETR
2022-10-24,103.27999877929688,104.0,101.61000061035156,102.33999633789062,100.2911376953125,1060500,ETR
2022-10-25,102.43000030517578,105.11000061035156,102.04000091552734,104.75,102.65289306640625,918800,ETR
2022-10-26,105.36000061035156,105.94000244140625,104.4000015258789,104.72000122070312,102.62349700927734,890700,ETR
2022-10-27,105.66000366210938,106.88999938964844,104.94999694824219,105.02999877929688,102.92728424072266,973500,ETR
2022-10-28,105.31999969482422,108.0,105.31999969482422,107.7300033569336,105.57323455810547,1145700,ETR
2022-10-31,107.76000213623047,108.02999877929688,106.4800033569336,107.13999938964844,104.99504089355469,1292300,ETR
2022-11-01,107.55000305175781,108.36000061035156,106.5199966430664,108.31999969482422,106.15142059326172,1154000,ETR
2022-11-02,108.16000366210938,111.16000366210938,105.58000183105469,108.76000213623047,106.5826187133789,1926100,ETR
2022-11-03,108.19000244140625,110.37000274658203,107.72000122070312,109.3499984741211,107.16079711914062,1149000,ETR
2022-11-04,110.02999877929688,110.8499984741211,108.91000366210938,110.72000122070312,108.50337219238281,1295100,ETR
2022-11-07,110.58999633789062,110.77999877929688,107.93000030517578,108.4800033569336,106.30821990966797,1616300,ETR
2022-11-08,109.11000061035156,109.86000061035156,107.37999725341797,108.05000305175781,105.88682556152344,1299700,ETR
2022-11-09,107.72000122070312,108.69999694824219,107.04000091552734,107.12000274658203,104.97544860839844,909800,ETR
2022-11-10,108.55000305175781,111.2699966430664,107.12999725341797,111.04000091552734,109.91487884521484,1030700,ETR
2022-11-11,111.1500015258789,111.33000183105469,109.11000061035156,110.62999725341797,109.509033203125,1512900,ETR
2022-11-14,110.83999633789062,111.0199966430664,108.52999877929688,108.55999755859375,107.46000671386719,977200,ETR
2022-11-15,109.7300033569336,110.54000091552734,108.13999938964844,109.52999877929688,108.42018127441406,833700,ETR
2022-11-16,109.77999877929688,111.02999877929688,109.77999877929688,110.12999725341797,109.01409912109375,1267600,ETR
2022-11-17,108.93000030517578,109.44000244140625,107.9000015258789,108.83999633789062,107.73716735839844,1000300,ETR
2022-11-18,110.02999877929688,112.11000061035156,109.4800033569336,111.91999816894531,110.78596496582031,765300,ETR
2022-11-21,111.7300033569336,113.31999969482422,111.7300033569336,113.05000305175781,111.9045181274414,800700,ETR
2022-11-22,113.02999877929688,114.30999755859375,111.62000274658203,112.69000244140625,111.54816436767578,1484600,ETR
2022-11-23,112.5199966430664,113.01000213623047,111.77999877929688,112.95999908447266,111.8154296875,1765000,ETR
2022-11-25,113.66000366210938,114.2699966430664,112.95999908447266,113.75,112.59741973876953,723600,ETR
2022-11-28,113.04000091552734,113.5199966430664,111.97000122070312,113.25,112.10248565673828,1713800,ETR
2022-11-29,112.7300033569336,112.94999694824219,111.80999755859375,112.80999755859375,111.66694641113281,1563800,ETR
2022-11-30,112.5999984741211,116.47000122070312,112.31999969482422,116.2699966430664,115.09188842773438,2489900,ETR
2022-12-01,118.0,118.33000183105469,116.2300033569336,116.30000305175781,115.12158966064453,1358300,ETR
2022-12-02,115.26000213623047,116.1500015258789,114.51000213623047,115.91000366210938,114.73554229736328,1448000,ETR
2022-12-05,114.88999938964844,116.19999694824219,114.44999694824219,115.4000015258789,114.23070526123047,740500,ETR
2022-12-06,115.38999938964844,117.1500015258789,115.25,117.08000183105469,115.89368438720703,841800,ETR
2022-12-07,116.86000061035156,117.30000305175781,115.72000122070312,116.0,114.82462310791016,779800,ETR
2022-12-08,116.19999694824219,117.66999816894531,115.72000122070312,117.0,115.81449127197266,933500,ETR
2022-12-09,116.55999755859375,117.55000305175781,116.55999755859375,116.87000274658203,115.6858139038086,786500,ETR
2022-12-12,117.76000213623047,118.55000305175781,115.7699966430664,118.4000015258789,117.20030975341797,1311400,ETR
2022-12-13,119.79000091552734,120.77999877929688,116.83999633789062,118.3499984741211,117.15081024169922,1578400,ETR
2022-12-14,118.6500015258789,120.2300033569336,118.11000061035156,118.44000244140625,117.23990631103516,1565400,ETR
2022-12-15,117.9000015258789,118.43000030517578,116.36000061035156,116.79000091552734,115.60662078857422,1412900,ETR
2022-12-16,115.27999877929688,115.62999725341797,113.08000183105469,114.44999694824219,113.29032897949219,3267200,ETR
2022-12-19,114.44000244140625,114.75,112.62000274658203,113.13999938964844,111.99359893798828,1487900,ETR
2022-12-20,113.11000061035156,113.5999984741211,112.16999816894531,112.79000091552734,111.64714813232422,1363900,ETR
2022-12-21,113.43000030517578,114.16000366210938,113.02999877929688,114.0999984741211,112.94387817382812,1346700,ETR
2022-12-22,113.55999755859375,113.55999755859375,110.81999969482422,112.69999694824219,111.55805969238281,1165200,ETR
2022-12-23,112.55000305175781,113.62999725341797,112.33999633789062,113.43000030517578,112.2806625366211,1166400,ETR
2022-12-27,113.63999938964844,115.05999755859375,113.19000244140625,114.70999908447266,113.54769134521484,968500,ETR
2022-12-28,115.16000366210938,115.19999694824219,112.93000030517578,112.97000122070312,111.82532501220703,1011700,ETR
2022-12-29,113.5999984741211,115.05999755859375,112.5,114.08999633789062,112.93397521972656,834100,ETR
2022-12-30,114.13999938964844,114.29000091552734,111.48999786376953,112.5,111.3600845336914,906400,ETR
2023-01-03,111.41000366210938,111.69999694824219,106.33000183105469,109.12999725341797,108.02423095703125,2840900,ETR
2023-01-04,109.37000274658203,110.9000015258789,108.56999969482422,109.20999908447266,108.10342407226562,1586500,ETR
2023-01-05,108.37000274658203,109.01000213623047,103.16999816894531,103.66000366210938,102.60966491699219,2129900,ETR
2023-01-06,104.86000061035156,108.98999786376953,104.86000061035156,107.68000030517578,106.58892822265625,1780800,ETR
2023-01-09,107.51000213623047,108.80000305175781,106.94000244140625,108.45999908447266,107.36102294921875,1861100,ETR
2023-01-10,108.30999755859375,108.45999908447266,106.55999755859375,107.7300033569336,106.63842010498047,1333000,ETR
2023-01-11,107.7300033569336,108.9000015258789,107.66000366210938,108.79000091552734,107.68768310546875,1821400,ETR
2023-01-12,108.86000061035156,109.19000244140625,106.69000244140625,106.83999633789062,105.75743103027344,1484100,ETR
2023-01-13,106.19999694824219,106.94000244140625,105.80999755859375,106.55999755859375,105.48027038574219,1637200,ETR
2023-01-17,107.0199966430664,108.30000305175781,106.1500015258789,106.91000366210938,105.82672882080078,2624200,ETR
2023-01-18,107.29000091552734,109.94000244140625,106.47000122070312,107.58999633789062,106.49983215332031,3923400,ETR
2023-01-19,107.54000091552734,107.80999755859375,106.44999694824219,107.0,105.91581726074219,1542400,ETR
2023-01-20,107.04000091552734,107.47000122070312,105.27999877929688,107.44000244140625,106.35136413574219,1306000,ETR
2023-01-23,107.2300033569336,108.0999984741211,106.36000061035156,106.75,105.66835021972656,946100,ETR
2023-01-24,107.29000091552734,107.62999725341797,105.87999725341797,107.2699966430664,106.18307495117188,1006600,ETR
2023-01-25,106.52999877929688,107.88999938964844,106.08000183105469,107.5,106.41075134277344,1165300,ETR
2023-01-26,107.18000030517578,108.48999786376953,107.18000030517578,108.47000122070312,107.37092590332031,762900,ETR
2023-01-27,108.5199966430664,109.29000091552734,107.98999786376953,108.70999908447266,107.60848999023438,787600,ETR
2023-01-30,108.20999908447266,109.41000366210938,107.61000061035156,107.69000244140625,106.59883117675781,906700,ETR
2023-01-31,108.08999633789062,108.30000305175781,106.66999816894531,108.27999877929688,107.18284606933594,1640300,ETR
2023-02-01,107.75,109.93000030517578,107.66999816894531,109.20999908447266,108.10342407226562,1334800,ETR
2023-02-02,109.4800033569336,111.72000122070312,108.81999969482422,110.55000305175781,109.42984771728516,2160500,ETR
2023-02-03,109.75,110.33000183105469,106.29000091552734,108.08000183105469,106.98487854003906,1753500,ETR
2023-02-06,107.83999633789062,108.94000244140625,106.73999786376953,108.83000183105469,107.72727966308594,1859000,ETR
2023-02-07,108.23999786376953,108.23999786376953,106.12000274658203,107.76000213623047,106.66812133789062,1369400,ETR
2023-02-08,106.94999694824219,107.26000213623047,105.0199966430664,105.5999984741211,104.52999877929688,978500,ETR
2023-02-09,104.83000183105469,105.66000366210938,102.83999633789062,103.41000366210938,103.41000366210938,1036500,ETR
2023-02-10,103.7300033569336,105.83999633789062,103.55999755859375,105.79000091552734,105.79000091552734,756600,ETR
2023-02-13,105.76000213623047,106.30000305175781,105.45999908447266,105.83000183105469,105.83000183105469,1031200,ETR
2023-02-14,105.58999633789062,107.16000366210938,105.2300033569336,106.08999633789062,106.08999633789062,1986500,ETR
2023-02-15,105.88999938964844,107.66000366210938,105.5999984741211,107.55000305175781,107.55000305175781,1737400,ETR
2023-02-16,106.6500015258789,110.05999755859375,106.47000122070312,108.2699966430664,108.2699966430664,3080900,ETR
2023-02-17,108.38999938964844,110.2300033569336,107.80000305175781,109.43000030517578,109.43000030517578,1406400,ETR
2023-02-21,108.68000030517578,109.16000366210938,107.23999786376953,107.5999984741211,107.5999984741211,790100,ETR
2023-02-22,107.5199966430664,108.83999633789062,107.08999633789062,107.5,107.5,1613200,ETR
2023-02-23,107.66000366210938,108.08000183105469,107.08000183105469,107.22000122070312,107.22000122070312,1586700,ETR
2023-02-24,106.44000244140625,108.1500015258789,106.0999984741211,107.30999755859375,107.30999755859375,1545100,ETR
2023-02-27,107.66000366210938,108.69000244140625,105.9000015258789,106.08000183105469,106.08000183105469,1437100,ETR
2023-02-28,105.25,106.01000213623047,102.86000061035156,102.87000274658203,102.87000274658203,1560900,ETR
2023-03-01,101.88999938964844,102.62999725341797,100.7699966430664,101.41999816894531,101.41999816894531,1384700,ETR
2023-03-02,101.4800033569336,104.0199966430664,101.25,103.72000122070312,103.72000122070312,1327500,ETR
2023-03-03,104.19000244140625,105.19999694824219,103.22000122070312,105.06999969482422,105.06999969482422,1371200,ETR
2023-03-06,105.2699966430664,106.45999908447266,105.0999984741211,105.80999755859375,105.80999755859375,1135600,ETR
2023-03-07,105.87999725341797,106.26000213623047,102.72000122070312,103.0999984741211,103.0999984741211,1085100,ETR
2023-03-08,103.19000244140625,104.2699966430664,102.83999633789062,103.76000213623047,103.76000213623047,1464900,ETR
2023-03-09,104.08000183105469,105.30999755859375,102.76000213623047,102.86000061035156,102.86000061035156,1220400,ETR
2023-03-10,103.25,103.4000015258789,100.23999786376953,100.62000274658203,100.62000274658203,1276800,ETR
2023-03-13,100.58999633789062,104.08999633789062,100.16000366210938,101.8499984741211,101.8499984741211,1438000,ETR
2023-03-14,102.66999816894531,104.41999816894531,102.47000122070312,103.69000244140625,103.69000244140625,1453700,ETR
2023-03-15,103.55000305175781,106.29000091552734,102.94999694824219,105.08999633789062,105.08999633789062,1473600,ETR
2023-03-16,104.97000122070312,106.33999633789062,104.20999908447266,105.9000015258789,105.9000015258789,1096000,ETR
2023-03-17,105.13999938964844,105.9800033569336,103.94999694824219,104.56999969482422,104.56999969482422,2646100,ETR
2023-03-20,104.9000015258789,106.47000122070312,104.77999877929688,106.06999969482422,106.06999969482422,1349500,ETR
2023-03-21,105.94999694824219,105.94999694824219,102.16999816894531,103.1500015258789,103.1500015258789,1337900,ETR
2023-03-22,102.54000091552734,103.02999877929688,100.37000274658203,100.43000030517578,100.43000030517578,769100,ETR
2023-03-23,100.31999969482422,101.55000305175781,99.69999694824219,100.3499984741211,100.3499984741211,2079500,ETR
2023-03-24,100.43000030517578,103.69000244140625,100.0999984741211,103.69000244140625,103.69000244140625,1311400,ETR
2023-03-27,104.31999969482422,105.33999633789062,103.93000030517578,104.51000213623047,104.51000213623047,1214600,ETR
2023-03-28,104.48999786376953,106.11000061035156,104.08000183105469,105.08000183105469,105.08000183105469,882600,ETR
2023-03-29,105.75,106.63999938964844,105.75,106.16000366210938,106.16000366210938,621600,ETR
2023-03-30,106.41999816894531,107.41000366210938,106.41999816894531,107.0999984741211,107.0999984741211,79278,ETR
